$MeshFormat
2.2 0 8
$EndMeshFormat
$PhysicalNames
4
1 1 "Bottom Boundary"
1 2 "Left Boundary"
1 3 "Neumann Boundary"
2 4 "Surface"
$EndPhysicalNames
$Nodes
6181
1 25.4 0 0
2 254 0 0
3 254 254 0
4 0 254 0
5 0 45.72 0
6 26.64672109114251 0 0
7 27.89344218228529 0 0
8 29.14016327342829 0 0
9 30.38700105662158 0 0
10 31.7444291242656 0 0
11 33.33361965107706 0 0
12 35.1948390498484 0 0
13 37.37515150073651 0 0
14 39.92963183380554 0 0
15 42.92277350056798 0 0
16 46.43012242984132 0 0
17 50.54018879452486 0 0
18 55.35668242320201 0 0
19 61.0011350071358 0 0
20 67.61596166075341 0 0
21 75.36806200864822 0 0
22 84.45302244248595 0 0
23 94.41970033321729 0 0
24 104.3934690623579 0 0
25 114.3672377914986 0 0
26 124.3410065206392 0 0
27 134.3147752497798 0 0
28 144.2885439789346 0 0
29 154.2623127081229 0 0
30 164.2360814373111 0 0
31 174.2098501664993 0 0
32 184.1836188956876 0 0
33 194.1573876248758 0 0
34 204.131156354064 0 0
35 214.1049250832522 0 0
36 224.0786938124419 0 0
37 234.0524625416333 0 0
38 244.0262312708227 0 0
39 26.02336054557126 0 0
40 27.2700816367139 0 0
41 28.51680272785672 0 0
42 29.76358216502497 0 0
43 31.06571509044357 0 0
44 32.53902438767139 0 0
45 34.26422935046278 0 0
46 36.28499527529267 0 0
47 38.65239166727076 0 0
48 41.4262026671868 0 0
49 44.6764479652051 0 0
50 48.48515561218269 0 0
51 52.94843560886462 0 0
52 58.17890871516888 0 0
53 64.30854833394508 0 0
54 71.49201183469832 0 0
55 79.9105422255677 0 0
56 89.43636138784936 0 0
57 99.40658469778552 0 0
58 109.3803534269348 0 0
59 119.3541221560672 0 0
60 129.3278908852058 0 0
61 139.3016596143505 0 0
62 149.2754283435245 0 0
63 159.249197072717 0 0
64 169.2229658019078 0 0
65 179.1967345310929 0 0
66 189.1705032602791 0 0
67 199.1442719894699 0 0
68 209.1180407186575 0 0
69 219.0918094478471 0 0
70 229.0655781770364 0 0
71 239.0393469062308 0 0
72 249.013115635406 0 0
73 254 9.769230769193978 0
74 254 19.53846153838496 0
75 254 29.30769230758018 0
76 254 39.07692307676515 0
77 254 48.84615384594671 0
78 254 58.61538461512826 0
79 254 68.38461538432071 0
80 254 78.15384615352959 0
81 254 87.92307692273847 0
82 254 97.69230769194736 0
83 254 107.4615384611562 0
84 254 117.2307692303651 0
85 254 126.9999999995768 0
86 254 136.7692307688376 0
87 254 146.5384615381011 0
88 254 156.3076923073646 0
89 254 166.0769230766282 0
90 254 175.8461538458917 0
91 254 185.6153846151552 0
92 254 195.3846153844188 0
93 254 205.1538461536823 0
94 254 214.9230769229459 0
95 254 224.6923076922094 0
96 254 234.4615384614729 0
97 254 244.2307692307365 0
98 254 4.88461538459716 0
99 254 14.65384615378801 0
100 254 24.4230769229832 0
101 254 34.19230769217359 0
102 254 43.9615384613569 0
103 254 53.73076923053846 0
104 254 63.49999999972448 0
105 254 73.26923076892616 0
106 254 83.03846153813249 0
107 254 92.8076923073431 0
108 254 102.5769230765522 0
109 254 112.3461538457607 0
110 254 122.1153846149717 0
111 254 131.8846153842077 0
112 254 141.65384615347 0
113 254 151.4230769227331 0
114 254 161.1923076919967 0
115 254 170.9615384612601 0
116 254 180.7307692305253 0
117 254 190.499999999787 0
118 254 200.2692307690487 0
119 254 210.0384615383139 0
120 254 219.8076923075773 0
121 254 229.5769230768409 0
122 254 239.346153846104 0
123 254 249.1153846153671 0
124 244.2307692308241 254 0
125 234.4615384616482 254 0
126 224.6923076924723 254 0
127 214.9230769232964 254 0
128 205.1538461541205 254 0
129 195.3846153849446 254 0
130 185.6153846157687 254 0
131 175.8461538465928 254 0
132 166.0769230774169 254 0
133 156.307692308241 254 0
134 146.5384615390651 254 0
135 136.7692307698892 254 0
136 127.000000000705 254 0
137 117.2307692314225 254 0
138 107.4615384621374 254 0
139 97.6923076928521 254 0
140 87.9230769235669 254 0
141 78.15384615428169 254 0
142 68.38461538499647 254 0
143 58.61538461571126 254 0
144 48.84615384642609 254 0
145 39.07692307714083 254 0
146 29.30769230785563 254 0
147 19.53846153857043 254 0
148 9.769230769285201 254 0
149 249.1153846154089 254 0
150 239.3461538462402 254 0
151 229.5769230770616 254 0
152 219.8076923078852 254 0
153 210.03846153871 254 0
154 200.2692307695317 254 0
155 190.5000000003564 254 0
156 180.7307692311832 254 0
157 170.9615384620027 254 0
158 161.1923076928285 254 0
159 151.4230769236534 254 0
160 141.6538461544757 254 0
161 131.8846153852953 254 0
162 122.1153846160613 254 0
163 112.346153846779 254 0
164 102.5769230774898 254 0
165 92.80769230821153 254 0
166 83.03846153892428 254 0
167 73.26923076963908 254 0
168 63.50000000035385 254 0
169 53.73076923106666 254 0
170 43.96153846178939 254 0
171 34.19230769249918 254 0
172 24.42307692321415 254 0
173 14.65384615392469 254 0
174 4.884615384643695 254 0
175 0 244.0345981605049 0
176 0 234.0691963210028 0
177 0 224.103794481498 0
178 0 214.138392642014 0
179 0 204.1729908025266 0
180 0 194.2075889630308 0
181 0 184.242187123535 0
182 0 174.2767852840502 0
183 0 164.3113834445545 0
184 0 154.3459816050697 0
185 0 144.3805797655497 0
186 0 134.4151779259977 0
187 0 124.449776086449 0
188 0 114.4843742469088 0
189 0 104.5302399795955 0
190 0 95.48802412324835 0
191 0 87.77145927949221 0
192 0 81.18618513211462 0
193 0 75.56633078383976 0
194 0 70.77034272179858 0
195 0 66.67741747177635 0
196 0 63.1844587130777 0
197 0 60.2034821098928 0
198 0 57.65939407954792 0
199 0 55.48810125744185 0
200 0 53.63489301855694 0
201 0 52.05305886979914 0
202 0 50.7027023714322 0
203 0 49.45702568982645 0
204 0 48.21135045988507 0
205 0 46.965675229944 0
206 0 249.0172990802575 0
207 0 239.0518972407544 0
208 0 229.0864954012484 0
209 0 219.1210935617569 0
210 0 209.1556917222653 0
211 0 199.1902898827802 0
212 0 189.2248880432778 0
213 0 179.2594862037868 0
214 0 169.2940843643027 0
215 0 159.3286825248083 0
216 0 149.3632806853184 0
217 0 139.3978788457768 0
218 0 129.4324770062154 0
219 0 119.4670751666801 0
220 0 109.507307113254 0
221 0 100.0091320514286 0
222 0 91.62974170137028 0
223 0 84.47882220580229 0
224 0 78.37625795797544 0
225 0 73.16833675281833 0
226 0 68.72388009678596 0
227 0 64.9309380924262 0
228 0 61.69397041148525 0
229 0 58.93143809472093 0
230 0 56.57374766849497 0
231 0 54.56149713799917 0
232 0 52.84397594417831 0
233 0 51.3778806206156 0
234 0 50.07986403062992 0
235 0 48.83418807485654 0
236 0 47.58851284491473 0
237 0 46.34283761497116 0
238 1.237617351901606 45.6656950309582 0
239 2.465845665148757 45.50404290504704 0
240 3.675933952716124 45.23867737925006 0
241 4.860281501840627 44.87518279029162 0
242 6.012744580714585 44.42051738157676 0
243 7.128726862955947 43.88240718938877 0
244 8.205092822505808 43.26881213701118 0
245 9.239972816475856 42.58751699285309 0
246 10.23252039715303 41.84585887854119 0
247 11.18267098750904 41.05057243761408 0
248 12.09092580994795 40.20772590322665 0
249 12.95817463513162 39.32271736294935 0
250 13.78555592868646 38.40030951265975 0
251 14.57435323835823 37.44468263578588 0
252 15.32591913812674 36.45949665494555 0
253 16.04162924183091 35.44794303351237 0
254 16.72282785424258 34.41282860396502 0
255 17.37082228677927 33.35660485095673 0
256 17.98686155125031 32.28142359588772 0
257 18.57212666082067 31.18918082595255 0
258 19.12772817222121 30.08154996840343 0
259 19.65470446640785 28.96001379791905 0
260 20.15402277813137 27.82589055864592 0
261 20.62658135950621 26.68035641065789 0
262 21.07321235877665 25.52446464977014 0
263 21.49468521858423 24.35916180468621 0
264 21.89170977118218 23.18530267806781 0
265 22.26494009761303 22.0036613666235 0
266 22.61497775870019 20.81494199737597 0
267 22.9423750245486 19.61978765111431 0
268 23.24763791049622 18.41878807976158 0
269 23.5312289504581 17.21248661939457 0
270 23.7935699592612 16.00138533514291 0
271 24.035044224368 14.78595087202258 0
272 24.25599874078146 13.56661863850218 0
273 24.4567461960579 12.34379650776894 0
274 24.63756659442441 11.11786903453987 0
275 24.79870896096334 9.889199650981622 0
276 24.94039258685994 8.658134271717946 0
277 25.06280826715597 7.425003657550748 0
278 25.16611936684324 6.190125417526218 0
279 25.25046264983172 4.953806671745308 0
280 25.31594904664662 3.716345695841355 0
281 25.36266423388905 2.478033895485878 0
282 25.39066908626947 1.239157640921686 0
283 0.6194033059502272 45.70640371025085 0
284 1.85347390792731 45.59811197507337 0
285 3.073664015236161 45.38401469735212 0
286 4.271745505040794 45.06878627944323 0
287 5.440821824549979 44.65877476499038 0
288 6.575524116417363 44.16139539921605 0
289 7.672005659268553 43.58455077767638 0
290 8.727792538699479 42.93615568702683 0
291 9.741557808814601 42.22379716134463 0
292 10.71287497803208 41.45452404074102 0
293 11.64198705925969 40.63474135380926 0
294 12.52960928992652 39.77017987104648 0
295 13.37677084566364 38.86591418770482 0
296 14.18469381856047 37.9264084053152 0
297 14.95470417067236 36.95557477652413 0
298 15.68817154380263 35.95683143025255 0
299 16.38645941259849 34.93317035796221 0
300 17.05089600196006 33.88721445498744 0
301 17.68276087565798 32.8212598130896 0
302 18.28326977593156 31.73732550190145 0
303 18.85356878845633 30.63719207698681 0
304 19.39473237485291 29.52243407629826 0
305 19.90776314139966 28.3944489667824 0
306 20.39359350945242 27.25448135295833 0
307 20.85308828650408 26.10364374729059 0
308 21.28704784401726 24.9429341666197 0
309 21.69621137974932 23.77325165221124 0
310 22.08126042213162 22.59540926097184 0
311 22.44282237689305 21.41014490796129 0
312 22.78147376725946 20.21813116222682 0
313 23.09774336957251 19.01998354352904 0
314 23.39211511864919 17.81626781606629 0
315 23.66503087987064 16.60750600160817 0
316 23.91689292018936 15.3941818575459 0
317 24.1480661247388 14.17674588508183 0
318 24.35888010546783 12.95561926054163 0
319 24.54963100115046 11.73119778078188 0
320 24.72058314609482 10.5038550680748 0
321 24.87197053704598 9.273945460158025 0
322 25.00399807719927 8.041806992432994 0
323 25.11684272852089 6.807763566430613 0
324 25.21065445388986 5.572127286886525 0
325 25.28555701819456 4.33520061196797 0
326 25.34164866001955 3.097278150650878 0
327 25.37900260639148 1.858648574494039 0
328 25.39766746066916 0.6195963892276832 0
329 74.1067834583241 79.96790998255423 0
330 36.31261796393886 68.49919108498126 0
331 54.63386416514758 34.87552571460193 0
332 148.9899526026522 151.3720880589688 0
333 42.68153730453588 19.5030835175066 0
334 15.45745762835648 56.38453621415198 0
335 30.85412290447245 46.29760828973451 0
336 77.12053752158623 177.2628799261662 0
337 177.2349222429417 78.09231719867093 0
338 34.67103479093544 31.57626129772274 0
339 35.3868788866026 10.09363027780629 0
340 193.2281411858045 193.5228281110782 0
341 32.78713847242226 21.37199019564018 0
342 124.1588752132809 57.60014112593552 0
343 199.7439244366637 127.1579327972466 0
344 126.34029839094 199.672205807693 0
345 19.85325311951357 47.03341190568587 0
346 99.70748035806879 128.8176395180041 0
347 23.29676707287152 39.40575719727494 0
348 6.685365957937742 51.29280621557439 0
349 26.028356420524 32.67942038351239 0
350 51.80115994218967 129.909014336008 0
351 12.23969615708988 48.2456352392911 0
352 30.97410980478328 6.219114840592641 0
353 46.19122321708802 208.6429104904316 0
354 209.4772992227187 44.70932665344061 0
355 140.9178466497531 105.7710343392606 0
356 28.01906337178264 25.95489975891793 0
357 30.68943334611844 15.35923254874479 0
358 91.9814046216265 36.9347709884416 0
359 30.72362211134453 101.9887827175842 0
360 15.94294839386511 72.4561502122542 0
361 159.7568853288683 41.74236905855292 0
362 213.7805503626961 90.14038817042179 0
363 90.50443650663203 214.2363481552663 0
364 39.22259912168337 164.2871229884256 0
365 215.6622847631755 161.8705659316898 0
366 162.5558467258526 215.1037620957987 0
367 30.56075184644486 38.76340959002524 0
368 25.98079502509236 56.24866813609316 0
369 115.0211364518774 164.8120971597161 0
370 18.25799421746883 41.33514650596855 0
371 7.863401196758 59.23262624078011 0
372 107.998722016245 88.11744323120934 0
373 49.82883895907829 53.34885065392926 0
374 218.8105145024722 219.3642543806737 0
375 60.58567798997725 17.96096859850006 0
376 14.52109166403531 43.7807284828245 0
377 29.60694059850855 10.57800487288699 0
378 26.99632265511858 21.35521114280872 0
379 162.9339354788027 181.4217045070069 0
380 36.79194419172163 16.19590409528812 0
381 184.3283881751025 157.9182424981658 0
382 44.5498351915023 8.343421833561832 0
383 21.61994773080215 35.02651037977748 0
384 172.7580632773347 109.2305071378114 0
385 72.14776741155224 50.38864084557651 0
386 43.1013968854713 40.01608963036176 0
387 24.06354344516547 28.70386512283485 0
388 77.03352710232018 146.0872184040156 0
389 75.06527714454305 111.9692279221997 0
390 8.296574823869783 47.91249979238107 0
391 146.289224631626 76.61140194904981 0
392 223.2163758847561 189.5967172763386 0
393 190.847569549064 224.1623084995898 0
394 18.97877276143052 37.72256852301508 0
395 132.7537183282676 28.79340843990523 0
396 27.36112299369575 17.65023172487962 0
397 45.42723599113459 28.843006615445 0
398 36.87331019833243 5.023379483453734 0
399 225.6695964455938 115.9137296394328 0
400 115.9151049383282 225.669735041533 0
401 128.6783435848913 132.6860210330422 0
402 3.800306748323945 49.08682515572681 0
403 186.5800837390877 28.56527533545015 0
404 95.97013652077499 64.83815132373965 0
405 22.28598573866375 31.53967872644937 0
406 227.2944683923081 65.76270675030908 0
407 65.64810221091665 225.3835411551474 0
408 104.4687501569413 190.1405482238943 0
409 27.01055610923732 143.024651330834 0
410 26.45615000530737 227.3818755302602 0
411 227.8001918693739 26.59319360545482 0
412 28.6973713707635 3.507368309826392 0
413 26.31827187573629 190.4129052806682 0
414 55.96417593614799 73.24845975896559 0
415 11.49581703005087 53.40972366319077 0
416 16.9066927559636 50.76714249120641 0
417 73.90847844803974 31.82697742743625 0
418 27.74587883693536 13.93737606405005 0
419 135.5109239519763 175.1735292628378 0
420 169.2430554667833 134.1887901964402 0
421 11.47521517668511 44.77430612101094 0
422 184.6693418063377 53.41375335371384 0
423 228.1149623419024 140.5752236894956 0
424 140.7244574064058 228.9827976299409 0
425 3.320109704723184 52.52248153781069 0
426 69.82339419197459 199.6252710702695 0
427 28.38003683822873 7.373050422848923 0
428 36.46946933113437 57.03772613661585 0
429 25.1286602296479 24.04820865295761 0
430 27.79873300994755 29.48639983347923 0
431 17.44885082942431 90.84379418552925 0
432 20.3959211480893 64.91527110124467 0
433 25.36811177750221 36.1081469801193 0
434 32.99935983403243 26.55723031480022 0
435 38.86716574042126 24.34182758177724 0
436 21.94871428768202 43.42098629360914 0
437 203.2127925845571 67.88581134507754 0
438 30.68233350082107 81.46104337381227 0
439 56.4882748244372 98.82893391325076 0
440 111.5362821069447 25.65356575714652 0
441 9.651157493882939 68.20087457750844 0
442 15.96470162015423 47.38591081821932 0
443 17.904525022262 44.8079132961623 0
444 118.6187230297087 110.1733494117489 0
445 194.2357685585874 95.97427664476884 0
446 15.27530385474966 41.17356179715583 0
447 23.26903630126311 119.9632653080402 0
448 49.95432897292602 186.3422352266084 0
449 31.79351034551005 3.139416209541879 0
450 60.10752734189044 161.5457995114076 0
451 30.33931002069543 19.81496525717464 0
452 93.92169346576786 160.5739311245941 0
453 150.461573794817 124.298105516954 0
454 3.874721957085979 56.32438202801039 0
455 27.37592130143625 43.33783147762566 0
456 30.68580489383481 32.97466469494551 0
457 149.0002768862827 200.3364041072342 0
458 206.1439489973117 20.33166459254129 0
459 161.1170470555275 61.91165381153259 0
460 33.04836360025013 18.03183702256973 0
461 95.0345950155325 108.5458574485292 0
462 23.69811938889503 26.29072091680427 0
463 196.9851853152688 170.8154476709047 0
464 32.6088907956026 12.28472905693284 0
465 75.94730970563934 14.98931827573512 0
466 233.2223422047869 233.222342204798 0
467 159.8228761784466 93.33941177807689 0
468 51.4714457702412 15.85133906828293 0
469 124.7671977952168 78.16027150531475 0
470 29.62667939427617 23.2536578382058 0
471 153.013894921245 20.30398701202535 0
472 236.3480662775185 172.0011407126199 0
473 170.5127450565982 234.7820607511539 0
474 5.794256742355481 47.56342319495786 0
475 232.9812217631394 46.40319944757839 0
476 45.62926370193268 233.4643271772998 0
477 232.6792457884844 96.02694363744928 0
478 97.05636287909476 233.4461672184868 0
479 16.53491576717832 38.75235405708254 0
480 145.043149468274 50.35500459570837 0
481 172.2349896508504 199.9743343714254 0
482 200.7521473710266 147.3913763234739 0
483 25.33218712324259 48.2357398972643 0
484 22.28478314100798 51.89449362730461 0
485 25.26440811592387 19.27144228799011 0
486 19.2881906013087 35.08338776670796 0
487 32.57023134002776 8.92868952892821 0
488 9.861721904500593 50.27487170283587 0
489 27.14427068915898 11.05060120861894 0
490 18.30161981590674 161.5490598746085 0
491 130.6255130025763 151.0463874769581 0
492 17.84421469595577 208.8166418912938 0
493 36.94518661814153 42.79013306639959 0
494 41.42911810775949 4.76583679970316 0
495 206.4268834533273 108.0514735046845 0
496 40.37793017667403 12.23047147107557 0
497 233.5124322846084 206.4595898757713 0
498 206.6504102359461 235.2640278113802 0
499 46.20103230090235 148.9910961457928 0
500 110.9296725795295 144.3390066695809 0
501 12.68320915792694 62.64260072113177 0
502 9.328422310464168 45.46972581741693 0
503 108.6017991427839 206.2296916259075 0
504 52.65551871993272 7.520437758548831 0
505 53.50696055724552 25.15719336391336 0
506 110.7214778100537 42.61005728916101 0
507 165.7212308661525 163.0638945077677 0
508 42.79520570843388 78.65265558662188 0
509 20.03604787339885 32.92849584228641 0
510 36.41409220075055 36.78771947138701 0
511 26.28644873768727 15.5083891669478 0
512 20.49599637591097 40.08270651257602 0
513 13.62522380967851 46.14420443193638 0
514 119.6781794949477 179.8080814259548 0
515 24.5125064442031 21.45186310824182 0
516 201.8569469973644 213.1078445787404 0
517 21.81445258319617 29.49890086677143 0
518 179.7561016680483 179.9896861478325 0
519 89.94577492269434 90.25241964910425 0
520 21.20750529095959 37.4913536626487 0
521 27.48677253915132 5.01044707982888 0
522 93.34313957057289 18.07141231509605 0
523 8.092757916005334 54.74105985466252 0
524 83.68399349779845 130.9170243086348 0
525 172.0399928233242 18.56757855361134 0
526 23.77937558361431 33.95516179750913 0
527 29.93726413727589 12.90843560292589 0
528 12.95437087735446 42.28318605468269 0
529 126.2046935771884 96.64892923911417 0
530 25.98820242842959 27.27386989798728 0
531 45.7473349877465 112.5738524376748 0
532 58.8550435012337 46.25138270867484 0
533 27.11523256060584 39.53311883773017 0
534 8.406309171207592 75.41527881380054 0
535 236.3967178729614 80.08315563643748 0
536 79.02809182397847 235.9955330334485 0
537 15.5136009321312 105.5499306916 0
538 1.942124192746643 47.59478843667235 0
539 38.75255626046714 8.234415177386403 0
540 93.6393521632121 143.338152939619 0
541 189.7900551747403 110.1960995286505 0
542 87.41434047566487 197.6345215310093 0
543 20.94115682102188 56.94666899690893 0
544 208.9520924985637 186.2150434510139 0
545 27.27207388278473 23.50755533060183 0
546 46.27550006810208 63.00311767848391 0
547 137.3130377753881 212.6821200290481 0
548 78.76948452660842 65.20017624166317 0
549 185.4729903555891 141.2879238297606 0
550 216.4143562126984 129.4853454824747 0
551 28.08712353510794 64.06700180824664 0
552 31.27897873915879 29.63781596246342 0
553 60.40960493775684 58.48220454817282 0
554 26.01225729237219 72.1625786864427 0
555 237.9249175215432 155.5946805459874 0
556 155.706955877448 237.7718508339919 0
557 29.68619140587829 51.79830783961185 0
558 1.927016531327109 49.96000408187567 0
559 68.53722178738869 130.3839385607662 0
560 27.31490934553002 1.889520899584197 0
561 24.22522679075033 31.01929219996959 0
562 237.2972935289019 126.4420962896088 0
563 126.9131757307429 238.0768585872822 0
564 11.32460674217328 57.14258300670233 0
565 5.148636552483055 63.59231562691889 0
566 16.60810458347527 42.84734196465016 0
567 28.32414028652888 35.21385844874942 0
568 156.5048218954124 109.8087011915072 0
569 15.53165653392037 178.2649452396018 0
570 26.79815448620299 8.948730320804604 0
571 113.0186587133884 68.80112190094718 0
572 61.76396829970252 9.397632664029734 0
573 28.43176167968925 15.79678764983326 0
574 6.756206191660202 49.21469641612046 0
575 29.76730634710029 17.64865778312808 0
576 185.9496982490108 209.7066248069326 0
577 39.49530865716162 29.22273352845304 0
578 33.79319811348002 6.358511285314013 0
579 33.32938084669259 15.11455122781794 0
580 15.46490079365613 238.6404385508298 0
581 238.3792426256296 15.30070096504669 0
582 104.4772875413774 174.1205314617985 0
583 35.90067113989776 20.08546613694941 0
584 7.271802262263948 45.91318523144444 0
585 214.4180137551853 202.3408264741061 0
586 125.1419801060328 15.04272372721961 0
587 13.53826480360583 50.94384374339398 0
588 149.2107423120362 166.1300191175318 0
589 10.25271797025831 47.39236476769351 0
590 36.39382957307978 49.83581254377783 0
591 60.65281954568701 116.7055381570426 0
592 30.24725724097662 8.711276744513867 0
593 27.71420025908817 19.56899357388647 0
594 34.67544113398947 2.624171174758695 0
595 192.424045711017 81.37359639244325 0
596 25.49129531819752 17.11573893194635 0
597 63.08883130109525 28.52412447283094 0
598 177.3869397773342 39.4521835376614 0
599 88.30395107981454 51.9461112221785 0
600 45.0609999765068 14.51145113082887 0
601 17.1427910032087 37.11930867926915 0
602 72.24404831455135 96.23962327419454 0
603 34.95342062209647 129.7821879484395 0
604 176.8402520585013 94.30164330384606 0
605 75.72461934781309 161.2631155296245 0
606 29.65652597459777 1.95644756217158 0
607 42.58895512864201 47.11860918104905 0
608 51.90007402940746 43.75531963174873 0
609 141.4056103567497 90.1234102211878 0
610 59.80530438185143 211.8848336499512 0
611 193.1665256841312 41.25525682301711 0
612 239.4648750316799 189.9756181181226 0
613 189.5410596144555 238.6797089775029 0
614 15.26223756904057 133.3779831839681 0
615 42.07896704594678 34.12991483569821 0
616 61.09868604234268 146.411474936097 0
617 61.98894565131627 176.1995408645209 0
618 136.3367310719105 63.65725336030178 0
619 75.15896469693459 215.007472638593 0
620 161.5572825519143 76.59827274164638 0
621 125.0328460411907 41.83429600398059 0
622 5.808137253907478 53.85057932237072 0
623 112.3461538467799 240.1174056188709 0
624 240.1183645625821 112.3461538457607 0
625 192.8696871984139 14.75890572570784 0
626 3.868721889379815 46.97163386528463 0
627 22.19495098653064 27.45808872723051 0
628 146.3176086879344 35.92359230689334 0
629 139.8169434719498 13.2128941281335 0
630 47.0610981958501 23.0126100012383 0
631 131.0476765145157 118.315842496966 0
632 220.2501734649682 14.67477011087958 0
633 181.2646665970439 124.2216933076325 0
634 167.933335955079 146.8888867278008 0
635 218.7493517471274 148.6172013160088 0
636 115.528793307744 127.5840688679347 0
637 221.2455906841739 176.8321407326853 0
638 18.44953497113795 39.46041714968632 0
639 141.7735069349898 139.3340454541083 0
640 23.36273818057312 24.42513123212667 0
641 240.094020315354 220.3901667078867 0
642 220.3903871559052 240.0941108178819 0
643 176.6888256558227 219.6822899846463 0
644 213.3508264108001 60.2795449457125 0
645 29.45735548158969 5.113008808360195 0
646 215.7155851742027 75.39475267820107 0
647 16.87139853958319 61.31003262058324 0
648 33.58244928166832 240.4292275420334 0
649 240.1599425717663 33.34617157909258 0
650 239.6387030602559 59.16848591819512 0
651 59.6453307422909 239.6776825690214 0
652 13.72409303571618 148.9517785401245 0
653 36.14681300705072 13.45670946532748 0
654 16.14818784496134 82.28271859621731 0
655 122.5379674307727 213.1551908638973 0
656 20.60734586002103 31.19193172303562 0
657 40.23551675409675 195.228104033963 0
658 36.02422865058682 179.2113577584994 0
659 98.6891292728685 78.78431489087856 0
660 57.74140454639188 88.0854476413039 0
661 2.459612389775395 54.77207719888733 0
662 4.783501175814632 50.83875530389163 0
663 46.52651796633494 5.167102560122313 0
664 31.92083254143035 213.3296235458305 0
665 30.4922994546981 25.73956221833083 0
666 220.2758478620252 103.305034010518 0
667 102.5822581362521 219.6805256826767 0
668 8.83504794535818 52.70785442897972 0
669 199.074599092614 55.28410865824571 0
670 147.7133691966947 184.8321420053863 0
671 26.23698136888918 12.39677642070685 0
672 221.7236138085211 38.33605752948636 0
673 19.59544250508829 42.92285774442779 0
674 165.2827719776161 120.931948959953 0
675 23.4971066991004 36.45059075883584 0
676 26.99922931403422 3.802862110655739 0
677 14.18302192115172 222.1643369172169 0
678 4.082718726537994 60.32968860259402 0
679 21.9925107463968 33.28989041199726 0
680 35.15628755634449 23.84778246497044 0
681 42.79403063559654 93.00277595580468 0
682 11.60698384204436 42.97100070478406 0
683 26.69148525376693 6.95367563821527 0
684 186.8631353490044 64.42220820822229 0
685 13.33928589633836 194.6532415816571 0
686 90.48540208404309 181.0922181168146 0
687 129.5305504922898 167.9728219919955 0
688 38.53255069717345 3.269326523673556 0
689 26.22902152425266 29.78879992777956 0
690 32.64277110581293 58.21023985160271 0
691 31.62683233469596 43.03996890111909 0
692 29.41410472142826 27.79447732829998 0
693 7.449711733563048 84.22906398559273 0
694 86.70760337305113 26.37576666159662 0
695 32.28604889998462 24.04723240783806 0
696 114.4741861653496 196.8254478705445 0
697 55.54539818515498 199.2393096253883 0
698 70.7813226924863 70.55897586199819 0
699 23.55938392314494 46.74066966777966 0
700 155.754894628401 138.5319995333786 0
701 15.54121183358322 45.82315226452971 0
702 32.01494891508514 155.6478751459913 0
703 33.67170940816035 35.63881070173831 0
704 28.69378731955529 12.17441921013892 0
705 107.8767353483138 55.42747795316123 0
706 24.55222389032535 42.12451263559772 0
707 28.56049975819158 9.330351812525304 0
708 49.33579249277147 35.39209025507401 0
709 12.1558512728396 46.3507883344048 0
710 15.14513385693066 39.36178166570922 0
711 103.8672430943116 154.3171026839992 0
712 18.51458210078825 49.14496638774311 0
713 133.8344233769234 188.6654040560993 0
714 63.62165516805736 39.44426114482487 0
715 84.24937879717442 101.9397829193082 0
716 9.996797882033299 43.62576866328193 0
717 18.54200828876435 55.17213938114175 0
718 29.36936818644479 20.97295197127695 0
719 32.90838682757683 4.728626629415922 0
720 14.52858737424732 54.01183457590101 0
721 171.1365027246812 52.44999362075527 0
722 195.9852256597038 158.6892905529346 0
723 145.9135544181121 218.7348729614444 0
724 13.21816702652952 43.94088589964203 0
725 50.26804024564188 221.4224720082527 0
726 159.9579238366969 200.2867638880695 0
727 244.5990987965388 141.2186780413285 0
728 141.2662658935206 245.6145006118043 0
729 36.7570334198731 27.68862591933404 0
730 20.20739694057094 36.44276696621121 0
731 26.29495877006782 25.33208707278714 0
732 13.88806900281777 40.73066707770866 0
733 69.91568324857752 188.4474476571488 0
734 16.56285372150542 67.89811318409858 0
735 14.02485868171189 47.86209752507811 0
736 28.67722824525577 31.81126236565268 0
737 23.70060442047085 22.5601418561821 0
738 90.05470403629653 117.0272747937197 0
739 83.06197655530224 40.69168889350698 0
740 148.6648135852519 64.6510347452795 0
741 108.2980714400954 102.4449305854697 0
742 106.7546554041456 115.9429969172915 0
743 69.87072695773466 8.947994473089935 0
744 16.95278463368887 40.65397910122239 0
745 31.27231908493658 112.5007268951991 0
746 1.821147802792841 52.08039391570247 0
747 8.624483089459872 49.743416231086 0
748 201.6788881932839 81.07898474359921 0
749 87.40061336902249 75.65983955533281 0
750 31.74282403140821 10.68526143418977 0
751 176.6935171539707 168.1781337268621 0
752 27.83809800500919 172.9215499674277 0
753 25.00192685774322 61.30025593135468 0
754 128.224625593977 227.8812545875658 0
755 49.39429028870557 174.5657920639745 0
756 26.10100280967099 22.65245622839784 0
757 4.466129364982491 68.0581447701737 0
758 70.76524876667587 20.48384405384746 0
759 96.61807182673496 204.4078788066199 0
760 207.8612092856835 220.3479991246196 0
761 202.1433467621916 36.28443985203997 0
762 171.4616324687087 30.81273698983402 0
763 29.63938632266027 6.886405365211526 0
764 82.05837765244353 223.129305827213 0
765 240.2483396679476 240.2268642012977 0
766 226.3446362532059 86.80896643717767 0
767 30.56286547695639 3.827365128647656 0
768 40.2221640055918 16.24468259804075 0
769 122.0275645562929 31.40370269409712 0
770 24.35755878369071 20.12737311282553 0
771 103.5044016251956 11.91026846751181 0
772 204.0765968676031 96.54976728907441 0
773 176.6954085004763 144.8276138671128 0
774 25.59320595774904 13.9048902635282 0
775 29.08754928343319 14.15064513701181 0
776 43.42592142758588 52.37270345738396 0
777 22.03280501173147 41.82377604596554 0
778 47.10644453027602 18.50490950450324 0
779 22.90628880602079 49.12602810133986 0
780 36.41620840658857 8.336832305780685 0
781 5.375742119068929 48.89047348004618 0
782 171.644942091156 66.39505602375489 0
783 150.0992102419134 95.87698138070436 0
784 204.7482603395363 196.0543185309937 0
785 18.86547740491105 33.65152178384461 0
786 43.54011494205307 23.16839919225321 0
787 14.73493346857458 42.48618562488325 0
788 102.8575892576483 31.35826114717367 0
789 25.87819403775952 52.96612659916926 0
790 225.280521143115 155.2219154581231 0
791 29.8101909276858 203.1125400466229 0
792 43.65733771307217 70.21081779987155 0
793 181.4746767096966 11.80971113828589 0
794 17.55934469983588 35.81291489747529 0
795 160.6641756272922 11.52782829483908 0
796 20.74090005366699 79.2955366568507 0
797 9.674428763718712 93.76276062868737 0
798 49.22041562814266 11.6414223711634 0
799 154.7840268747055 49.41124396963601 0
800 141.1536900179396 157.433703628561 0
801 22.89461213013935 30.52030848651526 0
802 26.4438620582175 92.99185678873903 0
803 49.3654203471105 160.2722773970589 0
804 10.68186018844559 48.90196988733636 0
805 65.1648043129735 105.9939271387481 0
806 32.06202850527675 74.51622540787262 0
807 95.78708001026924 46.31537560258442 0
808 224.1019044728686 50.28839596544368 0
809 7.981853353248242 119.8596767289611 0
810 209.3441260291357 120.0136434895169 0
811 244.6686278887898 181.1162063784094 0
812 180.8938444155541 244.1078050905042 0
813 207.0842528543484 136.7373508365712 0
814 160.9645826272225 228.1251592901872 0
815 31.31060402117205 16.85398471840826 0
816 38.38970632389616 225.2598402272584 0
817 25.21132541628674 34.25898228128341 0
818 8.656281512940131 62.3736359749297 0
819 215.9767313056199 27.83979049991012 0
820 208.4489949387798 171.0760241849108 0
821 17.81616990095718 47.25821148139308 0
822 39.51770063051013 20.41610583920116 0
823 20.03583008036096 41.54523363494518 0
824 38.22170436482227 33.01747564157648 0
825 85.95122608836563 12.09884432022819 0
826 123.1253489481601 140.7556498865646 0
827 242.0519513362784 90.09878257888536 0
828 90.0653388581175 241.7264938981672 0
829 5.861942133677836 45.94395292211166 0
830 27.87696138031804 27.58677662993086 0
831 113.0703359843527 78.75068786827038 0
832 30.97914096634423 1.448008913831701 0
833 20.46063592782724 34.53016745303047 0
834 56.90162466271541 13.25046469712276 0
835 240.8123959419932 70.19946644589056 0
836 70.31968287012542 242.2531428404303 0
837 72.57433230789984 121.6868276200406 0
838 30.75795027241236 35.75393981165554 0
839 28.39868558092121 37.53687645903103 0
840 24.55310357634107 27.46504963847637 0
841 24.76489085192818 25.52261114864925 0
842 140.3477778620447 123.5422038767396 0
843 25.80354991283253 20.62377322394988 0
844 120.1822057612687 150.5752600815301 0
845 1.220474768288254 48.82509593253047 0
846 181.2290166940703 103.7310390423618 0
847 19.93946523655747 45.20284633215468 0
848 182.1387374516684 190.5290664975155 0
849 20.76084582550206 69.8229652361008 0
850 191.7903464897557 182.2224558582134 0
851 37.12682314622926 139.6867912160429 0
852 222.7126679480233 229.0138869809165 0
853 31.57195377101735 13.9236576369347 0
854 86.35070066594305 171.3691212259333 0
855 209.212435946865 10.45366917469621 0
856 172.2494821228539 187.0889655208459 0
857 24.61237257793808 18.02846054203224 0
858 134.8316300495683 44.51974570397398 0
859 11.63044451827579 50.38139518110676 0
860 171.6618244070013 212.1863169875625 0
861 15.88416235121393 44.27310349547754 0
862 101.0348521423294 97.61781414155958 0
863 28.86713585967087 24.59482561828082 0
864 243.628416785239 101.905508416748 0
865 102.3008265178732 243.6998685941041 0
866 31.76615314348589 7.608382554806703 0
867 10.60025630295595 45.55379976968148 0
868 86.36305013246564 151.1912609058898 0
869 199.337329521045 243.6315936431726 0
870 243.9277361330599 199.4472486258664 0
871 50.51296426008766 30.26099827544269 0
872 81.92170000062268 187.1488398027157 0
873 10.07256379260541 169.239942907281 0
874 3.84395538277998 50.3875424438076 0
875 151.4379184547387 87.65567045012904 0
876 242.6136610820346 164.5384847276828 0
877 164.526446990998 243.0540517937097 0
878 16.0105328935113 37.48490215412973 0
879 15.14960189158801 49.58336866325411 0
880 228.166480169372 215.842726919447 0
881 164.4569546906156 103.3557183409094 0
882 8.385009647878197 51.15227089587489 0
883 30.99576637991596 21.12162698838419 0
884 32.03083309697624 19.78209370032187 0
885 154.790116624688 190.5347758381797 0
886 43.39309005594835 244.0300262150697 0
887 243.8596869124775 43.51683517287529 0
888 24.38983451712865 37.9808432960862 0
889 128.9074962685462 107.4517325996135 0
890 20.45205541896134 30.04588397630141 0
891 22.52751002250861 25.39354223601917 0
892 23.75310058076663 32.48706956911654 0
893 137.5725054927947 79.52964046746646 0
894 188.1220892876552 166.0791933762546 0
895 35.47932825280123 40.01204607222062 0
896 28.52432481727146 1.1900221994079 0
897 37.98954433669925 11.99068000823096 0
898 147.4929365837162 114.4469766490537 0
899 4.128282941793531 73.33710055937736 0
900 227.460645787554 125.8153798515572 0
901 19.20783958195165 51.79584933852907 0
902 22.06436572549083 99.40991948426412 0
903 243.7733113725653 229.8592327089472 0
904 230.205214691178 244.0039545536057 0
905 137.5077578841487 202.4453597409556 0
906 148.0498210441387 10.02266419139141 0
907 191.1654209766737 148.9388965838133 0
908 20.11131569522813 38.54819115396398 0
909 26.13335703807027 10.14299408342321 0
910 181.3950934930927 233.6534842706432 0
911 234.5481901458803 181.9630804337055 0
912 7.045324705958542 47.9387340180856 0
913 52.14268016875263 140.7492797402709 0
914 228.916422372385 8.829856590016158 0
915 182.8579102990481 85.75826240283605 0
916 101.2774398420841 137.9865369116724 0
917 37.59645635615821 85.8144303717677 0
918 28.42509518272866 18.40927870174211 0
919 196.9684996418141 24.6117457665169 0
920 25.40527508333752 28.58275982537139 0
921 157.0859859258974 170.7276998772172 0
922 8.023546599367839 44.8028907375213 0
923 23.06963352451312 35.10716424069258 0
924 18.15980385457997 42.82706067910668 0
925 206.1391281632453 155.3723358958056 0
926 154.7435795127308 210.3057605380693 0
927 35.97222828467551 61.91088704952089 0
928 36.39828476107476 1.677540346640433 0
929 28.73294728095313 5.895496160183253 0
930 13.61533718893685 59.25219398548616 0
931 116.327773402596 10.8169158112328 0
932 169.2942620871437 85.10069110340373 0
933 197.16124722576 104.643108050901 0
934 225.1213768073576 198.2068061003574 0
935 28.26872833502298 22.30386925919834 0
936 153.9724961612071 32.17496932256432 0
937 143.6592039284267 27.21199303916668 0
938 122.8514153978385 67.31756533439517 0
939 25.93005990644351 45.51977750259886 0
940 78.27666355569228 205.0423461996737 0
941 42.57086575194831 123.0964831575838 0
942 225.3173653126115 75.8752758862002 0
943 174.1239518441539 154.9306937665791 0
944 18.81458229989317 36.44412982042248 0
945 198.8505714604173 115.2298127490214 0
946 171.4971953158515 177.6124209058624 0
947 27.41817170905719 15.14601118708362 0
948 5.810327803322614 55.77673865243314 0
949 57.81117250964942 4.899491929897454 0
950 52.82610984422777 59.81386800866856 0
951 245.2705615773791 24.51053602004344 0
952 24.873493227774 245.4365828910837 0
953 25.04832428454882 15.94261697352607 0
954 34.24099880260692 8.342417151999227 0
955 69.33109987781521 153.1828475095376 0
956 33.52330718315299 10.36930487190371 0
957 1.75323899917687 56.57374766849491 0
958 10.17294603674902 185.7472224939763 0
959 26.1519568260967 18.20341981605196 0
960 78.54791175241029 88.62392581421537 0
961 33.85793572530235 28.8283939959678 0
962 68.3211902211564 169.4292372931731 0
963 92.16491401811851 134.4898369863704 0
964 63.14808892561983 77.76363516473805 0
965 232.1096009673242 107.6846640427325 0
966 107.3721440900757 231.4640663845827 0
967 112.306040656668 172.4041232422735 0
968 225.3515831065527 168.0793368882826 0
969 28.57595782060964 10.46824047548861 0
970 55.40959243590863 229.8588689310303 0
971 134.2037417648813 55.51983063309173 0
972 34.37147829100525 44.72990344729409 0
973 8.49472620257996 209.0014151652776 0
974 66.37457097372852 14.06064624010122 0
975 211.5687869031991 244.2817792430026 0
976 244.1902694526895 211.5090471848087 0
977 17.80943587471728 38.167160940542 0
978 9.410975293038176 48.17186192785639 0
979 27.22824964816784 16.39567799384514 0
980 57.7831045038444 189.553159749319 0
981 9.041866777042713 46.85954805824378 0
982 50.53242899725237 21.41616823276475 0
983 94.0986212515495 223.8258171972002 0
984 68.14910954534761 87.71189773664256 0
985 22.65719172245462 28.47192249581238 0
986 126.6149299328094 175.163848639988 0
987 118.7525041062581 89.55448776348673 0
988 195.6710815351731 204.641964376016 0
989 5.928911318117636 50.17916999868182 0
990 34.59001924266987 11.88110178156592 0
991 84.60988730834016 140.4569029854362 0
992 196.8264473769979 232.1668027278776 0
993 24.60787386224555 131.3624806667408 0
994 3.982562229549319 54.24436103892136 0
995 73.59972068356268 40.43358834249674 0
996 13.84704182790792 44.90900111204593 0
997 10.56475487811863 59.63496191410999 0
998 19.20123597701386 32.17018547871165 0
999 38.93636595227116 5.765108838038349 0
1000 30.4900341581163 11.5726552173499 0
1001 215.4241574555309 192.7871054022002 0
1002 24.98980994623696 67.41257589732227 0
1003 9.377249444540087 157.7646435250863 0
1004 26.31653106905669 5.857679183614931 0
1005 4.432938820466483 46.01833645931015 0
1006 26.04806167912981 7.972134796741896 0
1007 11.33817875124885 72.21407074048 0
1008 124.5997679644632 190.3104953157636 0
1009 69.19313575913401 59.7414728972369 0
1010 117.8555187033413 101.252992618843 0
1011 47.10561548023691 101.5483981288969 0
1012 23.75081898943893 44.1665541977692 0
1013 84.89009519155083 109.6193612823904 0
1014 140.6458426428493 147.1934849608237 0
1015 30.44150152564659 69.19270473018014 0
1016 8.713117822985842 229.3764807067286 0
1017 155.8680447728057 158.7998204309378 0
1018 216.7559424027322 111.0518608463539 0
1019 2.511479514752282 48.86969753064955 0
1020 56.43044331167255 53.22498133116156 0
1021 21.37707863264911 28.28712801911212 0
1022 50.40815936466525 4.224744701566813 0
1023 21.6613043034224 38.93887235141836 0
1024 108.8776991135225 180.9555609384437 0
1025 95.17472524596764 27.26707015210112 0
1026 22.55457889377882 218.318256267946 0
1027 22.83204631572844 37.9216614729705 0
1028 57.14735259075808 40.26651587352156 0
1029 23.39340566403573 21.55856706196545 0
1030 25.82949674199499 11.30455479353377 0
1031 16.39847275011835 41.71923737937487 0
1032 32.46749837248225 49.71802615712447 0
1033 33.63933645795718 53.62327068719807 0
1034 26.91430996079341 31.27645282928894 0
1035 193.0191247855491 215.4677068615481 0
1036 41.40836382990316 9.401837486340268 0
1037 41.2763498864672 26.32250979583071 0
1038 59.04849287010209 23.7736224480893 0
1039 29.53433305828013 30.19608482559515 0
1040 116.4112193439641 49.76742041931431 0
1041 32.90582443327673 1.675753940702758 0
1042 211.8023872952677 211.5742716322992 0
1043 23.41625132254692 84.56929948645885 0
1044 112.7863662772196 215.5777116624237 0
1045 118.6324060272471 204.9708080590699 0
1046 54.61492672794483 108.8834135236543 0
1047 38.88028875169871 14.0660940827586 0
1048 5.502959287363331 52.09037316542075 0
1049 21.55210041745351 30.8380085208302 0
1050 230.3276873329875 36.44989941246997 0
1051 29.14263339610988 41.20300516846081 0
1052 190.2473294709463 120.7892188431765 0
1053 222.0395466017577 208.8941778549025 0
1054 195.479939751623 138.7588923545266 0
1055 27.59535259849618 12.48954290350265 0
1056 12.58613061343522 45.16237066423998 0
1057 31.16944326714775 27.39964835449936 0
1058 38.83972632824306 39.96747493691441 0
1059 48.15621042497092 39.75300351335761 0
1060 10.49833845081721 55.17635551172096 0
1061 150.9893881379299 228.6625970958372 0
1062 1.89822732136198 59.13893342395767 0
1063 22.24984894614196 152.7996672409906 0
1064 160.3934470025755 129.6498755179518 0
1065 162.2773475326243 24.51367515352294 0
1066 104.3199133650322 198.7921096054206 0
1067 34.69832553248461 4.461806649252058 0
1068 12.83072722013439 55.14123790444612 0
1069 40.93186111027286 2.003263372881428 0
1070 30.51633370593809 9.951650090242946 0
1071 120.6125267251997 245.0094951737324 0
1072 244.5997595262277 120.7295599474199 0
1073 244.8855407510242 131.2498034766536 0
1074 131.3851744415066 245.6560187443686 0
1075 105.5666429659622 164.8681255386441 0
1076 116.2861714562524 135.3600519823141 0
1077 31.03194613126645 18.49097695944569 0
1078 1.008830257722566 46.69841573402594 0
1079 21.38068884527274 36.21034171249265 0
1080 178.1598778959204 24.99049994714595 0
1081 231.1336499843232 56.81270670225358 0
1082 145.8518334971578 175.0629231681833 0
1083 181.2758269978213 114.5233398892849 0
1084 28.48033600509265 17.03256979788538 0
1085 29.66502609908284 16.29288543831306 0
1086 8.257365079581824 101.8390302422152 0
1087 25.11281249581953 40.06375652905223 0
1088 198.1258607459258 88.65310225246299 0
1089 56.89925224322521 29.52141380319135 0
1090 13.06777282262064 49.37972249479422 0
1091 21.24087435709369 32.24164715590766 0
1092 28.62401208320824 4.626555867921278 0
1093 48.15326242298575 7.979696251581285 0
1094 7.205038855582877 52.76470801940325 0
1095 171.9702518825361 7.829460195644796 0
1096 29.58959871379231 49.098704208294 0
1097 2.781273600702247 46.70484807960832 0
1098 28.046778160025 20.70822897222033 0
1099 28.91336553152438 19.70819632852104 0
1100 133.7050195853087 140.6036425124872 0
1101 27.99888777956279 59.35242133771734 0
1102 23.24196460478958 55.087554860334 0
1103 31.5013483997509 4.869048183475556 0
1104 131.5027953332573 8.756996693915697 0
1105 197.1831211561556 63.1246919550703 0
1106 9.245693469976594 57.16613155562995 0
1107 34.62799828344789 16.57208162234728 0
1108 17.9613325694155 34.46345158058992 0
1109 25.0371817415146 22.84870502488257 0
1110 8.798347778727042 140.2398985822618 0
1111 218.7426479495383 140.422732847909 0
1112 138.8842349084357 166.8548718892507 0
1113 130.2167544117621 88.12502457246141 0
1114 23.08160958088138 109.0671415910596 0
1115 135.1486020883835 97.82451323311412 0
1116 78.7649452465341 7.024795988784144 0
1117 79.42999581403714 55.98858322871679 0
1118 12.50942191708288 41.33362847027369 0
1119 32.27764305653149 31.56853792259884 0
1120 33.98312968492884 19.86150240872415 0
1121 112.0319868986328 34.24753145603907 0
1122 185.3059354885082 44.6863920211932 0
1123 245.7886546363353 151.1189557609145 0
1124 150.9378092662561 245.8613547546241 0
1125 26.23216274174982 37.93514683826443 0
1126 26.2285349335132 24.37422881228817 0
1127 93.30325422348707 189.005102706874 0
1128 21.72540684039049 26.50667441545379 0
1129 59.65413227533986 126.5993424913121 0
1130 184.7127806129826 200.3724818566793 0
1131 198.2103382508941 7.880226990088493 0
1132 41.54607813929631 58.13040552648916 0
1133 51.81532807509132 120.0282908435508 0
1134 19.10945764137179 40.60618993773257 0
1135 63.91048275538001 52.30900806535968 0
1136 24.7637202459629 33.04969611511927 0
1137 213.4979049614352 227.8015827354108 0
1138 73.99543218275323 228.7786014196933 0
1139 12.89319759229943 47.15491258154154 0
1140 26.3899878853904 0.9892365325821992 0
1141 87.88672611687942 60.56380659611391 0
1142 123.9945842500414 124.3245128443364 0
1143 27.25814316750568 24.94115626904821 0
1144 77.47035629450639 195.5796852521634 0
1145 4.801133823755546 79.24961980896977 0
1146 15.48992812472499 43.13179685854985 0
1147 20.64623732655654 49.42073267077915 0
1148 2.488580824309791 64.9309380924271 0
1149 95.58514468135627 8.0670411757498 0
1150 26.48324613173442 2.729162496589684 0
1151 103.5040574263698 72.59960801910057 0
1152 55.3551775366651 19.55758465873794 0
1153 88.39466448105424 231.723535902378 0
1154 28.21413585143888 45.19555291820515 0
1155 13.06157180447491 66.22438134799177 0
1156 81.50104059441024 120.9568468447959 0
1157 30.51782717928439 2.69139187940024 0
1158 54.2754286178308 152.7875187793659 0
1159 28.76132428380845 13.13140532409457 0
1160 4.441278556647634 47.97393773876988 0
1161 200.3115121529999 187.3094919962106 0
1162 34.80062904395523 21.72101912905717 0
1163 28.57882715300773 2.40980662485116 0
1164 14.77960764224814 46.67843681070995 0
1165 25.46859107839469 181.0173901414502 0
1166 76.44734560498338 136.2709889601865 0
1167 23.93360612180536 29.87659170832354 0
1168 51.39808805824521 67.66188941471589 0
1169 44.13481024524775 2.695376200998208 0
1170 95.77744774684624 151.1285719703836 0
1171 27.64187202173338 33.21171578394397 0
1172 13.94689415448048 39.6928930492766 0
1173 213.9381265175638 35.82124065338159 0
1174 77.09904054675752 24.60005797412661 0
1175 5.534356251520054 58.23910790267518 0
1176 79.79321123328484 246.1608175089992 0
1177 245.602854896332 81.37859829975291 0
1178 154.0558594607147 69.73638533623587 0
1179 37.4745170658526 22.1110489205142 0
1180 47.7079544209432 48.24023038700003 0
1181 134.9741260985115 19.72151676124469 0
1182 54.38012321522147 246.2958344282541 0
1183 246.2582541685546 54.36233827583976 0
1184 103.0237576330559 21.62742952909058 0
1185 1.348538051865456 53.42649475721506 0
1186 18.19174149235935 58.22236837340421 0
1187 177.8842771054865 134.6319854553458 0
1188 7.953663900017412 246.0454177966575 0
1189 245.0954113346901 8.884344489974819 0
1190 234.8472591095671 197.2158132490217 0
1191 6.291434384142892 61.18988622388211 0
1192 16.99432893057254 45.58217103356857 0
1193 10.33217435275419 51.91365209558433 0
1194 27.23302475582831 7.824482514493804 0
1195 40.998788580409 156.0829583948548 0
1196 9.017758807193214 44.10658425077806 0
1197 204.640185979548 163.5786745291732 0
1198 28.35062683277843 164.1458026118988 0
1199 36.81628233959467 30.02377356654568 0
1200 32.36476726965307 6.305648667319618 0
1201 10.55610665594779 42.80754837444076 0
1202 26.27153796237499 4.506129014946335 0
1203 157.3030619822467 118.9704384961659 0
1204 21.30446174616763 60.72854346920929 0
1205 41.56613418545249 216.8789621040489 0
1206 101.19306380454 211.6942378865876 0
1207 212.31958575491 100.7590864161224 0
1208 8.027549342011358 129.6050169680776 0
1209 7.899922115847225 110.2089127231585 0
1210 4.680554951975965 49.82757866079115 0
1211 26.84613225739096 26.24705565131824 0
1212 38.89108542575937 107.074469771911 0
1213 37.91567650687421 18.62959754590568 0
1214 43.22224354450798 11.74843130580695 0
1215 129.7285163776784 207.899714675813 0
1216 98.07534533555079 55.76095046679014 0
1217 6.74660924236317 46.84635111553051 0
1218 13.03374714300769 76.54557658468683 0
1219 136.4543734410526 221.119281894731 0
1220 30.21758081651408 14.23970497942537 0
1221 45.7421110066381 43.70486504186422 0
1222 35.14835137098054 34.12192223960583 0
1223 210.6670170152914 67.96125018781203 0
1224 31.93310794046439 121.7841335814725 0
1225 13.63796611003589 42.88825236500222 0
1226 219.0598434051221 120.7870327667667 0
1227 164.8266191077033 192.7193445722016 0
1228 68.57784384395114 208.7626622224616 0
1229 234.1939596543293 118.6396320612444 0
1230 118.5937034704932 234.6022668875622 0
1231 23.32801126688216 27.49255693724958 0
1232 232.8144228450109 71.3000181681869 0
1233 14.67673372111563 98.24286537342481 0
1234 1.163435034550917 50.90753923355747 0
1235 29.20764331599115 8.286299737851774 0
1236 26.53251376070432 19.44317674149625 0
1237 3.224197417092094 47.86695513445192 0
1238 114.8470809896552 60.29981488043246 0
1239 64.92582937827943 4.459957529743414 0
1240 22.38706776393034 199.0892075695256 0
1241 24.0848704825195 19.09317033474475 0
1242 18.73408855455091 228.6895152768038 0
1243 184.8448729077613 217.9997704969888 0
1244 58.0735466282853 220.1919641638645 0
1245 235.752514539954 23.4184908845146 0
1246 21.69886940458463 45.37037677495294 0
1247 168.7058712578327 42.68611401681284 0
1248 188.3542956853115 131.1334688214523 0
1249 188.3487405351102 6.586747840202447 0
1250 7.485285432916081 50.1048346840653 0
1251 26.99626339069736 36.29817729224975 0
1252 108.4957080614166 132.9769162770688 0
1253 20.60261069693192 35.45314356135029 0
1254 185.6781882093061 19.74144651047403 0
1255 150.981962681436 42.40777271081071 0
1256 33.3194713261898 3.323316804976043 0
1257 217.7923067712809 184.2630060663577 0
1258 81.79741082291697 33.55874048113326 0
1259 87.12174439947988 206.2236720394121 0
1260 234.5409947393734 135.1530985369743 0
1261 135.7498475289823 237.2352580933927 0
1262 49.49473228204246 75.6782660626836 0
1263 31.98686690141515 15.70850969231766 0
1264 66.70444625698516 217.3067655382729 0
1265 172.6753796307502 126.237114936918 0
1266 99.09840883654229 86.11785539919504 0
1267 221.5775346274631 94.59980049181895 0
1268 164.8602443404164 112.8704136014874 0
1269 55.87151717334559 170.0505611898844 0
1270 48.71847895608095 194.1378751178518 0
1271 15.91238251990059 64.59941169094961 0
1272 169.919331284335 73.48758025722313 0
1273 43.84149892312686 134.0952214560714 0
1274 80.279421464449 73.63435990254338 0
1275 25.49645404074 235.5051247945091 0
1276 203.3512027959912 178.685531579804 0
1277 18.53959959158976 141.5915691966735 0
1278 142.1860455987537 192.2097499725345 0
1279 25.40115847011516 12.94531187355938 0
1280 37.94005886656966 46.47066495340653 0
1281 25.1000429378082 14.8659677525594 0
1282 19.43507131499173 39.46974977275018 0
1283 207.1843300427576 53.40508312257553 0
1284 16.61035808999512 53.50405124868164 0
1285 7.811694696730497 48.92613614600729 0
1286 233.5037498261528 163.0871116665392 0
1287 27.50028749932465 9.789038186045556 0
1288 200.3781505907245 46.85434608842052 0
1289 7.393881048823317 178.3336118044594 0
1290 132.38884866193 70.66001974551537 0
1291 228.6929624109843 18.63016480355708 0
1292 6.885394404875504 44.99081545842663 0
1293 38.21392540866131 204.2732097084286 0
1294 234.3794026508771 146.4825181658847 0
1295 1.836695563406069 61.69397041148524 0
1296 192.3710549308058 49.7350763863679 0
1297 16.01379448887973 39.94488069048165 0
1298 42.5602369233882 7.096480825022343 0
1299 99.64594685658926 181.107188466702 0
1300 232.8320961924606 224.4304674655232 0
1301 121.0184597470293 170.0567009713618 0
1302 31.42694599183729 22.73647540044459 0
1303 198.8688723771003 222.2726179497673 0
1304 26.11665890453041 16.43670999662411 0
1305 167.8596697092938 222.608393935178 0
1306 24.51520990998917 16.88417675943932 0
1307 11.36205410292317 86.94109411586724 0
1308 96.26328802016438 171.3291693523867 0
1309 24.95227847436313 26.5225340187524 0
1310 93.90286275954554 73.36786400548243 0
1311 66.98707292096248 234.2347151920175 0
1312 45.0864298142563 21.0599416693098 0
1313 25.81258745893134 9.130169104719435 0
1314 144.887615329672 208.7361480705471 0
1315 38.33235278537305 74.11885257727792 0
1316 68.7963293621554 141.3743991906782 0
1317 19.90353970504735 170.1791711786062 0
1318 8.327628725316284 45.9887050781831 0
1319 26.65963868525708 28.54372122290967 0
1320 25.61982475721534 31.03949548696229 0
1321 185.849970480435 75.44171827326832 0
1322 101.096749679545 146.2215073065485 0
1323 32.91978848685682 7.634763048314069 0
1324 149.050648243611 104.9336734272424 0
1325 33.61141298098777 13.56360954884864 0
1326 64.04237400197347 247.525317277303 0
1327 247.2830475731649 63.9999202347166 0
1328 118.935046290502 20.86054172020851 0
1329 83.65737754889082 161.4374707641956 0
1330 48.25391187586363 84.61268205142478 0
1331 177.2679715758811 59.23228622522863 0
1332 7.347098875014302 71.21604512846636 0
1333 66.42693390395719 45.76537622138653 0
1334 193.0031173256259 33.41017123274423 0
1335 153.7645774530337 179.098044284205 0
1336 26.53830461351279 13.405521283541 0
1337 186.7615448585087 174.7051390041486 0
1338 208.1589634365091 128.333290578891 0
1339 31.24103192625557 12.640616484619 0
1340 36.27677944587741 78.90723300621671 0
1341 246.7600236106184 171.8946700798927 0
1342 37.75655857036043 147.8732173827867 0
1343 171.7721626950975 246.4694848370374 0
1344 17.32078974821953 39.54685066687568 0
1345 196.4787839831655 72.49964657551867 0
1346 15.20619967317612 38.28828267191887 0
1347 11.38917841861679 47.4224639672334 0
1348 42.62453203038763 187.8144551780608 0
1349 37.28779601888277 10.11358551410151 0
1350 163.5186539360407 139.4945753360503 0
1351 234.4442090624131 88.29422409828436 0
1352 60.33009575808226 135.9099267734667 0
1353 18.48442223993882 187.2419753692833 0
1354 24.08758839083605 23.70671441596727 0
1355 129.9298165818234 182.1616556875084 0
1356 53.43375880778967 206.5787451252288 0
1357 185.7975490069314 36.56111535733685 0
1358 33.64112237187295 188.2122385150388 0
1359 0.9223947791082572 49.88628552441447 0
1360 30.40415005122108 4.996598960454882 0
1361 34.42541372549909 231.7247218837835 0
1362 16.41520294549064 36.45834887337515 0
1363 40.75275243381699 64.35088382786937 0
1364 22.93529093494473 23.39107353447012 0
1365 29.5766418220856 9.515983296767573 0
1366 218.9920337440962 83.49512705421876 0
1367 40.85957247228427 43.34463946833259 0
1368 45.19964928174826 25.551979680936 0
1369 178.6055880148281 206.7985061553557 0
1370 77.50598282183918 103.4736770347548 0
1371 13.20326412141723 52.88348966857481 0
1372 42.1348825068609 31.04195683833933 0
1373 45.72011068468863 32.6894624119458 0
1374 44.77186440315541 36.47247908708002 0
1375 29.40911744236099 15.13445255759198 0
1376 15.01127475106619 51.94776378580236 0
1377 0.9144145596029182 47.77660940949583 0
1378 2.737112384876126 51.05479923323723 0
1379 221.8365933552122 58.9651390556691 0
1380 16.12285735105231 125.2875893008283 0
1381 40.23870888508338 36.85431387604277 0
1382 29.26161901490844 55.54720786043509 0
1383 91.92927757517184 99.79570791864919 0
1384 15.64671333012208 114.9902244496702 0
1385 22.55824932263532 32.48631170893414 0
1386 137.8648256581283 113.8046796955061 0
1387 172.8044024525305 117.5781658004897 0
1388 27.44017921153973 0.8805110168581667 0
1389 29.74194257777765 0.9137342333932588 0
1390 148.7635869009916 142.9319259105208 0
1391 148.3717880626908 133.334981344159 0
1392 214.1779259767958 20.6258872103167 0
1393 168.4365229910061 95.50934514468395 0
1394 157.8761316065075 147.464113995436 0
1395 107.3185489876678 123.7447839626205 0
1396 29.59709313301352 3.085721582808384 0
1397 17.34786626873767 41.9158962888426 0
1398 27.24228345733349 18.65127998946865 0
1399 29.24694430306921 26.40468468322575 0
1400 24.20064748017482 35.18088414039947 0
1401 22.40651638631165 34.2481023102867 0
1402 215.5584814414337 51.91538676326776 0
1403 122.3361586308047 6.923327246473622 0
1404 29.56326373207076 4.182014016868159 0
1405 34.90150986198012 14.98057119192589 0
1406 205.7307148796133 205.5623078754726 0
1407 247.4782969288877 190.4306098444222 0
1408 7.788301089469073 46.90983721564474 0
1409 190.23614096922 247.0288367273202 0
1410 32.73958657391059 33.62785082635471 0
1411 145.888900350933 237.2684931058155 0
1412 20.00327282555357 37.47585536766345 0
1413 10.31645818241218 80.64728219308105 0
1414 162.5384883542577 52.44901400127852 0
1415 67.50712873727477 33.6991804793533 0
1416 42.06853081801744 173.4655842822587 0
1417 6.97455909624632 199.3279133732878 0
1418 17.1552080540516 43.87288102833818 0
1419 52.75262025397961 49.14458630086182 0
1420 225.0235710504305 146.2542010250982 0
1421 68.38408165978619 115.9648944059188 0
1422 79.06365784673287 168.6984230506733 0
1423 61.69828998026885 203.7092842380093 0
1424 104.8819194193115 80.83774915780589 0
1425 19.06661647586969 42.0337526271648 0
1426 237.8336113309145 6.811017936416489 0
1427 68.35527241249252 178.9262445159797 0
1428 27.5588963428089 6.400748651751449 0
1429 10.98272809485495 43.76579351394626 0
1430 47.47263416404884 57.85084179102935 0
1431 33.29856662274774 37.90262115968845 0
1432 34.4848838991222 93.47690032109479 0
1433 34.8543698827021 26.16929823817998 0
1434 36.8985345523541 25.25031527801147 0
1435 142.9263447997125 69.30961772449091 0
1436 142.4109449050589 59.80947811337596 0
1437 6.729713221365828 219.0412737980574 0
1438 130.7580962680976 36.47068057066636 0
1439 83.78268652482888 19.2135458260519 0
1440 162.815996589785 235.8689675553096 0
1441 26.58299881175118 41.49956307177368 0
1442 20.86092468937054 42.45681437610931 0
1443 11.27766351085168 42.04934625638256 0
1444 139.594575815612 6.398511002688122 0
1445 159.0484910053888 84.41237290050526 0
1446 210.7620221214461 147.0018173414225 0
1447 117.2450189300268 39.97260157251841 0
1448 43.02912977290834 16.59800966216169 0
1449 19.61642736040397 31.05302976349379 0
1450 247.5069258616879 220.0934321009112 0
1451 220.0170452713226 247.6697086396014 0
1452 78.27189915607167 153.8406323662378 0
1453 205.2829449774059 61.39594319274387 0
1454 60.87232762549654 66.61689863320781 0
1455 15.70134855632857 42.27162472492279 0
1456 115.241368554919 118.0370069870029 0
1457 247.9160776840519 34.19230769217266 0
1458 34.19230769249823 247.9165254961646 0
1459 7.689422465985388 65.36841130862274 0
1460 112.1583748009295 247.6333358037188 0
1461 247.7031581867568 112.1984647287298 0
1462 219.1336673946942 6.398578117521957 0
1463 178.0713077234708 47.92934791407722 0
1464 123.1206827445084 160.2153326288062 0
1465 4.120148125601228 51.65385973080237 0
1466 35.37292648562571 18.22695711614685 0
1467 54.81930519007474 179.9693639192702 0
1468 46.1362761062958 11.76854441971542 0
1469 9.478724596643028 49.20973270100998 0
1470 34.49515848556096 1.195364481810992 0
1471 29.69540464266304 18.81441500600231 0
1472 23.76184083225705 25.26475128695539 0
1473 82.39565406679 212.393301547915 0
1474 205.7090714383526 87.65371338958386 0
1475 30.77578240522686 24.2841238354472 0
1476 132.4493639716487 160.5486078796012 0
1477 87.892171796288 44.79635962270376 0
1478 23.52333155368819 58.29002149876407 0
1479 29.96240426049526 5.864379036373403 0
1480 60.08172892648255 34.36790971165811 0
1481 139.3579719092505 183.0639437808705 0
1482 53.04141539267334 11.53188265960985 0
1483 27.08257507372062 22.41455242146547 0
1484 21.04725693302364 33.71053055954559 0
1485 212.7449481911334 178.0350051856998 0
1486 15.89526042265509 247.2857633171807 0
1487 247.0932148131005 16.02049603080427 0
1488 200.6084590537324 15.56190117548893 0
1489 32.39416504602353 40.53207966144824 0
1490 63.86251325183522 95.33345368954038 0
1491 27.66134943295836 3.020270352909991 0
1492 99.06433499961919 118.2676965181161 0
1493 103.0433679069666 40.59660766587 0
1494 172.8293600461561 101.2668952725269 0
1495 5.991109716987744 149.3632806853096 0
1496 24.67910252244597 50.47695670927126 0
1497 12.60273218465806 43.04184961942681 0
1498 18.08820108331932 37.07392082223718 0
1499 129.3864089564889 217.1573429579211 0
1500 36.23558246461094 3.411244835555695 0
1501 126.9446612924229 49.85021575219145 0
1502 18.0251600538624 40.31632336103695 0
1503 228.7305348675453 176.3650215106045 0
1504 25.75760110303948 21.74027785846755 0
1505 206.4520957907671 74.44752481424288 0
1506 219.5284528659004 68.25569797948367 0
1507 185.5219514640532 94.74156957520701 0
1508 129.6951324909237 62.84599973618805 0
1509 30.92466843495215 135.9640277905143 0
1510 97.188593029269 196.0341259093457 0
1511 22.37229180173475 35.92612282104415 0
1512 20.84355048750709 54.17934124084368 0
1513 21.25190158511764 27.34832187651659 0
1514 13.83334420510254 41.81591356495106 0
1515 122.0599331200647 220.2064956964717 0
1516 23.16587610917496 31.52150085143933 0
1517 92.12860592171745 80.94949315253015 0
1518 83.7348518147696 81.51465800938003 0
1519 35.54185918381275 6.501212919495861 0
1520 37.29517750003821 6.731577142025087 0
1521 29.50754095289449 11.57286385156008 0
1522 14.84595676362925 44.88663726738577 0
1523 113.114597266243 156.5211541270461 0
1524 48.05091285108295 15.10080247420108 0
1525 33.50203034472444 23.04832464862706 0
1526 213.9380017632409 154.1853421456723 0
1527 12.0343370396962 43.8251689201864 0
1528 22.69479970104139 26.62831664655146 0
1529 68.16535361854559 161.395742180423 0
1530 104.7455844159608 62.88708524142085 0
1531 14.85383907157166 40.18075685606639 0
1532 156.7378781474581 221.0924087536437 0
1533 40.61732821475783 7.052735825298104 0
1534 6.240544017664852 48.39825500485329 0
1535 38.72539340395812 26.73766145962992 0
1536 109.5710545027933 6.338678097575846 0
1537 144.7083003358784 18.71542765368489 0
1538 179.5359189036729 213.2859754045825 0
1539 30.52277447219512 7.724487655093307 0
1540 126.7759780706946 23.17703633849659 0
1541 18.99728699432813 38.65623188767613 0
1542 26.44766570248512 14.46111145550886 0
1543 39.16323812452526 10.39419793142694 0
1544 41.80005598616582 14.23486149331978 0
1545 137.3815623983857 132.6062662634264 0
1546 16.8744188846539 37.88093145775586 0
1547 144.8928927340876 83.14185153131123 0
1548 155.986794105537 101.4647542602719 0
1549 40.73947135646355 22.59627738824099 0
1550 123.6020839273508 115.8225197623552 0
1551 28.80429796800939 39.26048439454266 0
1552 69.53915341181211 26.84334161616689 0
1553 22.24642493289451 36.89481271276897 0
1554 192.0358782215023 57.20715829108509 0
1555 164.3045390089397 154.2294818857043 0
1556 6.588227586869699 238.1441850728459 0
1557 10.22692797272296 44.59096829997348 0
1558 23.13800221148847 29.39786084587532 0
1559 31.22759565567195 8.934958001295801 0
1560 28.50865436793869 23.4149770115717 0
1561 111.1543062557006 95.82606530919418 0
1562 53.72300363299389 3.451159980103424 0
1563 3.480121285863415 46.12528096293426 0
1564 31.49504872433126 61.80317770745594 0
1565 175.8968868436511 227.2839892732509 0
1566 23.30023153115647 41.02764550501065 0
1567 118.5180151586057 73.18447503786348 0
1568 138.5798384040626 35.78678466919097 0
1569 11.82377088345245 49.26199461664125 0
1570 214.5094130607582 235.313013788982 0
1571 20.63012754922683 28.93119372295338 0
1572 142.891417781228 97.74490520130092 0
1573 148.8056074263584 158.4339078089998 0
1574 154.0383091668078 58.72865422780395 0
1575 80.32644671442749 48.0938514068073 0
1576 16.03398371230897 58.79228279840639 0
1577 111.1830118561536 109.4531346370317 0
1578 163.2931252628944 68.78327091558812 0
1579 5.203227084006298 89.10929901820306 0
1580 247.1752897660643 247.1752897660377 0
1581 231.3165739635426 189.67701145873 0
1582 188.4988262233988 231.3708536968113 0
1583 216.6906803367631 171.1786145846536 0
1584 24.97634768972167 29.80397039006796 0
1585 12.04262845552785 51.87972114585997 0
1586 48.03873364438775 2.47056537996522 0
1587 29.15003472440436 33.80074042170646 0
1588 4.850925548283352 46.95537001196224 0
1589 25.66627188023923 77.7945475207724 0
1590 40.25457198790203 18.35614336283806 0
1591 16.87034965389025 48.8279199683632 0
1592 86.95733913322205 68.83280331558946 0
1593 48.69344739323637 26.41337279991277 0
1594 61.61864709745014 154.3365298404567 0
1595 31.91321512644081 25.39546557602765 0
1596 10.0677813868222 53.46388122890485 0
1597 143.1587731620809 41.80128795454029 0
1598 61.18112195042305 13.5446197678969 0
1599 22.44238682555857 24.150842297074 0
1600 238.7680874654316 52.02724986818606 0
1601 51.77877018553508 238.5478567470456 0
1602 21.75042353352701 47.57059895616216 0
1603 21.08386060675144 74.76260151319724 0
1604 25.71430653884581 208.9782741103087 0
1605 27.94196833294684 8.592197366473 0
1606 45.81977693387887 180.232072608194 0
1607 52.54422141390612 38.92755056739531 0
1608 36.26297188203624 11.51900541628795 0
1609 23.53764219023117 20.70420110601529 0
1610 168.120884505089 60.11640508271134 0
1611 20.46622669523468 43.85894598238725 0
1612 3.716710639050946 58.3733176717312 0
1613 5.73572339744991 51.08504523028363 0
1614 21.95968820412243 40.37211705678273 0
1615 25.79797894516321 6.864748069691474 0
1616 13.30345263720055 69.37049951605046 0
1617 47.10394117316524 168.3719172797857 0
1618 178.9549139032513 70.24518980527778 0
1619 33.06099790053353 16.48065262699418 0
1620 153.3584302118457 79.03999488898867 0
1621 29.04287230599561 28.98910468471092 0
1622 4.53366993660558 53.0288591101215 0
1623 64.86619267102951 21.92586528940673 0
1624 32.58686023849264 65.34458550937227 0
1625 166.2515371012932 171.5174931248881 0
1626 25.32571394370061 12.05426812730913 0
1627 27.76662312433181 47.50280061578059 0
1628 31.25441770159302 221.9210760119009 0
1629 179.8772165775964 32.07636223348567 0
1630 226.2014038964681 235.5285566952931 0
1631 14.10658577697216 215.3349950607374 0
1632 19.83414427114392 33.86900607147808 0
1633 225.4395919370696 43.65818730979191 0
1634 34.18072650668837 42.21636501238749 0
1635 105.9572038568427 48.34864532833242 0
1636 23.05513248171479 42.53026276621311 0
1637 10.01942762334781 46.37439648690551 0
1638 29.15890752464087 43.31035685271584 0
1639 225.0500193188154 134.2879902442918 0
1640 20.13047501129827 31.91746106080488 0
1641 1.116675511335162 54.74899221789922 0
1642 236.2907715741163 214.0959699065972 0
1643 221.8465188398673 31.35499425062619 0
1644 1.916295795925827 46.42383442019775 0
1645 2.963974112411888 49.87177368905937 0
1646 76.36199892572689 128.2443188479898 0
1647 13.00296932769117 40.23404016760517 0
1648 247.8496496095574 239.2191442702051 0
1649 239.2642303635324 247.8812217041882 0
1650 13.30703219490025 56.98013777769665 0
1651 91.01877453521161 125.08325122703 0
1652 44.52334977529264 141.7383658441616 0
1653 234.2511667051801 64.57948612209717 0
1654 18.80596755494686 44.08100294698428 0
1655 38.82643297471576 99.4009338495478 0
1656 47.05638355481194 201.3500256835487 0
1657 179.3381839095618 18.7773090373793 0
1658 236.8321346450927 39.92902640300406 0
1659 39.65872944716411 237.5864383297604 0
1660 6.205352614976751 191.7545527911585 0
1661 13.80797073101015 202.1776839162084 0
1662 10.99556804610812 46.45817360260188 0
1663 17.38992880845052 77.06851671264126 0
1664 31.1630766956322 195.5793433279761 0
1665 62.57246220126108 182.6191513412477 0
1666 190.6307899171165 89.28827486286144 0
1667 121.6482578497671 131.5846899340942 0
1668 158.5768236173099 247.1452789334643 0
1669 247.1453156040471 158.5767412900653 0
1670 103.5615868096459 108.7120717079996 0
1671 226.1641468447468 183.0741556252711 0
1672 247.6122149485196 95.07997104078706 0
1673 95.10937284731014 247.5831240448803 0
1674 72.71852284060515 221.9303316860059 0
1675 210.883461022254 81.84632449236085 0
1676 18.64611892053074 45.68907055615688 0
1677 26.11671442529046 1.903867031110468 0
1678 25.51134903217727 43.45929374363299 0
1679 45.36829450777798 226.0732789972199 0
1680 62.95317402196406 196.1148944680269 0
1681 28.36902559090064 14.77672475240008 0
1682 14.53577886498511 45.73409960565228 0
1683 109.3045249187564 222.3894893654443 0
1684 39.77940614819504 49.82119555611986 0
1685 11.55597668863024 45.65522828969262 0
1686 65.59637373554398 122.6017391385733 0
1687 217.6782098351848 43.98391408047916 0
1688 208.7211658488434 28.24016170768875 0
1689 38.08294263817103 115.4059331687682 0
1690 27.90465696445036 3.987608809366928 0
1691 26.50324750742239 17.19904643366222 0
1692 183.0286791121317 225.6921160369884 0
1693 25.47576372677523 24.91017195274397 0
1694 114.4197165790449 187.6080267549202 0
1695 16.10136955962101 155.2732231294712 0
1696 189.5876078234422 101.8572185683778 0
1697 164.151961245041 207.8499638897475 0
1698 25.34978233386325 10.61365439061962 0
1699 224.1957138690114 108.5330260974362 0
1700 226.5304626545731 101.581396199324 0
1701 183.1913298087138 149.40858306795 0
1702 101.2007387817054 227.1579037147723 0
1703 171.0815731516019 140.3867852689713 0
1704 25.76383956708951 26.07927027144568 0
1705 204.4007467053477 227.7434341059464 0
1706 30.5123864904943 31.28565682170482 0
1707 28.14015308346655 11.44064233010463 0
1708 162.5118931939686 33.69495074826353 0
1709 26.76142258526313 34.51745157729847 0
1710 132.2155660111019 126.2414408289597 0
1711 43.83606386831914 5.234743945971607 0
1712 8.724490499948272 48.79272935966814 0
1713 38.54693250727204 53.31382842479893 0
1714 34.70698764867358 170.8148266507737 0
1715 38.64228227708298 1.28904071291365 0
1716 12.19023446639829 42.33580222110997 0
1717 110.4830525935146 16.20123323046101 0
1718 133.0985148303259 195.5811755238196 0
1719 50.496584024807 93.16348871771834 0
1720 83.94294817441616 179.1897562467026 0
1721 30.02587697595818 22.0605534096092 0
1722 24.09582967418955 64.0632915428361 0
1723 10.3522485582741 64.95456923077414 0
1724 30.09087853294017 28.81875038781317 0
1725 225.5934052557656 222.0751354171207 0
1726 24.89181662808453 32.02897271970131 0
1727 179.1967345310933 5.071643187132468 0
1728 7.27169816225553 57.02223011785762 0
1729 24.41943391723002 24.6397015521449 0
1730 56.35468216284956 8.990254119763698 0
1731 30.52475742737318 87.66270606837453 0
1732 221.4086255100803 23.15411539233024 0
1733 88.28413080126234 5.22695233995211 0
1734 33.45583704382997 24.84333140638177 0
1735 96.89351032366446 217.4069338796083 0
1736 248.9889322681855 73.26923076892518 0
1737 25.94160982429786 23.50619359559027 0
1738 50.92263353753122 214.1092858430686 0
1739 72.97247811074425 248.9367349536202 0
1740 54.92046271321317 79.8776981358232 0
1741 2.586394035741239 53.40916168970738 0
1742 71.49201183470083 3.514626111443363 0
1743 26.18781285353593 3.56355491029262 0
1744 34.64191117971358 47.65445337413054 0
1745 21.08652955612586 41.16908655532096 0
1746 83.39010867751782 95.45987276361654 0
1747 3.307174737312478 84.36609719498237 0
1748 27.1548492215225 50.01629954050695 0
1749 233.809325560989 30.22336309685778 0
1750 22.88743938514405 33.34855159114302 0
1751 27.01867294955372 20.33987673087233 0
1752 249.2995493982694 143.8785697897148 0
1753 249.2995493982694 138.9939544050831 0
1754 139.0177483317049 249.8072503059021 0
1755 143.9023637162929 249.8072503059021 0
1756 21.07972313873727 31.01497012193291 0
1757 21.3964873872736 31.53982783836893 0
1758 20.92411010855736 31.71678943947164 0
1759 14.77730384875507 61.9763166708575 0
1760 13.1492731734319 60.94739735330896 0
1761 15.24336786426002 60.2811133030347 0
1762 15.84002481205449 39.05706786139588 0
1763 15.17566676505339 38.82503216881405 0
1764 15.87055772017722 38.52031836450071 0
1765 27.24300092659277 4.40665459524231 0
1766 27.45194313924229 3.895235460011333 0
1767 27.69571475180084 4.499027944597904 0
1768 120.4072422781448 198.2488268391187 0
1769 119.5369770649064 193.5679715931541 0
1770 125.4700331777016 194.9913505617283 0
1771 174.4242861230214 35.13246026374771 0
1772 173.0464055175835 41.06914877723712 0
1773 170.0837518632707 36.74942550332343 0
1774 21.91904307805863 31.18884362363978 0
1775 21.76343004787872 31.89066294117851 0
1776 26.87915525076315 4.758288047387608 0
1777 26.6353836382046 4.154495562801038 0
1778 26.69062602902408 11.7236888146629 0
1779 26.03323905544208 11.85066560712031 0
1780 26.48688371557698 11.17757800107636 0
1781 27.36981164382758 11.7700720560608 0
1782 26.91616698369268 12.44315966210475 0
1783 175.6694245231525 31.44454961165984 0
1784 178.6320781774653 35.76427288557353 0
1785 30.53895518413617 17.25132125076817 0
1786 29.71616622309157 16.97077161072057 0
1787 30.48781506012745 16.57343507836066 0
1788 211.7493045335234 133.111348159523 0
1789 217.5785020811184 134.9540391651919 0
1790 212.9134504019434 138.5800418422401 0
1791 197.6549362231614 38.76984833752854 0
1792 201.260748676458 41.56939297023025 0
1793 196.7723381374279 44.05480145571882 0
1794 205.8103229924552 40.49688325274029 0
1795 204.9277249067216 45.78183637093056 0
1796 214.7523350354922 143.7122750946657 0
1797 208.9231374878972 141.8695840889968 0
1798 52.11209895123649 63.73787871169222 0
1799 56.84921873486216 63.21538332093819 0
1800 56.13520784187087 67.13939402396184 0
1801 16.99973295856041 55.77833779764686 0
1802 16.03390785917581 54.94429373141681 0
1803 17.57618318937974 54.3380953149117 0
1804 98.89446828003972 157.4455169042967 0
1805 104.7169430301369 159.5926141113217 0
1806 99.74416821586505 162.7210283316191 0
1807 24.8109834498073 19.69940770040782 0
1808 25.5339790143782 19.94760775597 0
1809 25.08055434826162 20.37557316838771 0
1810 24.43503261394691 20.78961811053367 0
1811 25.15802817851781 21.03781816609585 0
1812 57.11483968541454 93.45719077727733 0
1813 60.80195889911355 91.70945066542214 0
1814 60.1753940381362 97.08119380139557 0
1815 30.6830710114829 0.7240044569158504 0
1816 30.36054177206094 1.18087157361248 0
1817 30.06447181719962 0.4568671166966294 0
1818 185.7662385776711 58.91798078096807 0
1819 182.0655534624428 61.82724721672546 0
1820 180.9686566911094 56.32301978947123 0
1821 198.3686865153652 153.0403334382042 0
1822 193.5753233181887 153.8140935683739 0
1823 195.9587841738501 148.1651364536436 0
1824 190.1568069174031 158.3037665255502 0
1825 187.7469045758881 153.4285695409896 0
1826 17.14108627703923 35.11287175072016 0
1827 16.8004869708334 35.63042896549383 0
1828 151.2517429106913 187.683458921783 0
1829 148.4880811117208 191.3722629053571 0
1830 144.9497073977242 188.5209459889604 0
1831 23.36036758381005 28.58789380932361 0
1832 22.99260149466839 27.98223971653098 0
1833 23.69577735602382 28.09821103004221 0
1834 95.06567447031617 181.0997032917583 0
1835 93.37434505210373 176.2106937346006 0
1836 97.95461743837683 176.2181789095443 0
1837 113.0444973488706 73.77590488460878 0
1838 108.2871967053613 75.67514794368547 0
1839 108.2613580698791 70.70036496002388 0
1840 27.63252549507078 21.82954020100353 0
1841 27.52155040757179 21.03172005751452 0
1842 28.15775324752399 21.50604911570933 0
1843 30.04848737831243 11.07533004511845 0
1844 30.06163715222332 10.26482748156497 0
1845 30.50318393202719 10.76215265379643 0
1846 180.5109526645366 163.0481881125139 0
1847 175.4087344990623 161.5544137467206 0
1848 179.2261700096282 156.4244681323725 0
1849 171.2073740100616 165.6210141173149 0
1850 169.9225913551532 158.9972941371734 0
1851 24.75132350647409 39.02229991256921 0
1852 25.31099862943923 37.95799506717532 0
1853 25.67248761878468 38.99945168365833 0
1854 24.30832351075327 28.08445738065561 0
1855 23.94055742161162 27.47880328786297 0
1856 28.23798062760166 30.64883109956595 0
1857 27.79576910302459 31.54385759747081 0
1858 27.35652148537048 30.38142633138408 0
1859 12.89053754125906 46.24749638317058 0
1860 12.37099094313741 45.75657949932238 0
1861 13.10567721155687 45.65328754808818 0
1862 33.35079247052843 5.543568957364968 0
1863 33.80335618003072 4.59521663933399 0
1864 34.24576182298232 5.410158967283035 0
1865 141.6132960967501 215.7084964952462 0
1866 141.1003265525301 210.7091340497976 0
1867 145.4005848738921 213.7355105159958 0
1868 135.8111823842559 89.1242173968246 0
1869 138.2771062225666 93.97396172715096 0
1870 132.6826782500728 92.97476890278776 0
1871 165.6088822259007 38.19053238253818 0
1872 166.9867628313386 32.25384386904878 0
1873 19.74779377093982 35.76307736645958 0
1874 19.51098962023206 36.44344839331684 0
1875 19.05138645060094 35.76375879356522 0
1876 16.98727382266326 36.13563188542522 0
1877 16.22841609366078 35.95314595344377 0
1878 23.23283636458287 47.93334888455976 0
1879 22.3283561697739 48.34831352875101 0
1880 22.65490372833597 47.15563431197091 0
1881 151.8951967554854 195.435589972707 0
1882 145.5931612425182 196.2730770398844 0
1883 31.00001868364524 16.10660863357652 0
1884 30.17722972260064 15.82605899352893 0
1885 166.0964567437737 200.1305491297475 0
1886 168.1934754479457 203.9121491305865 0
1887 162.054942540869 204.0683638889085 0
1888 200.2096709373547 200.3481414535049 0
1889 205.2394876095748 200.8083132032332 0
1890 200.7008982073932 205.1021361257443 0
1891 108.9761277018321 79.79421851303813 0
1892 104.1929884228406 76.71867858845323 0
1893 26.34223529340051 18.8232982787741 0
1894 26.69712014171509 18.42734990276031 0
1895 26.8873986090189 19.04722836548245 0
1896 122.0698652661526 226.7754948145494 0
1897 123.4091645322351 231.241760737564 0
1898 117.2544042044107 230.1360009645476 0
1899 31.23772910226709 5.544081512034099 0
1900 31.93305783470198 5.587348425397587 0
1901 31.66943853721817 6.262381753956129 0
1902 52.01969477724894 23.28668079833906 0
1903 52.94380326695874 20.48687644575134 0
1904 54.43106904695532 22.35738901132565 0
1905 162.4501285323016 5.763914147419541 0
1906 157.4632441677075 5.763914147419541 0
1907 109.4714681611455 193.4829980472194 0
1908 109.4442333679931 188.8742874894072 0
1909 114.4469513721972 192.2167373127323 0
1910 7.53518780290797 51.22253855572464 0
1911 7.795024251730537 51.95848945763908 0
1912 6.94520240676031 52.02875711748882 0
1913 92.54464952591451 112.7865661211244 0
1914 97.04946500757585 113.4067769833226 0
1915 94.55951951795785 117.6474856559179 0
1916 56.2777267136738 24.46540790600133 0
1917 57.2018352033836 21.66560355341362 0
1918 76.32734760536719 84.2959178983848 0
1919 73.34851064887894 88.16791177542896 0
1920 71.12794650183585 83.83990385959839 0
1921 75.39598003348081 92.43177454420496 0
1922 70.19657892994948 91.97576050541855 0
1923 55.72764610876477 128.25417841366 0
1924 59.99211401671106 131.2546346323894 0
1925 56.06562785013597 132.9094705547374 0
1926 188.35261001392 55.31045582239946 0
1927 189.4495067852534 60.81468324965369 0
1928 29.8543391035701 20.3939586142258 0
1929 29.14136685898458 20.34057414989899 0
1930 29.6263377761099 19.76158079284784 0
1931 132.5207372221331 171.5731756274166 0
1932 131.0629269423928 175.1686889514129 0
1933 128.0727402125496 171.5683353159918 0
1934 127.5689006623599 232.979056587424 0
1935 122.7534396006181 236.3395627374222 0
1936 32.17948381071109 17.44291087048899 0
1937 32.0401548657583 18.26140699100771 0
1938 31.17127507621925 17.67248083892697 0
1939 28.81904826073388 21.63841061523765 0
1940 29.69762258120149 21.51675269044307 0
1941 29.14730265549058 22.18221133440377 0
1942 30.66753820030569 20.46829612277941 0
1943 30.18256728318037 21.04728947983057 0
1944 31.931163327798 176.0664538629636 0
1945 30.74640986449076 180.1143739499748 0
1946 26.65334454170194 176.9694700544389 0
1947 99.67859469848396 238.5730179062954 0
1948 102.2142534845852 232.4551168015347 0
1949 104.8364853039744 237.5819674893434 0
1950 107.3234901823265 241.9086371064875 0
1951 109.8591489684278 235.7907360017268 0
1952 241.8733906739106 107.1258311312543 0
1953 236.1139827649532 110.0154089442466 0
1954 237.8690088762816 104.7950862297402 0
1955 238.1538312868617 98.96622602709863 0
1956 232.3944233779043 101.8558038400909 0
1957 187.6834393187365 192.0259473042968 0
1958 186.964541970712 186.3757611778644 0
1959 192.5092438377801 187.8726419846458 0
1960 180.9474195598584 185.259376322674 0
1961 185.773224078902 181.106071003023 0
1962 134.9126714591496 106.6113834694371 0
1963 139.3913361539407 109.7878570173833 0
1964 133.3861609633373 110.6282061475598 0
1965 134.2073927003628 167.4138469406231 0
1966 137.197579430206 171.0142005760442 0
1967 37.70293044775293 4.146353003563645 0
1968 36.55444633147168 4.217312159504715 0
1969 37.3840665808922 3.340285679614626 0
1970 24.07941645627785 30.44794195414656 0
1971 24.45497690576352 29.84028104919575 0
1972 24.600787240236 30.41163129501878 0
1973 107.6843122067358 217.6291186725502 0
1974 101.887660970396 215.6873817846322 0
1975 106.9897150408798 213.6359747745057 0
1976 111.5379926540668 201.527569748226 0
1977 116.5532960962984 200.8981279648072 0
1978 113.6171025850155 205.6002498424887 0
1979 122.4863522090935 202.3215069333814 0
1980 6.34255875488892 49.69693320740114 0
1981 7.120745812288142 49.65976555009288 0
1982 6.707098375516859 50.14200234137355 0
1983 73.51811038508188 182.8551637916575 0
1984 79.52111876110445 182.205859864441 0
1985 75.9186916246001 187.7981437299322 0
1986 249.3343139443949 183.3657954967823 0
1987 249.3343139443949 178.4811801121506 0
1988 178.3699991310735 249.0539025452521 0
1989 183.2546145156614 249.0539025452521 0
1990 157.2704561017869 45.57680651409447 0
1991 161.147686841563 47.09569152991573 0
1992 158.6612576144816 50.93012898545727 0
1993 48.79676359655124 22.21438911700153 0
1994 49.61293819524437 23.91477051633876 0
1995 47.87727279454323 24.71299140057554 0
1996 38.50705409865671 16.22029334666443 0
1997 39.068920256233 17.43714007197321 0
1998 37.35381034929792 17.4127508205969 0
1999 19.94540064912031 35.26826566402913 0
2000 20.40500381875143 35.94795526378075 0
2001 118.9875190291965 222.9381153690023 0
2002 125.1422793570208 224.0438751420187 0
2003 73.3562792361576 17.73658116479129 0
2004 68.5699098702022 17.27224514697434 0
2005 71.16094033968393 14.52498225791817 0
2006 31.36178504530491 0.7240044569158504 0
2007 18.42616947808068 32.96647268986617 0
2008 18.11814984584516 33.50406331740067 0
2009 89.34450399733882 31.65526882501911 0
2010 90.94116430950939 26.82141840684887 0
2011 93.57806493379707 32.10092057027136 0
2012 22.98277225904194 22.28190161140279 0
2013 23.31794767770779 22.9756076953261 0
2014 22.60011551627888 22.69736745054681 0
2015 192.0536574736795 162.3842419645946 0
2016 186.2252387313789 161.9987179372102 0
2017 164.8182512346794 131.919332857196 0
2018 166.5344133166628 127.9434952274349 0
2019 170.9592175487667 130.2129525666791 0
2020 154.3569983357154 10.77524624311525 0
2021 151.1560668761308 5.011332095695707 0
2022 62.94525704586975 87.89867268897322 0
2023 66.00581139859142 91.52267571309147 0
2024 90.00120114783887 147.2647069227544 0
2025 85.48646872040291 145.824081945663 0
2026 89.12461973577612 141.8975279625276 0
2027 24.44578552319376 47.48820478252198 0
2028 24.11923796463169 48.68088399930208 0
2029 40.38582927181441 27.77262166214187 0
2030 41.70561619666405 28.68223331708502 0
2031 40.81509558201125 30.13234518339618 0
2032 25.70818247101029 18.73743105202103 0
2033 25.89846093831409 19.35730951474318 0
2034 69.13547783053502 183.6868460865642 0
2035 72.73790496703938 178.094562221073 0
2036 43.55503605744525 7.719951329292087 0
2037 43.19815039585367 6.165612385496974 0
2038 44.19294952991072 6.789082889766719 0
2039 25.69673875588355 27.92831486167933 0
2040 26.32392055684333 27.90879556044847 0
2041 26.0324568842973 28.56324052414053 0
2042 164.2313782933505 42.21424153768288 0
2043 165.6221798060452 47.56756400904568 0
2044 86.88940772227173 35.24675573478743 0
2045 84.25250709798405 29.96725357136494 0
2046 6.307138638027689 50.73598810712811 0
2047 7.085325695426912 50.69882044981984 0
2048 143.3190059122589 223.8588352956926 0
2049 138.5894154237292 225.051039762336 0
2050 141.1839639295823 219.9270774280877 0
2051 136.8837056082203 216.9007009618896 0
2052 154.4791003614898 200.3115839976518 0
2053 157.3740202306925 195.4107698631246 0
2054 196.4852054874863 164.7523691119196 0
2055 192.553637301462 168.4473205235796 0
2056 14.9930225013019 55.19818539502649 0
2057 15.56947273212122 53.75794291229133 0
2058 118.9187668897847 78.45547968679256 0
2059 121.7598509507374 83.85737963440074 0
2060 115.9114200453054 84.15258781587855 0
2061 198.9882007626704 194.788573321036 0
2062 194.4496113604888 199.0823962435471 0
2063 22.2358221528254 28.9854116812919 0
2064 21.59576560792264 28.89301444294177 0
2065 22.01713517755186 28.37952525746225 0
2066 22.42607135449263 27.96500561152144 0
2067 21.78601480958987 27.87260837317131 0
2068 74.87501556819527 99.85665015447465 0
2069 77.81707849603458 95.84974801890554 0
2070 80.4480457496785 99.46677489918565 0
2071 43.00743827811395 49.74565631921651 0
2072 45.14845477479261 47.67941978402455 0
2073 45.56693792426454 50.306466922192 0
2074 179.8490811787747 90.02995285334106 0
2075 173.0672570728225 89.70116720362489 0
2076 176.0760861930959 85.4294767531199 0
2077 180.0464162709949 81.92528980075349 0
2078 173.2645921650427 81.59650415103732 0
2079 74.67388734705195 239.1243379369394 0
2080 68.65337789554394 238.2439290162239 0
2081 73.00758237247047 235.115124112733 0
2082 18.63365984383625 63.11265186091396 0
2083 18.15415183399494 64.75734139609713 0
2084 16.39189052974189 62.95472215576642 0
2085 32.1758574135054 11.48499524556131 0
2086 32.6330656072806 10.52728315304674 0
2087 33.06609898937779 11.32701696441828 0
2088 14.34393334759692 50.26360620332404 0
2089 13.30301881311324 50.1617831190941 0
2090 14.10868735710433 49.48154557902416 0
2091 9.618385349254577 43.10664282806751 0
2092 9.507278344613256 43.86617645702999 0
2093 9.128865811834535 43.34705062181557 0
2094 16.27435512802903 39.34861737378209 0
2095 15.5794641729052 39.65333117809543 0
2096 5.809232528615047 54.81365898740193 0
2097 4.896445016435966 55.01054984567725 0
2098 4.895349741728399 54.04747018064604 0
2099 171.9484070289258 206.080325679494 0
2100 167.9068928260211 210.018140438655 0
2101 120.7220326925774 45.80085821164745 0
2102 116.8281191369955 44.87001099591636 0
2103 121.1389324856087 40.90344878824951 0
2104 102.0616171989833 177.6138599642502 0
2105 100.3702877807709 172.7248504070926 0
2106 18.47938743479736 66.40669214267163 0
2107 16.237618120703 66.24876243752409 0
2108 76.51176200336585 232.3870672265709 0
2109 70.49125255185785 231.5066583058554 0
2110 29.0097115804445 7.129727894030225 0
2111 29.42351481932571 7.58635255153165 0
2112 28.79384007710994 7.829675080350349 0
2113 51.98482832895952 35.13380798483797 0
2114 49.92437837642957 32.82654426525835 0
2115 52.57341421261762 32.56826199502231 0
2116 34.83267551122989 183.7117981367691 0
2117 29.55485672513382 184.6148143282445 0
2118 36.46937859938618 14.8263067803078 0
2119 35.84672702685087 15.588237643607 0
2120 35.52416143451542 14.21864032862668 0
2121 145.4046758284309 123.9201546968468 0
2122 143.9203572228805 118.9945902628966 0
2123 148.9772551892666 119.3725410830039 0
2124 198.7640142662688 208.8749044773782 0
2125 203.7938309384889 209.3350762271065 0
2126 6.950447584956406 54.29581958851662 0
2127 6.506588054745178 53.30764367088699 0
2128 7.648898385794106 53.75288393703289 0
2129 24.08148858938375 52.43031011323693 0
2130 24.56007932127455 54.02684072975163 0
2131 22.76337387289878 53.4910242438193 0
2132 35.61877401838426 159.9674990672085 0
2133 36.50686874774707 155.8654167704231 0
2134 40.11069385104618 160.1850406916402 0
2135 51.97192005547115 135.3291470381394 0
2136 56.23638796341744 138.3296032568688 0
2137 19.18391761015091 48.08918914671449 0
2138 18.16537600087272 48.20158893456809 0
2139 18.83471151023538 47.14581169353947 0
2140 106.460856253908 202.510900615664 0
2141 109.3970497651909 197.8087787379825 0
2142 17.35106785152229 36.46611178837222 0
2143 17.8237728915776 36.44341785985624 0
2144 17.61549604326401 37.09661475075317 0
2145 32.35094858654344 3.9340214194789 0
2146 32.20486761366386 4.798837406445739 0
2147 31.64742937263048 4.004232196508717 0
2148 38.7344583247223 4.517217680855952 0
2149 37.9048380753018 5.394244160746041 0
2150 104.3943317609867 194.4663289146574 0
2151 20.57838348679568 67.36911816867274 0
2152 18.66184977350374 68.86053921009969 0
2153 150.7389733248642 181.9650931447956 0
2154 154.2773470388609 184.8164100611924 0
2155 33.7866129772309 164.2164628001622 0
2156 30.18278787393179 159.896838878945 0
2157 74.77540360954737 67.87957605183068 0
2158 69.98722922581015 65.15022437961755 0
2159 73.98131014287122 62.47082456945004 0
2160 29.85169262127737 39.98320737924303 0
2161 28.97346568205963 40.23174478150173 0
2162 29.68252490722713 39.01194699228395 0
2163 104.6664617912124 100.0313723635146 0
2164 105.9298291248707 105.5785011467346 0
2165 102.2982194759877 103.1649429247796 0
2166 125.9887536668068 45.84225587808602 0
2167 121.6779403181935 49.80881808575288 0
2168 32.32512677877116 0.8378769703513791 0
2169 31.94248269981048 1.561881427267229 0
2170 27.01387726710011 29.63759988062939 0
2171 26.57166574252304 30.53262637853425 0
2172 29.51275251216123 149.3362632384126 0
2173 27.13239893061355 154.2237711934909 0
2174 24.63020252768964 147.9121592859123 0
2175 212.0556398509777 166.4732950583003 0
2176 206.5445904591639 167.327349357042 0
2177 210.1512353713618 162.7246202304315 0
2178 98.03472357893097 103.0818357950444 0
2179 99.29809091258923 108.6289645782644 0
2180 32.38355733979888 145.4489343568104 0
2181 34.88575374272278 151.760546264389 0
2182 197.0514669521505 81.22629056802123 0
2183 194.4514148470913 76.93662148398096 0
2184 199.0788360882247 76.78931565955894 0
2185 2.233064682491245 67.36778112097502 0
2186 2.233064682491245 69.41424374598614 0
2187 18.59404876413208 32.22580453729968 0
2188 19.03335669096245 32.91085363127813 0
2189 250.7391484644438 188.0229972297887 0
2190 246.0734624088388 185.7734081114158 0
2191 185.5649926923871 245.5683209089122 0
2192 187.9257627924944 250.5144183636601 0
2193 27.27067769309984 116.2319961016196 0
2194 23.17532294107225 114.5152034495499 0
2195 27.17696433290898 110.7839342431293 0
2196 14.58723028664995 48.72273309416611 0
2197 13.54631575216626 48.62091000993617 0
2198 56.61785739099231 59.14803627842069 0
2199 60.64096628162669 62.54955159069031 0
2200 81.6982886173929 148.6392396549527 0
2201 80.82170720533017 143.2720606947259 0
2202 22.01323205855689 34.63730634503209 0
2203 21.33360233191289 34.36852046966153 0
2204 21.72688665966765 33.97931643491614 0
2205 25.28971859689447 35.18356463070135 0
2206 25.98637400077493 34.38821692929094 0
2207 26.06476718138267 35.31279927870889 0
2208 201.4654398869664 73.47358569488077 0
2209 204.0654919920256 77.76325477892104 0
2210 3.167167173430687 55.54822961344886 0
2211 3.221087309662357 54.50821911890435 0
2212 3.92864209331765 55.28437153346587 0
2213 17.60538942557885 40.99456280359547 0
2214 17.80293024310325 41.62552139740558 0
2215 17.15032545121327 41.2849376950325 0
2216 182.407803220813 167.1286635515583 0
2217 29.31552572841559 12.54142740653241 0
2218 29.10066413622489 11.8736415308495 0
2219 29.72240254508519 12.24064972724299 0
2220 53.70610825165643 29.89120603931702 0
2221 55.7665582041864 32.19846975889664 0
2222 101.3129609046326 113.4898841130578 0
2223 203.445637767136 151.3818561096398 0
2224 201.0621769114745 157.0308132243701 0
2225 18.18696349986453 36.12852235894889 0
2226 18.45139169160625 36.75902532132983 0
2227 16.43924564089323 44.92763726452306 0
2228 16.51968520263276 44.07299226190786 0
2229 17.07476849231207 44.72752603095338 0
2230 143.7270471866664 55.08224135454216 0
2231 149.5407293175409 54.54182941175616 0
2232 148.2246270359333 59.26906617058995 0
2233 145.5378792451554 62.23025642932773 0
2234 151.3515613760298 61.68984448654173 0
2235 13.8250412456952 47.00315097850725 0
2236 13.45902813700566 47.50850505330983 0
2237 13.25921070098897 46.64955850673896 0
2238 0.9105739013964205 52.06672639275081 0
2239 1.584842927329148 52.75344433645876 0
2240 0.6742690259327278 52.73977681350711 0
2241 32.53959834861318 18.9069653614458 0
2242 31.53138961412134 19.13653532988378 0
2243 134.4745415001914 228.4320261087533 0
2244 138.237152467694 233.1090278616668 0
2245 131.9872365614796 232.5582563404793 0
2246 131.3315116298626 237.6560583403375 0
2247 4.615677639510524 61.96100211475645 0
2248 3.492666057944562 62.64314301920206 0
2249 2.959707144972032 61.01182950703963 0
2250 162.8381094900958 125.2909122389524 0
2251 168.9790758041831 123.5845319484355 0
2252 29.34929421054217 13.01992046351023 0
2253 28.72755580168187 12.65291226711674 0
2254 16.27272433034481 38.11862810560613 0
2255 15.60836628334371 37.8865924130243 0
2256 55.37755876532059 45.00335117021179 0
2257 55.80383187760665 47.69798450476833 0
2258 52.32634714169354 46.44995296630528 0
2259 204.859078141524 216.72792185168 0
2260 203.3650408313919 221.3103085371935 0
2261 200.3629096872324 217.6902312642539 0
2262 28.55649205959093 6.634273291516088 0
2263 29.1861668018067 6.39095076269739 0
2264 199.8457882838613 70.1927289602981 0
2265 204.8324441876621 71.16666807966021 0
2266 72.44405307540521 75.26344292227621 0
2267 75.53037207846765 72.09666788227079 0
2268 77.19310246138656 76.8011349425488 0
2269 24.93839034693098 18.64995141501117 0
2270 25.38216470201739 18.1159401790421 0
2271 25.0518339480678 17.57209973698929 0
2272 25.82162607214711 17.65957937399915 0
2273 179.5744718512652 129.4268393814891 0
2274 184.8094811411777 127.6775810645424 0
2275 183.119286395399 132.882727138399 0
2276 87.47239961392367 113.323318038055 0
2277 89.96234510354167 109.0826093654598 0
2278 153.1483641189668 168.4288594973745 0
2279 152.5393935424209 162.4649197742348 0
2280 156.4770153493515 164.7637601540775 0
2281 161.4036083960249 166.8957971924924 0
2282 160.7946378194791 160.9318574693527 0
2283 157.3507516747139 205.2962622130694 0
2284 151.8719281995068 205.3210823226517 0
2285 36.22084880790494 59.47430659306836 0
2286 39.00777373521534 57.5840658315525 0
2287 38.75915321198591 60.02064628800503 0
2288 144.3597829623678 128.4385926104493 0
2289 142.8766752305382 132.9706238037927 0
2290 138.8646701302152 128.074235070083 0
2291 26.93258190437381 27.43032326395907 0
2292 27.26830003278756 28.06524892642026 0
2293 110.6940827100017 210.9037016441656 0
2294 104.897431473662 208.9619647562475 0
2295 111.045445597988 218.983600513934 0
2296 105.9433915275042 221.0350075240605 0
2297 47.97010012561113 29.55200244544385 0
2298 48.11653747238815 31.47523034369424 0
2299 45.57367333791161 30.7662345136954 0
2300 10.46728907935195 48.14716732751494 0
2301 10.82094819443755 47.40741436746345 0
2302 11.03551930353119 48.16221692728488 0
2303 9.123365776189395 50.71357129935538 0
2304 10.09694812862739 51.0942618992101 0
2305 9.358592000316197 51.53296149572961 0
2306 36.74348336344142 215.1042928249397 0
2307 35.06737897504583 208.8014166271296 0
2308 39.8900297970569 210.5760859062387 0
2309 13.19874545995033 41.03214777399118 0
2310 13.86070660396016 41.27329032132986 0
2311 13.17138306109271 41.57477101761238 0
2312 134.9806770773623 75.09483010649092 0
2313 137.6575967308212 69.98481873500313 0
2314 140.2494251462536 74.41962909597868 0
2315 132.0280491784649 102.6381229163638 0
2316 138.0332243690683 101.7977737861873 0
2317 14.58168642878371 40.95211443743224 0
2318 14.5543240299261 41.49473768105344 0
2319 154.96104321018 94.60819657939064 0
2320 150.768564348326 91.7663259154167 0
2321 155.6303973165926 90.49754111410297 0
2322 145.7524102993316 93.00019580094607 0
2323 146.4217644057442 88.88954033565841 0
2324 65.81734762871859 9.172813568559835 0
2325 63.34489883899097 6.928795096886574 0
2326 67.39827816800704 6.703976001416674 0
2327 158.8620260517453 185.9782401725933 0
2328 158.3492564659182 180.2598743956059 0
2329 126.8754309753682 145.9010186817614 0
2330 125.4038593819225 150.8108237792441 0
2331 121.6537773547144 145.6654549840474 0
2332 117.0275107638448 142.5473282780727 0
2333 115.5559391703991 147.4571333755555 0
2334 24.92252577398283 31.02939384346594 0
2335 25.2980862234685 30.42173293851513 0
2336 219.7696952812714 200.2738162872318 0
2337 214.9210856053581 197.5639659381532 0
2338 220.2727671314443 195.4969557512788 0
2339 224.1688763460569 193.901761688348 0
2340 219.3202666701435 191.1919113392694 0
2341 80.8776808095068 102.7067299770315 0
2342 83.81974373734612 98.69982784146237 0
2343 72.90901833168701 11.96865637441253 0
2344 68.1226489657316 11.50432035659558 0
2345 43.3517929388009 27.58275820563786 0
2346 43.78105924899774 29.94248172689217 0
2347 25.80921498574144 137.1935659987874 0
2348 22.77507785041354 142.3081102637537 0
2349 21.57373672691766 136.4770249317071 0
2350 107.3984578369205 149.32805467679 0
2351 112.0221349228862 150.4300803983135 0
2352 108.4909201802773 155.4191284055227 0
2353 161.1343892614185 37.71865990340822 0
2354 12.52452443256951 46.75285045797317 0
2355 27.76627114859885 133.6632542286275 0
2356 28.96761227209473 139.4943395606742 0
2357 28.10985991005223 5.452971620006067 0
2358 28.05539231117978 4.818501473875079 0
2359 28.67847968208069 5.261026014052265 0
2360 29.09515138127141 5.504252484271724 0
2361 29.04068378239897 4.869782338140737 0
2362 24.22121463310511 19.61027172378514 0
2363 24.67463929922169 19.18230631136743 0
2364 0.5817175172754585 51.48029905167831 0
2365 1.492291418671879 51.49396657462997 0
2366 28.70807317323489 20.84059047174864 0
2367 28.48007184577469 20.20821265037068 0
2368 37.83611647171017 15.13099908902336 0
2369 39.55122637864525 15.15538834039967 0
2370 69.86953872027605 194.0363593637092 0
2371 66.38828410696932 197.8700827691482 0
2372 66.43442863527079 192.2811710625878 0
2373 20.10533488306226 36.95931116693733 0
2374 19.40892756272337 36.95999259404297 0
2375 54.52371331008277 42.01091775263514 0
2376 58.00119804599589 43.2589492910982 0
2377 28.94770386464957 22.77876354870207 0
2378 29.82627818511718 22.6571056239075 0
2379 141.9308650622104 78.07052120825813 0
2380 144.6077847156693 72.96050983677036 0
2381 68.62743619197197 78.86577257364614 0
2382 66.96470580905307 74.16130551336812 0
2383 28.2643345238293 4.307082338644102 0
2384 44.89399091740595 19.00399651100492 0
2385 42.85533353872211 18.05054658983415 0
2386 45.06778715159219 17.55145958333247 0
2387 15.0804383213271 50.76556622452823 0
2388 14.27476977733601 51.44580376459817 0
2389 12.90214881998237 44.55162828194101 0
2390 12.31023382656571 44.49376979221319 0
2391 12.62625203311286 43.88302740991421 0
2392 29.06766688110743 23.33431742488875 0
2393 28.38869135148083 22.85942313538502 0
2394 210.9007064632104 158.6214509137477 0
2395 205.3896570713966 159.4755052124894 0
2396 128.2107239944752 92.38697690578779 0
2397 130.6766478327859 97.23672123611414 0
2398 80.96901021496404 92.04189928891596 0
2399 165.425772319529 80.84948192252506 0
2400 165.7383069181246 75.04292649943476 0
2401 169.6067966857393 79.29413568031343 0
2402 35.94671022677589 38.39988277180382 0
2403 37.6269092644968 38.37759720415072 0
2404 37.15952729052215 39.98976050456751 0
2405 178.2248094110095 174.0839099373473 0
2406 181.7275310062397 171.4416363655054 0
2407 183.2588232632785 177.3474125759906 0
2408 88.40968638336133 104.7075346005198 0
2409 93.48193629535217 104.1707826835892 0
2410 24.9791893298393 28.02390473192388 0
2411 24.7344092642515 28.64331247410312 0
2412 16.11404424421927 40.91377044918911 0
2413 15.6445491718147 40.55922124381874 0
2414 16.4832895612843 40.29942989585201 0
2415 17.71063742837593 49.95605443947476 0
2416 18.86121084136995 50.47040786313609 0
2417 18.05726616895763 51.28149591486775 0
2418 27.94801237605034 26.7708381944244 0
2419 28.63300383742592 26.17979222107184 0
2420 28.56195284169362 26.99573065657831 0
2421 13.86962934528242 43.86080719123326 0
2422 14.18406674597162 44.34486479743521 0
2423 13.53260442721872 44.42494350584398 0
2424 25.27065300238533 27.36945976823183 0
2425 4.842524880204296 56.05056034022176 0
2426 29.54104527947062 35.48389913020248 0
2427 29.57831792666679 36.64540813534329 0
2428 28.36141293372505 36.37536745389022 0
2429 236.7353409363673 236.7246032030478 0
2430 238.4978267886761 231.5407874568726 0
2431 242.0108255202564 235.0430484551225 0
2432 235.2267771795628 242.1154093774517 0
2433 231.7137784479825 238.6131483792018 0
2434 139.3166650134691 23.46675490020568 0
2435 139.841213217195 19.21847220746479 0
2436 144.1837521321526 22.96371034642578 0
2437 19.56644915669062 57.58451868515657 0
2438 21.12280928359475 58.83760623305911 0
2439 19.74810161926349 59.47545592130675 0
2440 14.99478015093306 47.62400417164871 0
2441 15.55715175587112 48.48463974073671 0
2442 150.3285669654214 214.5203167497568 0
2443 149.8155974212014 209.5209543043082 0
2444 45.53817657891862 6.755262196842073 0
2445 45.18129091732703 5.20092325304696 0
2446 127.4919761034894 83.14264803888808 0
2447 124.4846292590101 88.83975616797407 0
2448 14.46534489280856 38.88104558918448 0
2449 14.54601400570557 39.52733735749291 0
2450 13.86622504158347 39.04660128096818 0
2451 22.07857568810696 81.93241807165478 0
2452 23.20358596695311 78.54504208881156 0
2453 24.54126160139307 81.18192350361562 0
2454 18.89667753066185 37.08334917171878 0
2455 19.49102279349205 37.59921194533926 0
2456 88.41805137499307 176.2306696713739 0
2457 91.30699434305372 171.34914528916 0
2458 1.123223804812086 46.18205538249207 0
2459 0.5044151288612828 46.20920786701296 0
2460 14.49587780093129 38.34429609228931 0
2461 181.0841994280327 143.0577688484367 0
2462 177.2898428029814 139.7297996612293 0
2463 181.6786337305378 137.9599546425532 0
2464 30.317833470471 1.70222823800164 0
2465 29.69923427618771 1.435090897782419 0
2466 26.4713331906587 31.97793660640066 0
2467 27.2780909912634 32.24408430661645 0
2468 26.83511422112869 32.94556808372818 0
2469 237.3655985623814 93.06286310816732 0
2470 242.8401840607587 96.00214549781666 0
2471 93.56085086860614 237.586330558327 0
2472 96.18308268799532 242.7131812461356 0
2473 0.5044151288612828 46.83204548198496 0
2474 17.90909883597339 52.64995029360536 0
2475 16.75852542297936 52.13559686994402 0
2476 19.78989179559127 30.06371697235242 0
2477 20.03424138968266 30.5494568698976 0
2478 19.37207776631259 30.56728986594861 0
2479 14.82466045062291 59.02223839194627 0
2480 16.45269112594608 60.05115770949482 0
2481 16.77899697434967 36.78882877632215 0
2482 35.12009235814868 5.48150978437396 0
2483 34.66752864864638 6.429862102404938 0
2484 149.4166809287539 128.8165434305565 0
2485 94.84957060630705 155.8512515474889 0
2486 99.82234542057891 152.7228373271914 0
2487 4.807382958732773 65.82523019854629 0
2488 6.419029509234221 64.48036346777081 0
2489 6.07777591548394 66.71327803939822 0
2490 53.4924294246221 95.99621131548454 0
2491 54.11899428559944 90.62446817951113 0
2492 167.5917088008283 184.2553350139264 0
2493 168.5380506152786 189.9041550465238 0
2494 163.880277293253 187.0705245396043 0
2495 18.36880040746527 220.2412965925814 0
2496 20.64433372416487 223.5038857723749 0
2497 16.45855523785131 225.4269260970103 0
2498 9.831846631648244 47.78211334777495 0
2499 9.226421035040445 47.51570499305009 0
2500 9.647292373650512 47.12595641296865 0
2501 8.85377505845398 48.04218086011873 0
2502 8.669220800456248 47.38602392531243 0
2503 84.56973699436261 105.7795721008493 0
2504 88.08932818617313 100.8677454189787 0
2505 28.66653303411384 29.84124232953719 0
2506 29.10578065176795 31.00367359562392 0
2507 24.07180076419809 17.6204735807134 0
2508 24.02321943022363 17.04833168941695 0
2509 24.56379124396363 17.45631865073578 0
2510 14.37095403719472 40.45571196688752 0
2511 15.06457146316066 40.6771593266111 0
2512 64.06926963671552 11.72913945206548 0
2513 102.4819963869283 150.2693049952739 0
2514 106.0132111295372 145.2802569880647 0
2515 31.27254282684138 171.8681883091007 0
2516 35.36560814963021 175.0130922046366 0
2517 23.93000524421715 18.22362431089691 0
2518 10.04641774074188 48.53691590759638 0
2519 52.0099624086666 27.70909581967803 0
2520 55.20310640023536 27.33930358355236 0
2521 23.84330079500009 38.69330024668057 0
2522 24.20478978434553 39.73475686316358 0
2523 27.049292411684 83.01517143013555 0
2524 30.60354546409713 84.5618747210934 0
2525 26.97050437496005 86.1160027774167 0
2526 22.82917288082438 21.78111421429447 0
2527 23.54700504225329 22.05935445907377 0
2528 12.73189639721867 41.80840726247819 0
2529 13.3938575412285 42.04954980981687 0
2530 22.41350035306345 23.28818810626897 0
2531 104.5167870792872 92.86762868638445 0
2532 109.5765141359728 91.97175427020176 0
2533 106.094579199015 96.72193972537687 0
2534 109.726188847898 99.13549794733191 0
2535 31.18507155883583 19.79852947874825 0
2536 31.5132997384461 20.45186034435303 0
2537 9.898039736211825 42.69753268364693 0
2538 10.27645226899055 43.21665851886134 0
2539 185.2174520150048 241.3937570340036 0
2540 181.1444689543234 238.8806446805737 0
2541 185.4680765537741 236.1665966240731 0
2542 242.0667514602349 185.545912248266 0
2543 237.0065325887801 185.9693492759141 0
2544 239.6084090173351 181.5396434060575 0
2545 159.8083678661956 191.6270602051907 0
2546 31.47745844623419 39.64774462573674 0
2547 30.7683992210667 40.86754241495453 0
2548 149.9135881714897 49.88312428267219 0
2549 154.4111680207566 54.06994909871998 0
2550 30.99797059814055 107.2447548063916 0
2551 26.90261584611296 105.5279621543219 0
2552 10.27179104647309 49.58842079508612 0
2553 11.15615235336069 49.64168253422156 0
2554 10.74608321138819 50.32813344197132 0
2555 24.02507431721713 21.07803210712856 0
2556 23.94760048696094 20.41578710942041 0
2557 24.50536444954309 222.8500658991031 0
2558 22.59511927992914 228.035695403532 0
2559 175.6266484919499 178.8010535268475 0
2560 174.0953562349111 172.8952773163622 0
2561 157.5864532581211 65.82401957388423 0
2562 154.0470843137613 64.23251978201991 0
2563 157.5776781111676 60.32015401966827 0
2564 17.53157001597127 59.76620049699372 0
2565 19.08793014287541 61.01928804489626 0
2566 21.0402918293147 34.77833891640397 0
2567 20.75394643042544 34.12034900628803 0
2568 4.399173889363521 137.3275382541297 0
2569 4.013774671005679 132.0100974470377 0
2570 8.4129485603692 134.9224577751697 0
2571 199.1561827130952 96.26202196692162 0
2572 200.6189220466816 100.5964376699877 0
2573 195.6985078921737 100.3086923478349 0
2574 37.06817867187499 12.72369473677922 0
2575 38.43491654419898 13.02838704549478 0
2576 37.51355087937472 13.76140177404304 0
2577 156.8390352742686 15.91590765343221 0
2578 150.5318579826919 15.16332560170838 0
2579 12.03067289506016 44.96833839262546 0
2580 11.75477610819065 44.29973752059867 0
2581 24.92460234926525 13.73575445101519 0
2582 25.34662444777862 14.3854290080438 0
2583 24.67802083929483 14.21629319553079 0
2584 24.4326092383013 36.27936886947757 0
2585 24.87897314731543 37.04449513810275 0
2586 23.94347060811452 37.21571702746102 0
2587 176.9935399857025 106.4807730900866 0
2588 181.2524218459458 109.1271894658234 0
2589 177.016945137578 111.8769235135481 0
2590 6.951542859663974 55.25889925354783 0
2591 177.1941097872612 188.8090160091807 0
2592 176.0027918954511 183.5393258343392 0
2593 147.531287904597 170.5964711428576 0
2594 142.3680342027968 170.958897528717 0
2595 144.0474886102359 166.4924455033913 0
2596 30.30674806372177 6.552760102902083 0
2597 29.80089529157777 6.375392200792465 0
2598 30.46825703263927 6.041746938483023 0
2599 213.3358618940779 219.8561267526466 0
2600 209.8317982904756 215.9611353784594 0
2601 215.3064508988699 215.4692630064865 0
2602 206.8296671463161 212.3410581055198 0
2603 16.67562869190361 41.18660824029863 0
2604 15.836888302434 41.44639958826535 0
2605 8.463902930681758 53.72445714182112 0
2606 8.020043400470529 52.73628122419149 0
2607 73.69301977154196 192.0135664546561 0
2608 73.64687524324049 197.6024781612165 0
2609 231.6027193323291 155.4082980020552 0
2610 229.8299618969961 150.8522168120039 0
2611 236.1521600862101 151.038599355936 0
2612 158.6497131192917 212.704761316934 0
2613 159.6468624366553 218.0980854247212 0
2614 155.7407288300944 215.6990846458565 0
2615 148.451471278021 223.6987350286408 0
2616 145.8569227721678 228.8226973628891 0
2617 9.451414666090187 53.08586782894228 0
2618 9.080269651413765 54.10247054178369 0
2619 20.65941049309386 38.01977240830634 0
2620 21.434404797191 38.21511300703353 0
2621 20.88630999932527 38.74353175269117 0
2622 54.73647384450047 160.9090384542332 0
2623 57.98952225761801 165.798180350646 0
2624 52.61846876022804 165.1614192934717 0
2625 32.63657704861495 5.51713764836777 0
2626 13.13227741940089 48.05386638218461 0
2627 12.56644687469466 47.70027391041631 0
2628 5.584999430712205 48.22694833750202 0
2629 4.908510337858282 48.43220560940803 0
2630 5.117767649501557 47.76868046686387 0
2631 24.49535049995053 34.10707203939627 0
2632 24.27154791478861 33.5024289563142 0
2633 24.98752283112482 33.65433919820134 0
2634 244.7423197737815 136.2342407589911 0
2635 249.4427703755121 134.0095171227456 0
2636 134.0772026056979 249.8280093721843 0
2637 136.3257201675136 245.6352596780864 0
2638 172.3143722277777 145.8582502974568 0
2639 175.4096801723151 149.879153816846 0
2640 171.0286438996164 150.90979024719 0
2641 127.3906414422803 30.09855556700118 0
2642 131.7559072981826 32.63204450528579 0
2643 126.3928304121953 33.93719163238174 0
2644 123.5302052987418 36.61899934903886 0
2645 127.8954711546441 39.15248828732348 0
2646 15.00511866166212 41.82987371101954 0
2647 14.28413883683856 42.15104959491715 0
2648 176.7573347665104 15.18864484594862 0
2649 172.0051223529301 13.19851937462807 0
2650 176.7224642961163 9.819585666965342 0
2651 200.3127058196259 161.1339825410539 0
2652 200.8126856474084 167.1970611000389 0
2653 20.05337994268459 29.50294888711023 0
2654 42.00948501291442 229.3620837022791 0
2655 40.02733871371588 232.5945245305416 0
2656 36.40756002469763 228.4922810555209 0
2657 74.31156578658558 57.86502806297685 0
2658 79.09974017032278 60.59437973518998 0
2659 106.6732246352319 185.548054581169 0
2660 111.6487078462837 184.2817938466819 0
2661 28.17430269053015 79.62779544729233 0
2662 249.8943273181677 148.8287086495078 0
2663 245.193876716437 146.1688169011215 0
2664 146.1020375798883 245.7379276832142 0
2665 148.7381354026606 249.9306773773121 0
2666 73.75409956580121 36.1302828849665 0
2667 77.85294463547837 32.69285895428476 0
2668 77.69856575323982 36.996164411815 0
2669 13.42806656828271 43.41456913232212 0
2670 14.0795288870356 43.33449042391336 0
2671 139.1063017600865 118.6734417861228 0
2672 142.6788811209222 114.1258281722799 0
2673 20.70745111576527 36.96706031442996 0
2674 20.60538905825658 37.48360451515607 0
2675 19.45076263915495 33.29000881306551 0
2676 19.61864192520635 32.54934066049903 0
2677 46.08372225339141 16.50818031766605 0
2678 44.04506487470757 15.55473039649528 0
2679 14.20241572596333 46.41132062132317 0
2680 14.40223316198001 47.27026716789403 0
2681 138.2064611283472 28.00270073953595 0
2682 133.8639222133896 24.25746260057496 0
2683 42.6439965745484 235.5253827535301 0
2684 37.0420715863316 234.655580106772 0
2685 129.977586391531 112.8837875482898 0
2686 134.456251086322 116.0602610962361 0
2687 28.56822878940061 9.899296144006959 0
2688 29.06857079013859 9.423167554646438 0
2689 29.07629982134762 9.992111886128093 0
2690 29.0914492095591 10.5231226741878 0
2691 29.59179121029708 10.04699408482728 0
2692 8.610028796618188 51.9300626624273 0
2693 203.4140886455061 131.9476418169089 0
2694 201.2820963029857 137.7481215955489 0
2695 197.6119320941434 132.9584125758866 0
2696 29.04174938675207 11.02055216352434 0
2697 28.82384701818052 11.50675309083235 0
2698 28.3580554520381 10.95444140279662 0
2699 24.34862153022879 18.5608154383885 0
2700 162.3922714722001 196.5030542301355 0
2701 168.5308043792768 196.3468394718136 0
2702 218.5158951323787 107.178447428436 0
2703 214.5377640788211 105.9054736312382 0
2704 216.2977168084676 102.0320602133202 0
2705 25.8949939426952 0.4946182662910996 0
2706 25.89032848582993 1.114197086751943 0
2707 34.43066397278102 49.77691935045115 0
2708 35.01658301551848 51.72954161548795 0
2709 33.05341741521971 51.67064842216127 0
2710 26.68653834622786 23.08000577949984 0
2711 26.60684185354129 23.50687446309605 0
2712 26.02130631698442 23.07932491199406 0
2713 229.5119410208451 91.41795503731348 0
2714 227.1283902079737 95.31337206463411 0
2715 223.9610854403345 90.70438346449831 0
2716 3.990926676624121 117.1720254879349 0
2717 3.990926676624121 122.1547264077051 0
2718 43.87867870127026 212.7609362972403 0
2719 42.20257431287467 206.4580600994301 0
2720 26.51835448826646 0.4946182662910996 0
2721 24.10655543233698 22.00600248221195 0
2722 23.95295605411941 21.50521508510363 0
2723 21.94635644382091 91.91782548713414 0
2724 24.25411389185417 96.20088813650158 0
2725 19.75660827745757 95.12685683489669 0
2726 205.2517401604652 102.3006203968795 0
2727 201.7940653395436 106.3472907777927 0
2728 20.79404289292184 36.32655433935193 0
2729 21.29409706811617 36.85084768757068 0
2730 29.3476757707242 5.879937598278328 0
2731 33.1197220421769 0.8378769703513791 0
2732 93.5612541666835 209.3221134809431 0
2733 98.90556781563748 208.0510583466038 0
2734 95.84875015558602 212.965293020927 0
2735 231.3706770630837 83.44606103680758 0
2736 225.8310007829087 81.34212116168894 0
2737 230.8570415927865 77.97921576131884 0
2738 78.60867117468905 219.068389232903 0
2739 78.7773093818623 213.700387093254 0
2740 82.22701585961676 217.761303687564 0
2741 86.28140707953779 218.6828269912397 0
2742 86.45004528671102 213.3148248515907 0
2743 240.5083470831541 176.5586735455147 0
2744 241.5540449440684 171.9479053962563 0
2745 245.7143257497041 176.5054382291511 0
2746 49.17185623482749 144.8701879430318 0
2747 53.20905439329172 146.7683992598184 0
2748 50.23823045936658 150.8893074625793 0
2749 56.62068310554766 143.5803773381839 0
2750 57.68705733008674 149.5994968577314 0
2751 175.7032947360762 239.444932920829 0
2752 176.3330035553258 245.2886449637708 0
2753 171.1424538758479 240.6257727940957 0
2754 39.98497783850551 69.35500444242641 0
2755 38.53268519887793 66.42503745642531 0
2756 42.20504507344458 67.28085081387046 0
2757 32.15652768571799 9.806975481558991 0
2758 33.04676926159037 9.648997200415961 0
2759 16.88852120492692 49.79753122978481 0
2760 17.69246587733925 48.98644317805316 0
2761 177.1868635512594 195.2517004344705 0
2762 172.2422358868521 193.5316499461357 0
2763 19.93509607227139 33.39875095688225 0
2764 19.34981083802749 33.76026392766135 0
2765 196.7698266694022 190.4161600536444 0
2766 202.5298862462681 191.6819052636021 0
2767 206.85017641905 191.1346809910038 0
2768 204.6318023257818 186.7622677236122 0
2769 29.70987987104248 5.488693922366799 0
2770 151.3257162827851 219.913640857544 0
2771 30.7484421384892 6.971801247842974 0
2772 30.08108039742769 7.305446510152416 0
2773 27.80653079702852 7.598766468671363 0
2774 27.3959605493186 7.112615583122627 0
2775 27.96946659051881 6.886899537300186 0
2776 35.90154364659558 9.215231291793486 0
2777 34.81393884460476 9.218023714902758 0
2778 35.32860360459775 8.339624728889955 0
2779 5.036281896302704 166.7756631759177 0
2780 5.036281896302704 171.7583640956656 0
2781 31.2404776195842 44.6687885954268 0
2782 30.00651521455666 44.80398257122518 0
2783 30.39286992966841 43.17516287691747 0
2784 180.4064303096292 15.2935100878326 0
2785 175.689088366443 18.67244379549532 0
2786 202.9938698784955 239.4478107272764 0
2787 198.0818884490214 237.8991981855251 0
2788 201.738428806472 233.7154152696289 0
2789 194.4391945677502 241.1556513103378 0
2790 193.1837534957267 235.4232558526903 0
2791 194.3877659025123 176.518951764559 0
2792 200.16819405563 174.7504896253544 0
2793 197.5707746428735 180.4539937190087 0
2794 148.012556074855 46.38138865325954 0
2795 152.8829947780708 45.90950834022336 0
2796 31.11642909476225 11.12895832576984 0
2797 31.12957886867315 10.31845576221636 0
2798 103.9489353437768 5.955134233755905 0
2799 99.54477315327595 9.988654821630806 0
2800 99.98930687185708 4.0335205878749 0
2801 165.7386638419104 231.4536100206706 0
2802 164.4121261682582 225.3667766126825 0
2803 169.186207382946 228.695227343166 0
2804 15.75295672686872 46.60453154137451 0
2805 16.26777038207788 45.70266164904914 0
2806 16.47951527536338 46.48404092589394 0
2807 32.56845723223057 29.23310497921561 0
2808 31.22421100315327 28.51873215848139 0
2809 32.51368949622505 28.11402117523358 0
2810 16.87316950942801 41.81756683410874 0
2811 34.55612021847365 57.62398299410928 0
2812 34.30749969524422 60.0605634505618 0
2813 182.9090246261279 67.33369900675004 0
2814 178.1114427395663 64.7387380152532 0
2815 17.48897234377564 40.48515123112967 0
2816 18.14157713566561 40.82573493350275 0
2817 31.17818791123322 3.483390669094767 0
2818 31.03210693835365 4.348206656061606 0
2819 36.44636957787885 32.29686846964961 0
2820 35.74365856526505 30.80001743213421 0
2821 37.51899335220847 31.52062460406108 0
2822 33.42864777966739 27.69281215538401 0
2823 33.92686485836727 26.3632642764901 0
2824 34.35615280400222 27.4988461170739 0
2825 29.86520889409313 8.00539369647254 0
2826 31.49192797883189 11.66293895940439 0
2827 30.86553304218594 12.10663585098445 0
2828 174.175325031412 215.9343034861044 0
2829 172.2742476825583 221.1453419599121 0
2830 169.7607470581476 217.3973554613702 0
2831 167.1088355664269 213.6450395416806 0
2832 165.2077582175732 218.8560780154883 0
2833 212.1881249770473 189.501074426607 0
2834 210.0862088975336 194.420711966597 0
2835 209.5831370473608 199.1975725025499 0
2836 31.38632565592714 2.29371256168679 0
2837 32.34966738939339 2.407585075122318 0
2838 5.937343357196211 45.18223515184421 0
2839 5.361111817759232 45.40956785620164 0
2840 46.62738019333209 52.86077705565661 0
2841 48.76839669001075 50.79454052046465 0
2842 33.40561507131734 8.635553340463719 0
2843 33.88215299287995 9.355861011951468 0
2844 24.54168425445841 15.36428392277432 0
2845 24.42094712190501 15.97200115433449 0
2846 4.837214381859356 94.62539237596786 0
2847 8.965896921650268 97.8008954354513 0
2848 4.128682539790912 98.66352718273178 0
2849 171.8733387193527 182.3506932133542 0
2850 173.5771267636384 75.78994872794703 0
2851 30.86551173455808 208.2210817962267 0
2852 34.01205816817355 203.6928748775258 0
2853 145.0726474988403 136.3345133991337 0
2854 139.5775346666877 135.9701558587674 0
2855 9.243102496980232 50.00914396696093 0
2856 8.504746368669036 50.44784356348045 0
2857 106.9822617825756 3.169339048787923 0
2858 106.5377280639945 9.124473282543828 0
2859 100.4924601000765 133.4020882148382 0
2860 96.72117693010132 136.2381869490214 0
2861 95.93619718809364 131.6537382521873 0
2862 97.45839600264812 140.6623449256457 0
2863 92.9021330906653 138.9139949629947 0
2864 174.4564568335186 62.81367112449176 0
2865 175.2999279972037 68.32012291451633 0
2866 166.380854701412 136.8416827662452 0
2867 161.9560504693081 134.5722254270011 0
2868 79.52445299552872 69.41726807210327 0
2869 24.77484409285885 22.15028406656219 0
2870 24.36889308099273 22.70442344053233 0
2871 14.29779583891377 63.62100620604069 0
2872 23.46552392713345 21.13138408399037 0
2873 139.4890579247722 84.82652534432714 0
2874 133.8946299522784 83.82733251996393 0
2875 197.4380358914568 214.2877757201443 0
2876 195.9439985813247 218.8701624056577 0
2877 151.4689097115276 172.8953115227003 0
2878 53.86871673838521 187.9476974879637 0
2879 53.25079172996267 191.8455174335854 0
2880 49.33640396450349 190.2400551722301 0
2881 56.66425134449969 194.3962346873536 0
2882 52.13193857061796 196.68859237162 0
2883 2.813980478131425 56.44906484825265 0
2884 2.106425694476132 55.67291243369112 0
2885 19.07683400310988 34.36745477527629 0
2886 18.6247615853621 34.77341967364895 0
2887 18.41340498716328 34.05748668221727 0
2888 33.06778939091691 30.19846595928333 0
2889 31.77831089784514 30.60317694253114 0
2890 19.87441326456797 34.80677760986921 0
2891 20.53162331237958 34.99165550719038 0
2892 145.1822161649879 161.7818613730464 0
2893 140.0189624631877 162.1442877589058 0
2894 36.6850278679014 33.56969894059115 0
2895 34.90969308095799 32.84909176866429 0
2896 146.4953140115707 96.81094329100264 0
2897 142.1485140689889 93.93415771124435 0
2898 90.02537147181201 22.22358948834633 0
2899 94.25893240827025 22.66924123359858 0
2900 175.9539192748455 234.2177725108986 0
2901 235.4481282116994 176.9821105731627 0
2902 47.52795158873005 34.0407763335099 0
2903 92.30152887909077 219.0310826762333 0
2904 88.07849945199652 223.4775615122066 0
2905 9.583611149056187 52.31075326228202 0
2906 25.3002378894602 158.4727349264447 0
2907 20.27573438102435 157.1743635577996 0
2908 23.32612332434258 162.8474312432537 0
2909 248.8142083926195 104.6835234389521 0
2910 248.8142083926195 99.79890805434766 0
2911 22.01109762054642 24.87635202035269 0
2912 21.80036119064263 25.45900344289465 0
2913 8.114319710936822 44.03585143726625 0
2914 7.576136731161893 44.34264896345503 0
2915 99.99656710536263 248.849934297052 0
2916 104.8811824900053 248.849934297052 0
2917 30.87196468080502 9.443304045769374 0
2918 31.48520984354008 9.810109717742787 0
2919 208.4505751423457 151.187076618614 0
2920 212.3500119423435 150.5935797435474 0
2921 210.0385649632431 154.778839020739 0
2922 31.89891349784985 8.931823765112005 0
2923 185.5095359344053 106.9635692855061 0
2924 185.5329410862808 112.3597197089677 0
2925 29.53412937795566 45.74658060396983 0
2926 28.68652168803987 44.2529548854605 0
2927 2.570628753758013 52.30143772675657 0
2928 2.279130093834484 51.56759657446985 0
2929 3.028611044799655 51.78864038552396 0
2930 196.1808146522566 92.31368944861592 0
2931 201.1012288067644 92.60143477076869 0
2932 194.919093420114 19.68532574611237 0
2933 191.3233439255601 22.17659613849546 0
2934 189.27393770386 17.25017611809093 0
2935 51.10020397524094 25.78528308191306 0
2936 18.874923935358 53.48399435983541 0
2937 211.5914129280297 109.5516671755192 0
2938 209.3732346041186 104.4052799604034 0
2939 243.4715859802838 190.2031139812724 0
2940 189.8886002918377 242.8542728524116 0
2941 32.55649083584993 3.231366507258961 0
2942 33.11392907688332 4.025971717195983 0
2943 64.21435878152342 165.4875184022903 0
2944 62.09635369725099 169.7398992415287 0
2945 36.21225743547139 41.4010895693101 0
2946 37.8924564731923 41.378804001657 0
2947 18.42376765057229 35.44815133209163 0
2948 17.76033863462569 35.1381832390326 0
2949 41.14941528655665 61.24064467717926 0
2950 38.36249035924625 63.13088543869513 0
2951 20.30365603556955 39.31544883327 0
2952 21.07865033966669 39.51078943199719 0
2953 42.4859997834411 55.25155449193656 0
2954 45.44927779581737 55.11177262420665 0
2955 44.50935615167258 57.99062365875925 0
2956 199.9023744696049 84.8660434980311 0
2957 195.2749532284714 85.01334932245311 0
2958 204.5440252328997 123.5857881433818 0
2959 199.2972479485405 121.193872773134 0
2960 204.0973487447765 117.6217281192692 0
2961 239.4808636797765 168.2698127201514 0
2962 244.6868423463266 168.2165774037878 0
2963 10.98130943551499 51.14752363834555 0
2964 167.5195960237981 238.9180562724318 0
2965 168.1493048430477 244.7617683153736 0
2966 232.378969658228 126.128738070583 0
2967 235.9191441341377 130.7975974132916 0
2968 231.0008202634637 130.4842391942658 0
2969 5.828099438016658 46.75368805853476 0
2970 5.322591145319416 47.25939660346005 0
2971 5.356433840980594 46.44966146703695 0
2972 11.46077817276774 48.57380256331373 0
2973 11.81443728785333 47.83404960326224 0
2974 161.4707615799582 18.02075172418101 0
2975 157.6456212269346 22.40883108277414 0
2976 166.3520842253081 15.04770342422521 0
2977 167.1586701779742 21.54062685356714 0
2978 6.065974155364565 49.05258494808332 0
2979 5.652326718593283 49.53482173936401 0
2980 31.92496136092909 12.46267277077592 0
2981 32.45066730885497 14.51910443237632 0
2982 32.59168337600256 13.74363359289167 0
2983 33.47039691384018 14.33908038833329 0
2984 31.60271351270048 117.1424302383358 0
2985 27.60107212086375 120.8736994447563 0
2986 157.9048351419918 97.40208301917437 0
2987 153.0430021737252 98.67086782048811 0
2988 167.2155653973271 179.5170627064346 0
2989 34.80735376855195 104.5316262447476 0
2990 35.08170225534798 109.787598333555 0
2991 227.2664749241494 189.6368643675343 0
2992 228.2189753854501 193.9419087795437 0
2993 216.1542097319537 223.5829185580423 0
2994 210.6795571235594 224.0747909300152 0
2995 171.472527127632 169.8478134258751 0
2996 165.9863839837228 167.2906938163279 0
2997 22.59553597351439 50.51026086432223 0
2998 21.46551023378226 50.65761314904188 0
2999 21.77626306628866 49.27338038605951 0
3000 229.9843179584624 197.7113096746895 0
3001 233.0819165365549 193.4464123538758 0
3002 27.89310908821221 18.02975521331086 0
3003 27.9207294993942 17.3414007613825 0
3004 28.45271559391066 17.72092424981374 0
3005 186.9136430204503 136.2106963256064 0
3006 29.55724077570152 11.07543436222353 0
3007 244.832083142399 92.58937680983621 0
3008 245.6203158668793 98.4927397287675 0
3009 156.8720881896566 153.1319672131869 0
3010 161.0903353077236 150.8467979405701 0
3011 160.0862918908727 156.514651158321 0
3012 20.43255107598562 87.70654683599405 0
3013 24.93005669038222 88.78057813759894 0
3014 98.70509968259165 245.6414963194922 0
3015 92.58735585271381 244.6548089715238 0
3016 28.41671406018428 14.04401060053093 0
3017 28.72828743716692 14.46368494470594 0
3018 28.057452213918 14.35705040822506 0
3019 3.976831950008706 250.0227088983287 0
3020 8.861447334651306 250.0227088983287 0
3021 249.547705667345 9.326787629584398 0
3022 249.547705667345 4.442172244987409 0
3023 106.1035562108068 141.1627717906266 0
3024 104.8865739517503 135.4817265943706 0
3025 109.712690320473 138.6579614733248 0
3026 162.2050861592109 65.34746236356035 0
3027 158.6744923618046 69.25982812591199 0
3028 28.41697020151092 11.80753077012177 0
3029 225.1520460967728 150.7380582416106 0
3030 229.7014868506538 146.3683595954915 0
3031 205.7570847462364 147.1965968324482 0
3032 16.25290105768526 70.1771316981764 0
3033 18.35189710968359 71.13955772417751 0
3034 63.84939387621096 189.0003037032339 0
3035 60.36813926290423 192.834027108673 0
3036 145.0718213102959 154.4028958437649 0
3037 140.8997663303945 152.3135942946923 0
3038 144.8178976227508 149.2827865098962 0
3039 18.36687489056185 56.69725387727298 0
3040 16.82459956035792 57.30345229377809 0
3041 100.9149654930633 168.0986474455154 0
3042 95.09249074296612 165.9515502384904 0
3043 20.52970063949119 30.61890784966852 0
3044 20.1118866102125 31.12248074326471 0
3045 5.80814306836689 48.64436424244974 0
3046 6.498375104662527 48.80647571048688 0
3047 20.74631136147982 51.84517148291684 0
3048 19.9270384542541 50.60829100465411 0
3049 218.7459998483329 144.5199670819589 0
3050 214.7556869342868 147.8095093287156 0
3051 197.3609724529948 248.8157968215863 0
3052 202.2455878375827 248.8157968215863 0
3053 248.96386806653 202.3005473897744 0
3054 248.96386806653 197.4159320051426 0
3055 27.8378471951328 28.53658823170504 0
3056 28.45991684315682 28.28794065732089 0
3057 28.42080265797158 29.23775225909507 0
3058 32.9991553128506 43.88493617420659 0
3059 32.61280059773885 45.5137558685143 0
3060 208.9285736151496 93.3450777297481 0
3061 213.050068058803 95.44973729327209 0
3062 208.1980913112565 98.65442685259841 0
3063 151.3603365229833 67.19371004075768 0
3064 190.0186923228433 115.4926591859135 0
3065 185.7615782343838 117.6562793662307 0
3066 185.7559980339951 122.5054560754045 0
3067 181.2702467974326 119.3725165984587 0
3068 8.259841354849065 60.80313110785491 0
3069 9.214078037438316 59.43379407744506 0
3070 9.61051819552938 61.00429894451985 0
3071 227.4487611918252 249.0019772768028 0
3072 232.3333765764131 249.0019772768028 0
3073 248.8866556862826 232.1603855852101 0
3074 248.8866556862826 227.2757702005783 0
3075 92.01620615119992 201.0212001688146 0
3076 92.30146675246694 196.8343237201775 0
3077 96.90333242800199 200.2210023579828 0
3078 196.0509293213778 184.765973927212 0
3079 201.8313574744955 182.9975117880073 0
3080 191.7742916904509 26.58851055098352 0
3081 186.1291359741969 24.15336092296209 0
3082 220.4714029531453 158.5462406949065 0
3083 225.3160521248339 161.6506261732028 0
3084 220.5069339348642 164.9749514099862 0
3085 28.81756954013808 211.1539488280696 0
3086 27.76224873326581 206.0454070784658 0
3087 4.297206153388011 70.69762266477554 0
3088 2.064141470896765 72.05372164058798 0
3089 102.6099354847594 205.3187852162637 0
3090 100.4689925958836 201.5999942060202 0
3091 26.96225500479762 7.389079076354538 0
3092 27.12519079828791 6.677212144983359 0
3093 20.85019144712847 62.82190728522698 0
3094 3.976831950008706 245.0400079785812 0
3095 21.9685360220714 24.2550020508801 0
3096 22.48494842403359 24.77219226654658 0
3097 18.12948542292762 38.81378904511416 0
3098 17.88516235967874 39.503633908281 0
3099 17.56511281146841 38.85700580370884 0
3100 22.59029893440155 31.02999360648231 0
3101 22.22335627379643 30.67915850367273 0
3102 22.35453235666776 30.00960467664335 0
3103 21.68327650032484 30.16845469380081 0
3104 244.5608213027564 4.442172244987409 0
3105 44.96641889058712 66.60696773917773 0
3106 43.51412625095954 63.67700075317664 0
3107 43.11082612329447 21.3357413548799 0
3108 42.13979314925831 22.8823382902471 0
3109 41.71050433049972 21.04968045287379 0
3110 13.21658622067157 45.03568588814295 0
3111 39.98083440246647 4.017581661688357 0
3112 40.18274203001533 5.265472818870754 0
3113 187.4418170730819 170.3921661902016 0
3114 43.23799958410773 25.93724473838335 0
3115 45.31344263644142 27.1974931481905 0
3116 26.18218758409979 36.20316213618453 0
3117 26.87884298798024 35.40781443477411 0
3118 32.08440155059009 26.97843933464979 0
3119 35.65833245457339 43.76001825684684 0
3120 37.4426227423556 44.63039900990306 0
3121 36.15576857878745 45.60028420035031 0
3122 48.65073656156356 55.5998462224793 0
3123 51.48772917325542 169.2112392348351 0
3124 48.23468076013787 164.3220973384223 0
3125 22.19951356635422 33.76899636114198 0
3126 21.51988383971022 33.50021048577142 0
3127 3.477355094646141 66.49454143130041 0
3128 3.818608688396423 64.26162685967299 0
3129 19.93505571564306 132.3702319253545 0
3130 16.90091858031516 137.4847761903208 0
3131 24.74472191479422 46.13022358518926 0
3132 25.63112351484305 46.87775869993158 0
3133 25.89343147706549 185.7151477110592 0
3134 29.97969712380462 189.3125718978535 0
3135 30.65935105942861 37.25867470084039 0
3136 32.02825844758005 36.828280485672 0
3137 31.9296592345963 38.33301537485684 0
3138 122.4785988417232 93.10170850130045 0
3139 122.0301061402648 98.95096092897859 0
3140 118.3040114047997 95.40374019116487 0
3141 207.8855047412315 114.0325584971007 0
3142 202.6387274568723 111.640643126853 0
3143 0.5817175172754585 50.80512080249483 0
3144 32.65812387405387 15.4115304600678 0
3145 31.77941033621625 14.81608366462618 0
3146 28.14456995902574 12.33198105682079 0
3147 28.17833844115232 12.81047411379861 0
3148 27.67061571771577 13.21345948377635 0
3149 28.25360156037191 13.53439069407231 0
3150 193.0848215048785 37.33271402788067 0
3151 197.5732320439087 34.8473055423921 0
3152 16.0281473237758 50.17525557723026 0
3153 16.00997577273914 49.20564431580866 0
3154 171.7508126460164 24.69015777172268 0
3155 166.8694900006665 27.66320607167848 0
3156 0.6742690259327278 53.530693887886 0
3157 152.4289986877289 155.0859542449533 0
3158 153.4330421045798 149.4181010272024 0
3159 230.8394562269902 211.1511583976091 0
3160 225.1030133855649 212.3684523871747 0
3161 227.7759894431831 207.6768838653369 0
3162 15.71268709239857 45.04812788000363 0
3163 150.1450524245707 34.04928081472883 0
3164 144.9884063081806 31.56779267303001 0
3165 148.8158500448169 29.6934811808655 0
3166 153.493195541226 26.23947816729483 0
3167 148.3365494248358 23.75799002559601 0
3168 126.8730978735424 155.6308600528822 0
3169 121.6514442528886 155.3952963551681 0
3170 26.41716734291028 26.76046277465276 0
3171 27.3615468188545 26.91691614062455 0
3172 38.85850651099194 31.12010458501476 0
3173 40.17829343584158 32.02971623995791 0
3174 29.03714289882447 73.33940204715766 0
3175 28.86415019275799 76.1553864643225 0
3176 25.83926458630571 74.97856310360754 0
3177 11.22897163577003 44.2700498174786 0
3178 10.85107157470403 44.68263721049221 0
3179 10.60482803378896 44.17838090695987 0
3180 204.8928341529779 92.10174033932913 0
3181 209.7448109005244 88.89705078000281 0
3182 173.8884908260391 142.6071995680421 0
3183 174.4829251285442 137.5093853621586 0
3184 0.6102373841441269 48.51822319620777 0
3185 0.6102373841441269 49.14106081117846 0
3186 36.29098502314162 47.06255916376853 0
3187 34.50669473535942 46.19217841071232 0
3188 23.8488770896376 35.81573744961766 0
3189 24.78437962883851 35.64451556025939 0
3190 175.0999353596223 21.77903925037864 0
3191 174.8107551823145 27.90161846848999 0
3192 132.3394995175148 224.5002682411484 0
3193 70.11504072875827 108.9815775304739 0
3194 71.33539356740634 104.7338020867515 0
3195 76.28562998319111 107.7214524784772 0
3196 12.65373448985526 48.81267886704266 0
3197 222.0149364451212 151.919558387066 0
3198 219.609261453178 154.7036288018977 0
3199 216.3436767551842 151.4012717308406 0
3200 214.8001432632082 158.0279540386811 0
3201 12.0302926738838 136.808940883115 0
3202 11.64489345552596 131.4915000760229 0
3203 211.6586805150586 5.226834587348106 0
3204 206.6717961504645 5.226834587348106 0
3205 47.33989019466034 6.573399405851799 0
3206 46.35154880724403 8.161559042571559 0
3207 5.143230231588982 51.46456423465619 0
3208 4.811553706482279 51.87211644811156 0
3209 4.45182465070793 51.246307517347 0
3210 60.82653956870535 102.4114305259995 0
3211 59.88986552045917 107.4386703312012 0
3212 55.55160077619101 103.8561737184525 0
3213 17.44942697641727 45.19504216486543 0
3214 17.5298665381568 44.34039716225024 0
3215 88.81309045305596 210.2300100973392 0
3216 91.86990811310741 205.315775423016 0
3217 87.26804243757238 201.9290967852107 0
3218 131.5374384871125 155.7974976782797 0
3219 127.7850233580786 160.3819702542037 0
3220 28.92443678362082 13.64102523055319 0
3221 35.30748457258773 28.25850995765092 0
3222 35.8057016512876 26.92896207875701 0
3223 25.00325261409335 16.99995784569283 0
3224 12.75619562238703 40.78383431893943 0
3225 13.44551916525447 40.48235362265692 0
3226 184.3321600821515 145.3482534488552 0
3227 179.9433691545951 147.1180984675314 0
3228 5.147440477072159 45.98114469071091 0
3229 4.641932184374918 46.4868532356362 0
3230 36.78665787973388 28.85619974293986 0
3231 35.33710903244851 29.42608378125674 0
3232 241.9336658439596 225.124699708417 0
3233 238.3027037825129 227.1448500872352 0
3234 236.4630582539073 222.410317086705 0
3235 233.0272191986238 228.8264048351606 0
3236 68.70442631376243 101.1167752064713 0
3237 116.7819233316188 28.52863422562182 0
3238 117.0297757274629 32.8256170750681 0
3239 111.7841345027887 29.95054860659279 0
3240 26.44433010475487 29.16626057534462 0
3241 27.22918584760232 29.01506052819445 0
3242 36.31540231109854 22.97941569274232 0
3243 37.18652580910334 23.68068209926283 0
3244 36.0274110543493 24.54904887149096 0
3245 26.59178894169581 22.53350432493166 0
3246 27.17732447825268 22.96105387603365 0
3247 16.8904357605557 47.3220611498062 0
3248 17.34325977742372 48.04306572487814 0
3249 16.41752563702224 48.10691539329126 0
3250 205.453058212122 243.9566864430876 0
3251 208.3613165286598 249.1408896215013 0
3252 249.0951347263448 208.3314466692455 0
3253 244.0590027928747 205.4781479053375 0
3254 23.48194283172698 51.18572516828793 0
3255 25.27864828010275 51.72154165422026 0
3256 35.04290080445545 36.21326508656266 0
3257 34.85632941174914 37.34517031553773 0
3258 33.48513801545404 36.77071593071338 0
3259 1.244290412154895 65.80417778210173 0
3260 183.4257590323255 195.4507741770974 0
3261 178.4738851319165 200.1734081140524 0
3262 28.15955013349458 32.51148907479832 0
3263 193.3226803641483 143.84889446917 0
3264 198.1160435613248 143.0751343390002 0
3265 188.3192056661314 145.113410206787 0
3266 190.4764650536061 140.0234080921436 0
3267 113.6079220178909 139.8495293259475 0
3268 112.3909397588345 134.1684841296914 0
3269 24.70598644823078 34.71993321084144 0
3270 23.99001153189456 34.5680229689543 0
3271 8.733222420714362 173.7867773558702 0
3272 3.696940524411659 176.3051985442548 0
3273 228.541563118004 48.34579770651104 0
3274 232.0574358737313 51.60795307491598 0
3275 227.6177772285959 53.55055133384863 0
3276 229.7955070290944 134.7205443906331 0
3277 226.2553325531847 130.0516850479245 0
3278 61.23834933464553 42.84782192674986 0
3279 60.38450387940772 39.85538850917321 0
3280 155.4252816894656 174.9128720807111 0
3281 149.8082054750957 177.0804837261942 0
3282 4.688624722270044 161.0380134848204 0
3283 9.724906618572748 163.5022932161837 0
3284 17.40524941576486 46.42019125748082 0
3285 26.75030440814897 23.940892071445 0
3286 26.08507237890553 23.94021120393922 0
3287 235.714333673848 159.3408961062632 0
3288 229.3921354846339 159.1545135623311 0
3289 29.67971765718448 25.16719391830582 0
3290 29.82145913244886 24.43947472686401 0
3291 30.63404092996248 25.01184302688901 0
3292 26.85231022337224 15.32720017701571 0
3293 27.32321067861252 15.77084459046438 0
3294 26.75734919292756 15.95203358039647 0
3295 27.92496669437323 15.47139941845844 0
3296 27.83000566392855 16.0962328218392 0
3297 27.78219272181891 52.38221721939055 0
3298 29.47390521039337 53.67275785002347 0
3299 27.56990652633398 54.25666722980218 0
3300 190.810389892092 207.1742945914743 0
3301 194.3451031603611 210.0548356187821 0
3302 189.48441151728 212.5871658342404 0
3303 14.14409242424544 55.76288705929905 0
3304 13.67965729719086 54.57653624017357 0
3305 98.42377059788427 14.99084039130393 0
3306 103.2640796291258 16.7688489983012 0
3307 98.18344860181439 19.84942092209332 0
3308 140.6813787245671 175.1182262155106 0
3309 24.5675435810881 14.82595931229099 0
3310 25.07418361117851 15.40429236304273 0
3311 30.291773994288 27.59706284139967 0
3312 29.33052451224874 27.09958100576286 0
3313 30.20819378510848 26.90216651886256 0
3314 208.0407366398777 36.05284025271078 0
3315 211.7077128701413 40.2652836534111 0
3316 178.6576408264339 152.1696384172645 0
3317 34.05666321291143 11.12520332673482 0
3318 33.59945501913623 12.08291541924938 0
3319 28.64553305087315 27.69062697911542 0
3320 51.82042448247065 156.5298980882124 0
3321 57.19147797986062 157.1666591453867 0
3322 59.40615375839261 2.449745964948727 0
3323 56.58392746642572 2.449745964948727 0
3324 44.29400973439694 162.2797001927423 0
3325 45.18210446375975 158.1776178959569 0
3326 97.41949693963738 34.14651606780764 0
3327 99.01615725180795 29.3126656496374 0
3328 78.33084861943246 40.56263861800186 0
3329 82.4296936891096 37.12521468732012 0
3330 171.8782782764725 224.9461916042144 0
3331 173.2048159501247 231.0330250122024 0
3332 19.56116743622631 34.47619691909303 0
3333 146.1691825115367 5.011332095695707 0
3334 40.99484524922261 72.16483518857473 0
3335 37.32248537465595 71.3090218311296 0
3336 33.94396897244556 33.87488653298027 0
3337 33.70531068242301 32.60205606203873 0
3338 102.9504785823074 35.97743440652184 0
3339 97.51238626429654 38.7656893271558 0
3340 2.16263819385793 63.31245425195617 0
3341 29.47971871368303 38.15014302452813 0
3342 116.6484015137558 153.5482071042881 0
3343 229.316904545983 202.3331979880643 0
3344 223.5804617045576 203.55049197763 0
3345 3.822131065551963 49.73718379976721 0
3346 4.240430850149955 49.45720190825898 0
3347 4.262255167377972 50.10756055229938 0
3348 7.473857948541512 61.7817610994059 0
3349 7.077417790450446 60.21125623233111 0
3350 62.90881192933026 111.3497326478954 0
3351 57.63387313681592 112.7944758403484 0
3352 235.4204634676873 84.18868986736092 0
3353 230.3944226578095 87.55159526773102 0
3354 107.1969356822965 28.50591345216009 0
3355 102.9406734453521 26.49284533813213 0
3356 107.2800198700003 23.64049764311855 0
3357 85.24514494894001 22.79465624382426 0
3358 88.56291304770087 18.64247907057398 0
3359 80.543234738211 229.5624194303308 0
3360 78.02690491759839 225.9539536234532 0
3361 28.22687940900939 70.67764170831143 0
3362 31.25176501546167 71.85446506902639 0
3363 158.3357692523353 232.9485050620896 0
3364 153.348172007689 233.2172239649146 0
3365 155.9769853825762 228.3938781930122 0
3366 217.6790424950796 92.37009433112037 0
3367 216.9485601911865 97.67944345397068 0
3368 9.051603843051449 49.47657446604799 0
3369 9.67022325057181 49.74230220192293 0
3370 4.808537489029024 59.2843982526346 0
3371 5.912895317831473 59.71449706327864 0
3372 5.187076555340443 60.75978741323806 0
3373 113.6635885542727 168.6081102009948 0
3374 108.9363418113151 168.6361243904588 0
3375 110.2938897089198 164.8401113491801 0
3376 108.3916640990227 173.262327352036 0
3377 105.0219652536698 169.4943285002213 0
3378 41.87900041583707 225.6665596122392 0
3379 45.49877910485533 229.7688030872598 0
3380 6.449069492795044 44.70566642000169 0
3381 6.373668269276671 45.46738419026914 0
3382 107.4447880781405 32.80289630160637 0
3383 144.1009613151774 46.07814627512433 0
3384 147.0703679217585 42.10453033267549 0
3385 32.21482984028636 35.69637525669692 0
3386 56.23407381038916 118.3669145002967 0
3387 53.21512740151807 114.4558521836026 0
3388 183.7598589919081 153.6634127830579 0
3389 4.128682539790912 103.1846351109054 0
3390 164.1713765462663 84.7565320019545 0
3391 160.3028867786516 80.50532282107582 0
3392 198.0059093430887 109.9364603999612 0
3393 193.4756512002502 107.4196037897757 0
3394 194.3203133175788 112.7129561388359 0
3395 28.73708750546662 34.50729943522794 0
3396 29.95399249840836 34.777340116681 0
3397 15.4338167802257 40.06281877327402 0
3398 85.22652106674889 227.4264208647955 0
3399 83.71137815251635 233.8595344679132 0
3400 189.3008125781289 125.9613438323144 0
3401 26.11402252821269 39.7984376833912 0
3402 26.67369765117783 38.7341328379973 0
3403 25.92949453142594 54.60739736763121 0
3404 27.6212070200004 55.89793799826413 0
3405 128.4151842667344 140.6796461995259 0
3406 132.1652662939425 145.8250149947227 0
3407 29.51240671035454 13.52954036996885 0
3408 20.11564122994305 203.9529247304097 0
3409 24.05068715138808 204.0337408399172 0
3410 21.77926061740079 208.8974580008013 0
3411 37.31789828278641 34.90259755648175 0
3412 39.23020662495283 34.93589475880962 0
3413 38.32640054291697 36.82101667371489 0
3414 169.5074545533404 143.6378359983861 0
3415 1.573745649807681 49.39255000720307 0
3416 1.865977141520268 48.84739673159001 0
3417 2.219248023039696 49.41485080626261 0
3418 137.3955347852307 16.46720544468909 0
3419 142.2626219039141 15.96416089090919 0
3420 135.889601510258 154.2400455527596 0
3421 135.6356778227128 149.1199362188909 0
3422 168.1031666599236 3.914730097822398 0
3423 166.3172137549141 9.678644245241939 0
3424 34.41003038957044 34.88036647067207 0
3425 35.78122178586554 35.45482085549642 0
3426 33.11264787973327 2.499535372839401 0
3427 87.52169058846437 38.81322994097429 0
3428 124.4017713134938 27.29036951629686 0
3429 129.7648481994811 25.98522238920091 0
3430 50.18113085784566 110.7286329806645 0
3431 48.78133153141891 116.3010716406128 0
3432 65.15506793623634 172.8143890788469 0
3433 58.93023141233093 173.1250510272026 0
3434 28.48430974279534 90.32728142855677 0
3435 77.38845024652434 222.5298187566095 0
3436 73.93874376876987 218.4689021622995 0
3437 7.058643429432715 68.12950967384107 0
3438 8.670289979934164 66.78464294306559 0
3439 72.87374404755747 45.41111459403663 0
3440 76.96308369899509 44.26371987465202 0
3441 76.23710706298986 49.2412461261919 0
3442 89.93678820895724 40.86556530557268 0
3443 85.47707417579511 42.74402425810537 0
3444 222.3546764818975 250.8348543198007 0
3445 225.1111299812503 245.8368315966036 0
3446 245.6401186171266 224.9763324049292 0
3447 250.7534629308439 222.3928698965603 0
3448 14.18709180425607 165.3945013909448 0
3449 13.83943463022341 159.6568516998474 0
3450 28.0696048712278 24.05119047444132 0
3451 28.06263951358827 24.76799094366451 0
3452 27.26510852514521 24.22435579982502 0
3453 238.6045569074773 75.14131104116402 0
3454 243.2076254191626 75.78903237282174 0
3455 240.9997863846467 80.7308769680952 0
3456 79.41065152863166 241.0781752712238 0
3457 75.05644705170513 244.2069801747147 0
3458 27.75695907076352 38.5349976483806 0
3459 27.31542416133551 37.73601164864773 0
3460 24.61137981494097 55.66811149821358 0
3461 36.68759410287518 21.09825752873181 0
3462 36.90817382338598 19.35753184142755 0
3463 37.6950967863634 20.37032323320994 0
3464 23.03024411965716 31.0209046689773 0
3465 22.72593092391936 31.53058978894435 0
3466 59.55613243088391 75.50604746185182 0
3467 58.41825178082226 69.9326791960867 0
3468 62.01020827555818 72.19026689897294 0
3469 159.4477703788859 209.0778622139084 0
3470 163.3539039854468 211.4768629927731 0
3471 30.74848407281431 2.06970039661597 0
3472 30.08717657694108 2.32391972078591 0
3473 29.86962187888366 26.07212345077829 0
3474 29.05704008137004 25.49975515075328 0
3475 37.47038104017591 51.57482048428838 0
3476 36.09313448261461 53.4685495559985 0
3477 25.61984091840537 33.4692013323979 0
3478 25.39603833324345 32.86455824931583 0
3479 144.979648722149 157.9338057187804 0
3480 149.0081748691973 162.2819634632658 0
3481 250.8515790933784 109.830001594943 0
3482 245.6657874859979 107.0519865727389 0
3483 107.2296006594013 245.6666021989114 0
3484 109.8099566315334 250.8166679018594 0
3485 135.6977271882802 120.9290231868528 0
3486 43.1632701474243 166.3295201341057 0
3487 19.89635917803552 46.11812911892027 0
3488 20.81916732057105 45.28661155355381 0
3489 20.7760612620491 46.20189434031941 0
3490 156.8646907450377 36.95866919055862 0
3491 155.3694240051522 42.07507088468182 0
3492 152.4772294213216 37.29137101668752 0
3493 148.6497856846852 39.16568250885203 0
3494 41.60266378789046 51.09694950675191 0
3495 41.18418063841852 48.46990236858446 0
3496 4.356558911492921 226.7401375941133 0
3497 3.364856610682914 221.5725341397777 0
3498 7.721415522175835 224.2088772523931 0
3499 19.45787481569259 117.4767448788552 0
3500 19.36416145550173 112.0286830203649 0
3501 233.5617274254487 92.16058386786682 0
3502 48.83679406317364 65.3325035465999 0
3503 47.52771288565869 68.93635360729371 0
3504 15.66822601581902 36.97219940453765 0
3505 15.29244306593476 37.46479239495781 0
3506 224.7707482049691 46.9732916376178 0
3507 229.2104068501045 45.03069337868515 0
3508 102.9760403419323 55.59421420997569 0
3509 102.0162745961967 52.05479789756129 0
3510 106.9169696025782 51.88806164074683 0
3511 51.32747440165303 56.58135933129891 0
3512 53.12964113537542 53.28691599254541 0
3513 54.62827657795016 56.51942466991505 0
3514 96.93121267291002 51.03816303468729 0
3515 100.872141933556 47.33201046545842 0
3516 115.2356641987233 23.25705373867751 0
3517 120.4813054233975 26.13212220715282 0
3518 22.69286554716313 66.16392349928347 0
3519 22.87532788586951 68.61777056671153 0
3520 26.09862934580807 201.1008738080743 0
3521 39.18373725668664 12.11057573965326 0
3522 39.62910946418637 13.14828277691709 0
3523 8.611425814849511 43.68769819389462 0
3524 123.8062633629523 249.5047475868662 0
3525 125.9988505833531 245.3327569590505 0
3526 129.1925872211058 249.8280093721843 0
3527 249.2998797631139 123.8647799734983 0
3528 249.4427703755121 129.1249017381152 0
3529 244.7426501386259 125.9896817120367 0
3530 15.37215463120118 47.03217381446463 0
3531 15.16040973791568 46.25079453761983 0
3532 135.2702364183959 59.58854199669675 0
3533 138.3073433349701 57.66465437323384 0
3534 139.3738379884847 61.73336573683887 0
3535 34.13939492848964 83.63773687278999 0
3536 33.47955647334924 80.18413819001449 0
3537 36.93661790101781 82.36083168899221 0
3538 54.1865352164783 14.55090188270284 0
3539 56.12840109969026 16.40402467793035 0
3540 53.41331165345315 17.70446186351043 0
3541 30.83087136092292 26.5696052864151 0
3542 119.6362917431599 35.68815213330777 0
3543 68.02912508346613 51.3488244554681 0
3544 65.1687083296686 49.0371921433731 0
3545 69.28735065775471 48.07700853348152 0
3546 40.19583103229605 82.23354297919479 0
3547 45.52455879214875 81.63266881902334 0
3548 42.92518411601093 85.21355621159624 0
3549 30.39962623918337 18.06981737128688 0
3550 94.46414212596457 13.06922674542293 0
3551 238.7200842088342 202.9534192508188 0
3552 238.851350868649 208.98431853029 0
3553 209.1095985695726 239.7729035271914 0
3554 11.03773573982053 45.16405294534621 0
3555 10.41359213783945 45.07238403482748 0
3556 160.0099607023501 176.0747021921121 0
3557 161.6687615135953 171.1225965010527 0
3558 164.592736290048 176.4695988159475 0
3559 12.46997196555506 58.19738849609425 0
3560 12.09004603352774 59.44357794979808 0
3561 10.94468081014596 58.38877246040616 0
3562 21.61669255174525 32.76576878395245 0
3563 21.89956183986451 32.3639794324209 0
3564 22.27538003451606 32.8881010604657 0
3565 93.88424231594786 41.62507329551301 0
3566 99.41522395861791 43.45599163422722 0
3567 32.09042228330998 13.10419334693377 0
3568 33.11015188829518 12.92416930289074 0
3569 5.018314611984456 52.55961613777113 0
3570 4.326909031103404 52.34135942046193 0
3571 213.0500342159339 115.5327521679354 0
3572 28.58374208478102 97.49031975316163 0
3573 26.39399391841768 100.6993511009242 0
3574 16.79851933719283 86.56325639087328 0
3575 14.40545246617374 88.89244415069825 0
3576 13.75512097394226 84.61190635604228 0
3577 19.78221958375413 83.42600904133808 0
3578 223.2985868953633 172.4557388104839 0
3579 227.041058987049 172.2221791994435 0
3580 224.9880627758596 176.5985811216449 0
3581 123.7631096491275 108.8125410056812 0
3582 118.237120866525 105.7131710152959 0
3583 123.3815074859438 104.3523626092283 0
3584 127.5560949228673 102.0503309193638 0
3585 110.5345290002989 83.43406554973986 0
3586 113.3756130612516 88.83596549734804 0
3587 162.1399154345311 98.34756505949314 0
3588 160.2218743980763 102.4102363005906 0
3589 28.83224404534987 0.5950110997039502 0
3590 28.20888349977837 0.5950110997039502 0
3591 17.66607742809738 33.91002821577332 0
3592 207.6781924720883 15.39266688361875 0
3593 211.6951809618304 15.53977819250646 0
3594 210.1609374870537 20.47877590142899 0
3595 214.7313047059166 12.5642196427879 0
3596 217.214049720882 17.65032866059814 0
3597 41.23500656654459 249.0150131075349 0
3598 46.11962195118722 249.0150131075349 0
3599 248.9298434562388 46.181494509411 0
3600 248.9298434562388 41.29687912482022 0
3601 17.34208021182904 34.43814009227747 0
3602 21.00207791820742 30.44194624856581 0
3603 34.1873232346078 71.50770824642694 0
3604 33.37705974479273 68.84594790758069 0
3605 57.52746158909977 234.7682757500259 0
3606 61.19833267843555 232.0467920615239 0
3607 63.31620183162669 236.9561988805195 0
3608 6.566872197970891 45.92856907677805 0
3609 7.078598333569726 45.45200034493553 0
3610 23.64996690411966 19.87358038196992 0
3611 23.51362275353405 19.35647899292953 0
3612 117.6621668539962 214.3664512631605 0
3613 115.7093861522333 210.2742598607468 0
3614 120.5851867290099 209.0629994614836 0
3615 168.8743662085723 174.5649570153753 0
3616 33.14105378188505 55.91675526940039 0
3617 35.05440289454577 55.33049841190696 0
3618 31.66081063847735 48.00781722342949 0
3619 31.02854854313728 49.40836518270923 0
3620 30.22186080913238 47.69815624901426 0
3621 27.12335700989624 19.50608515769136 0
3622 27.47824185821083 19.11013678167756 0
3623 20.24974522303506 48.22707228823251 0
3624 19.5804097136724 49.28284952926113 0
3625 10.66974533543354 62.50811834803073 0
3626 11.62398201802279 61.13878131762088 0
3627 29.09042539593461 1.57323488078974 0
3628 29.11767656380275 2.18312709351137 0
3629 28.55157598513959 1.79991441212953 0
3630 29.24690762697352 23.92424172824331 0
3631 30.20123089975151 23.7688908368265 0
3632 23.24000860738989 20.1619943785648 0
3633 91.0371904222059 85.60095640081721 0
3634 86.84031336873197 85.88353882924214 0
3635 87.93172886824352 81.2320755809551 0
3636 233.6478324990073 12.06527877753143 0
3637 233.536102518307 16.96543288430188 0
3638 228.8046923916847 13.73001069678662 0
3639 48.87432207895304 80.1454740570542 0
3640 52.20759749762782 77.77798209925339 0
3641 51.5871872945384 82.24519009362399 0
3642 218.9681355104685 174.0053776586695 0
3643 221.0211317216579 169.6289757364681 0
3644 102.9094952018824 117.1053467177038 0
3645 105.1581211068958 112.3275343126456 0
3646 24.82857860544831 13.25596525603078 0
3647 25.4971822139321 13.42510106854379 0
3648 26.77655096878675 25.13662167091767 0
3649 27.05213771244832 25.59410596018322 0
3650 26.57054551372939 25.78957136205269 0
3651 111.6436245142019 228.5669007130578 0
3652 112.9829237802844 233.0331666360724 0
3653 115.4699286586366 237.3598362532165 0
3654 237.1561621084558 115.4928929535026 0
3655 233.1517803108268 113.1621480519885 0
3656 228.889598706459 111.7991968410826 0
3657 229.9317780499616 117.2766808503386 0
3658 23.42450455406371 34.53116301910086 0
3659 23.63514050234397 35.14402419054603 0
3660 199.5559232020028 30.44809280927844 0
3661 202.8448327453287 26.42595373710282 0
3662 205.4322563055175 32.26230077986436 0
3663 201.5562243195629 22.47170517952909 0
3664 207.4325574230776 24.28591315011502 0
3665 4.588024433696437 48.9886493178865 0
3666 4.12079265248579 48.53038144724835 0
3667 27.0394488644196 21.88488178213709 0
3668 26.42008808838005 22.07741513996651 0
3669 26.37696187907903 21.54774450063814 0
3670 125.9018462665257 136.7208354598034 0
3671 122.3868033989636 136.1701699103294 0
3672 125.1633007173292 132.1353554835682 0
3673 29.09620076491448 18.02896824243509 0
3674 29.12382117609647 17.34061379050673 0
3675 115.3475055970473 5.4084579056164 0
3676 118.3516982111516 3.461663623236811 0
3677 119.3319660167004 8.870121528853211 0
3678 26.90165180410401 5.434063131721906 0
3679 26.29403451571584 5.181904099280633 0
3680 3.428630255238676 51.35432948201979 0
3681 3.720128915162206 52.08817063430653 0
3682 110.5918698850952 176.6798420903586 0
3683 106.6774933274499 177.5380462001211 0
3684 30.54034632812039 3.259378504023948 0
3685 31.15566876239722 2.915404044471059 0
3686 8.520652703280525 44.45473749414968 0
3687 115.9921100758079 176.1061023341142 0
3688 116.6622502018487 171.2304121068177 0
3689 120.3483196209885 174.9323911986583 0
3690 86.20355104233289 184.1205289597651 0
3691 91.89432815376509 185.0486604118443 0
3692 87.61247711205488 188.0769712547949 0
3693 84.66802023814378 192.3916806668625 0
3694 90.35879734957598 193.3198121189417 0
3695 203.9182001126875 142.0643635800226 0
3696 49.28894515025861 17.17812428639308 0
3697 51.00193738374679 18.63375365052384 0
3698 48.8194367637642 19.96053886863399 0
3699 167.4690336770252 67.5891634696715 0
3700 165.7070048839917 64.44983799914974 0
3701 169.8829132981225 63.25573055323311 0
3702 139.9373897589212 47.43737514984117 0
3703 139.6234456165777 52.93741761440005 0
3704 134.5176859072248 50.01978816853286 0
3705 29.22848851371193 28.39179100650545 0
3706 4.646610161153555 45.44675962480088 0
3707 5.028148535522447 49.35902607041866 0
3708 30.68562807598094 19.15297110831016 0
3709 231.4844424570092 4.414928295008079 0
3710 226.4975580924134 4.414928295008079 0
3711 31.13069355856789 14.64144509283974 0
3712 31.33815012376679 15.53387112053122 0
3713 114.5049124795209 98.5395289640186 0
3714 114.9534051809793 92.69027653634046 0
3715 6.210544677693826 51.18892572292901 0
3716 5.832317357783773 50.63210761448273 0
3717 27.69747448580929 36.91752687564039 0
3718 27.66020183861312 35.75601787049959 0
3719 119.509742271754 188.9592610353419 0
3720 11.25281553594902 49.0819822519888 0
3721 11.72710770086412 49.821694898874 0
3722 123.1465547138785 177.4859650329714 0
3723 123.8166948399193 172.6102748056749 0
3724 28.44309961572675 25.27486268859937 0
3725 31.37013147413458 6.913748697699672 0
3726 31.1444638078405 7.666435104950004 0
3727 158.1249218469157 28.34432223804363 0
3728 46.09643717226616 19.78242558690652 0
3729 43.88398355939609 20.2815125934082 0
3730 22.47622739734232 29.44838085632338 0
3731 23.01630717081391 29.95908466619529 0
3732 14.62801256630495 43.13345705385387 0
3733 15.11243079664979 42.80899124171656 0
3734 15.00550989438015 43.45626267068718 0
3735 30.38473286540292 42.12148703478995 0
3736 32.01049869035975 41.78602428128367 0
3737 20.26591322813596 40.8139700737606 0
3738 19.57264386086637 41.07571178633887 0
3739 19.80272700864138 40.3444482251543 0
3740 6.017400380010166 47.98083909990558 0
3741 210.0743643173993 203.9515671747894 0
3742 15.95898375351489 51.35745313850438 0
3743 60.52884732341263 227.6212050430889 0
3744 66.31758756593956 229.8091281735825 0
3745 5.720035468312973 62.39110092540049 0
3746 47.99208954593975 137.4222505981712 0
3747 47.82132943265827 132.0021178960397 0
3748 213.2459319132478 249.1408896215013 0
3749 22.57298765318611 104.2385305376619 0
3750 249.0951347263448 213.2160620538773 0
3751 221.8864613987789 147.4357011705535 0
3752 6.698878724139027 58.73586707172765 0
3753 33.07898269156654 6.332079976316816 0
3754 237.0658785827918 19.35959592478064 0
3755 232.2227384754692 21.02432784403584 0
3756 192.8103781770823 250.5144183636601 0
3757 194.7867352451325 245.3302151852464 0
3758 245.7030165309738 194.9389292351443 0
3759 250.7391484644438 192.9076126144205 0
3760 194.995626953805 123.9735758202116 0
3761 194.5489504656818 118.009515796099 0
3762 248.0259756681392 89.01092975081193 0
3763 243.8274031163052 85.73869043931913 0
3764 249.801427448166 84.65083761124569 0
3765 88.9942078908422 247.8632469490836 0
3766 83.85814407842587 250.0804087544996 0
3767 84.92927504570116 243.9436557035832 0
3768 23.09294598496298 34.10163205389792 0
3769 22.64697788572785 33.79832695071487 0
3770 23.33340748437918 33.65185669432608 0
3771 31.89145242616911 21.24680859201218 0
3772 32.40898578469925 20.57704194798102 0
3773 213.1102005252265 206.9575490532027 0
3774 218.2287801784715 205.6175021645043 0
3775 216.9209669485127 210.2342247436009 0
3776 41.099618967523 19.95959467835388 0
3777 40.12858599348684 21.50619161372107 0
3778 20.14739009948558 34.19958676225428 0
3779 133.0159317814171 63.25162654824491 0
3780 131.9494371279025 59.18291518463989 0
3781 124.1804612024627 206.4352613674414 0
3782 126.1332419042256 210.5274527698551 0
3783 128.0344073843092 203.785960241753 0
3784 19.74158255489312 56.05940418902534 0
3785 19.69277938813572 54.67574031099272 0
3786 20.89235365426449 55.5630051188763 0
3787 220.4250305521149 214.1292161177881 0
3788 4.688624722270044 156.055312565078 0
3789 119.6179764024802 121.1807599156697 0
3790 119.4217262411349 116.9297633746791 0
3791 123.7983340886961 120.0735163033458 0
3792 99.38590767884399 123.5426680180601 0
3793 95.36312744664019 126.950445372517 0
3794 95.04155476741539 121.675473872573 0
3795 47.08377136306306 20.75875975287077 0
3796 132.9087852915185 4.378498346957849 0
3797 127.9219009269482 4.378498346957849 0
3798 32.06868962773329 141.3557212734385 0
3799 37.44169085829485 143.7800042994148 0
3800 240.0840286436062 148.8007369633996 0
3801 239.489250723708 143.8505981036066 0
3802 18.68372592942031 40.97066822185056 0
3803 19.08803705862073 41.31997128244868 0
3804 18.66230534666926 41.68444956656668 0
3805 14.18644978930524 42.68721899494273 0
3806 4.313728279297306 50.61314887384961 0
3807 4.732028063895299 50.33316698234139 0
3808 143.8221984298754 8.210587597039767 0
3809 141.9415598972734 3.199255501344061 0
3810 120.7348767543144 12.92981976922621 0
3811 122.0385131982674 17.95163272371406 0
3812 117.631409846549 15.83872876572066 0
3813 123.3385825757219 3.461663623236811 0
3814 249.6352807886895 26.90911416381181 0
3815 249.6352807886895 22.0244987792142 0
3816 27.58202527299628 14.54169362556683 0
3817 26.93291870577116 14.80356132129624 0
3818 27.09677226971024 14.19924375977945 0
3819 158.0741708154882 134.0909375256653 0
3820 159.6367742822209 139.0132874347145 0
3821 22.20597738317221 249.7182914455418 0
3822 27.09059276781481 249.7182914455418 0
3823 136.8015269947942 158.9911557540811 0
3824 25.5690922755928 22.75058062664021 0
3825 25.39739142227704 22.29449144167506 0
3826 25.92930195635523 22.1963670434327 0
3827 71.72467940216461 113.9670611640592 0
3828 66.77444298637985 110.9794107723335 0
3829 33.47433892373346 31.57239961016079 0
3830 32.50861481522104 32.59819437447678 0
3831 89.23000166958587 236.7250149002726 0
3832 92.7255136800745 232.5848515604324 0
3833 84.54671534104799 238.8610134658078 0
3834 38.15579549837814 29.62325354749936 0
3835 91.83962590327862 45.55586761264409 0
3836 92.04551554504189 49.13074341238146 0
3837 88.09806143805127 48.37123542244113 0
3838 25.924423140734 30.41414770737093 0
3839 25.60268460698716 29.79638515892376 0
3840 172.7937116617454 105.2487012051691 0
3841 177.0291883701132 102.4989671574444 0
3842 119.7616887788927 125.9542908561356 0
3843 115.3850809313315 122.8105379274688 0
3844 20.02569503472937 52.98759528968638 0
3845 88.38740066322933 137.4733699859033 0
3846 198.1288601243848 59.20440030665801 0
3847 202.17877203501 58.34002592549479 0
3848 201.2330330667808 62.26031757390709 0
3849 4.646102052465493 47.46465387536607 0
3850 15.48832620553911 41.72259326103931 0
3851 15.21814101245158 42.37890517490302 0
3852 99.04328706410223 214.550585883098 0
3853 93.69897341514825 215.8216410174373 0
3854 4.356558911492921 231.7228385138657 0
3855 17.1721758209478 38.45975749881227 0
3856 16.92785275769893 39.14960236197911 0
3857 29.72745027848389 8.498788241182821 0
3858 30.38501585658587 8.217882199803586 0
3859 131.1916815851 136.6448317727647 0
3860 25.69324583774774 15.1871784597536 0
3861 25.77385432014666 14.66353960403413 0
3862 26.3670572200862 14.98475031122833 0
3863 16.57666194836 37.30210541669945 0
3864 16.21286791950097 36.97162551375244 0
3865 26.50400816141181 6.405677410915101 0
3866 26.93771370593279 6.12921391768319 0
3867 2.361698896724445 47.14981825814034 0
3868 3.002735508897171 47.28590160703012 0
3869 2.583160804919368 47.73087178556214 0
3870 34.45509303487779 10.231467574855 0
3871 113.9328698515218 64.55046839068982 0
3872 108.8821215646746 65.84410357118401 0
3873 109.796332702808 61.59345006092666 0
3874 64.51845060273661 116.3352162814807 0
3875 188.9704608993935 196.9476549838788 0
3876 26.98984140232758 57.80054473690525 0
3877 25.76110966662549 58.8212214182407 0
3878 24.75206328939028 57.26934481742862 0
3879 129.9322380453795 43.17702085397728 0
3880 130.8881456709956 47.18498072808271 0
3881 30.72187758312359 34.36430225330052 0
3882 29.91791980911959 33.38770255832598 0
3883 1.581299480517448 48.20994218460142 0
3884 2.226801853749462 48.23224298366095 0
3885 18.40336143452271 38.41169641410907 0
3886 18.72341098273304 39.05832451868122 0
3887 9.295548183411274 54.95870768319174 0
3888 10.2830599188197 54.3201183703129 0
3889 24.12561148261805 26.87788527764032 0
3890 24.32519893162908 26.40662746777833 0
3891 24.7526910253521 26.99379182861438 0
3892 40.23836799674692 17.3004129804394 0
3893 39.08512424738812 18.49287045437187 0
3894 31.37218100304891 77.98863439084245 0
3895 34.16940397557708 76.71172920704467 0
3896 187.1721819540552 13.28430843199686 0
3897 184.9117086224034 9.198229489244168 0
3898 190.609213866762 10.67282678295514 0
3899 81.69421163486487 44.39277015015713 0
3900 229.6048542215287 98.80416991838666 0
3901 224.0539986410181 98.09059834557149 0
3902 34.01709845804346 7.35046421865662 0
3903 34.89142899320984 7.421815035747544 0
3904 95.00242250728678 4.0335205878749 0
3905 24.2315051204116 25.90666603272676 0
3906 24.85858466314565 26.02257258370082 0
3907 23.55991946044484 30.76980034324243 0
3908 23.41410912597236 30.1984500974194 0
3909 36.85200221273567 9.225208909941099 0
3910 36.33733745274269 10.1036078959539 0
3911 23.69555144996264 31.27039652570446 0
3912 183.5764324595013 15.77557882437996 0
3913 34.2644852581189 30.20232764684528 0
3914 50.93796717403769 9.580930064856117 0
3915 48.68683902556421 9.810559311372344 0
3916 50.40439057145923 7.750067005065058 0
3917 79.69602814756453 191.3642625274396 0
3918 119.7057602022063 138.0578509344393 0
3919 220.7615912252477 224.1890706807951 0
3920 218.1052864547293 228.4077348581636 0
3921 152.3979992829814 116.7087075726098 0
3922 153.8823178885319 121.63427200656 0
3923 151.9988792395643 112.1278389202805 0
3924 156.9039419388296 114.3895698438366 0
3925 44.4217539460547 41.86047733611299 0
3926 43.30084173946118 43.52475225509841 0
3927 41.98048467887779 41.68036454934717 0
3928 27.14209172522407 13.67144867379553 0
3929 26.49298515799895 13.93331636952493 0
3930 22.16704829837037 23.6680724875709 0
3931 39.73220590372316 2.636294948277492 0
3932 41.18048960901618 3.384550086292294 0
3933 148.8977800145053 154.9029979339843 0
3934 26.63881386361462 10.59679764602107 0
3935 25.98142689003263 10.72377443847849 0
3936 84.14694040306931 135.6869636470355 0
3937 80.52861645666178 138.3639459728114 0
3938 80.06566955139093 133.5940066344107 0
3939 81.19803900669501 106.5465191585726 0
3940 79.97768616804694 110.794294602295 0
3941 20.05729426039085 38.01202326081372 0
3942 52.25643058145727 13.69161086394639 0
3943 54.97152002769437 12.3911736783663 0
3944 175.5834932068147 6.450551691388632 0
3945 180.3357056203949 8.440677162709179 0
3946 191.9171177184672 134.9461805879895 0
3947 194.0491100609876 129.1457008093495 0
3948 6.094162622650536 51.69158969049757 0
3949 6.353999071473105 52.427540592412 0
3950 26.61421306622359 37.11666206525709 0
3951 23.98916368575848 31.75318088454306 0
3952 24.55852170941743 31.52413245983545 0
3953 24.32245860442558 32.25802114440892 0
3954 62.96348219270762 2.229978764871707 0
3955 61.36850094396443 4.679724729820434 0
3956 220.9266912447442 98.95241725116847 0
3957 53.58904278952685 36.90153814099862 0
3958 50.94000695333879 37.15982041123466 0
3959 47.78322632400642 154.6316867714258 0
3960 216.6192962389732 3.199289058760979 0
3961 214.1730516707796 8.426123646109085 0
3962 216.1764825499693 166.5245902581717 0
3963 212.5698376377715 171.1273193847822 0
3964 2.953251870232211 52.96582161375903 0
3965 2.20377091926704 52.74477780270492 0
3966 64.51365878240436 100.6636904141443 0
3967 68.05328078319329 95.78653848186747 0
3968 25.13505377362129 21.59607048335469 0
3969 8.554547333367296 58.19937889820503 0
3970 9.905224174047612 58.40054673486997 0
3971 21.14406564505867 32.97608885772662 0
3972 227.9675050764051 231.1181145928572 0
3973 227.7723820702419 226.7221772232198 0
3974 22.68883888025165 23.77095791577206 0
3975 59.81708543003967 20.86729552329468 0
3976 57.97042776332118 18.759276628619 0
3977 107.5376774027997 37.42206956095454 0
3978 111.3767323543432 38.42879437260004 0
3979 106.8824228585101 41.60333247751551 0
3980 187.1783753926937 149.1737398258817 0
3981 20.39472426886586 147.195618218832 0
3982 26.39993628397555 20.9894921833793 0
3983 25.780575507936 21.18202554120872 0
3984 46.14496899523817 77.16546082465274 0
3985 243.9107613746694 112.2723092872452 0
3986 11.44806987206878 225.7704088119727 0
3987 10.45636757125877 220.6028053576372 0
3988 26.39488950289356 33.59843598040543 0
3989 112.2522643238547 243.8753707112949 0
3990 184.9469598582457 232.5121689837272 0
3991 189.0199429189271 235.0252813371571 0
3992 235.3907244976113 189.8263147884263 0
3993 232.9323820547115 185.8200459462178 0
3994 58.74365132634633 15.60571664781141 0
3995 30.51082167793707 21.59109019899669 0
3996 212.8792411209171 124.7494944859958 0
3997 214.2019847171289 120.4003381281418 0
3998 217.7370998089103 125.1361891246207 0
3999 2.064141470896765 74.45171567160855 0
4000 14.62320051553283 70.91332486415233 0
4001 14.93315317935298 68.63430635007452 0
4002 65.82682515899143 68.58793724760301 0
4003 27.4325978145868 26.10097770511808 0
4004 23.28337011180675 35.77887749976421 0
4005 89.64718282946926 15.08512831766212 0
4006 90.76818538486094 10.08294274798899 0
4007 9.17309055882869 44.78815503409749 0
4008 9.622343389958086 44.34877627537577 0
4009 9.777675141593562 45.0303470586952 0
4010 43.59991044065568 152.5370272703238 0
4011 8.675984454916003 45.13630827746911 0
4012 225.2978009235416 242.0490326857438 0
4013 220.2037162136139 243.8819097287417 0
4014 243.8004730885209 220.2417994043989 0
4015 74.31783610213438 7.986395230937039 0
4016 77.35612747608673 11.00705713225963 0
4017 111.3619081689845 57.86364641679685 0
4018 106.3111598821373 59.15728159729104 0
4019 26.02043583011708 14.18300085951853 0
4020 8.042437956669428 47.41116850401291 0
4021 8.415083933255893 46.88469263694427 0
4022 40.15033570538452 33.57369523863734 0
4023 42.10692477640384 32.58593583701877 0
4024 37.5082009192032 55.17577728070739 0
4025 40.04650532328418 55.72211697564404 0
4026 10.48976298844412 43.6957810886141 0
4027 10.11186292737813 44.10836848162771 0
4028 28.03812265996714 10.12863933076708 0
4029 28.03039362875811 9.55969499928543 0
4030 17.0086049439313 37.50012006851251 0
4031 16.4424758890826 37.6829168059428 0
4032 27.63860326964416 25.44802801398307 0
4033 22.42211753064954 32.01299521769175 0
4034 64.80137034844543 59.11183872270486 0
4035 65.03273169231528 63.17918576522236 0
4036 15.20262700762462 44.02691598915102 0
4037 15.68704523796946 43.7024501770137 0
4038 28.57480582446899 8.439248552162386 0
4039 28.16100258558778 7.982623894660962 0
4040 3.949961057923613 112.3466434850336 0
4041 7.940887734547734 115.0342947260598 0
4042 12.16327212509263 54.27548078381845 0
4043 12.34954057573405 53.14660666588279 0
4044 13.01699567077581 54.01236378651046 0
4045 20.50012380615753 179.641167690526 0
4046 17.71759811948386 174.222058209104 0
4047 22.68606539172102 175.5982806600282 0
4048 23.87081885502827 171.5503605730169 0
4049 44.31327237815469 22.11417043078151 0
4050 29.68151656954529 32.3929635302991 0
4051 29.59480736787503 31.54845959367875 0
4052 30.59909569216455 32.13016075832517 0
4053 76.40467226535515 132.2576539040882 0
4054 80.02299621176267 129.5806715783123 0
4055 52.38681708150038 183.1557995729393 0
4056 56.30120484695957 184.7612618342946 0
4057 28.45604884239095 16.41467872385932 0
4058 27.85429282663025 16.71412389586526 0
4059 27.2946863209318 17.02295485936238 0
4060 80.53174284800119 178.2263180864344 0
4061 82.93232408751942 183.1692980247092 0
4062 226.5651211165739 120.864554745495 0
4063 230.8273027209417 122.2275059564008 0
4064 235.7456265916156 122.5408641754266 0
4065 30.07742247689498 13.57407029117563 0
4066 29.65256504997363 14.19517505821859 0
4067 17.86317683013435 196.8712245755913 0
4068 15.91185406813859 190.9476084754702 0
4069 20.43574500193458 193.1655914694044 0
4070 118.9216479783111 249.5047475868662 0
4071 249.2998797631139 118.9801645888925 0
4072 93.18964820768267 53.85353084448433 0
4073 189.4820373455313 38.90818609017698 0
4074 189.4003331662786 34.98564329504053 0
4075 26.41111143119312 20.48182497741111 0
4076 27.00749780233615 20.84754393684052 0
4077 186.3565529147197 69.9319632407453 0
4078 191.670959666085 68.46092739187048 0
4079 191.1643772318003 73.97068242439349 0
4080 64.13644048021801 161.4707708459153 0
4081 68.243271919851 165.412489736798 0
4082 43.22627171075302 74.43173669324671 0
4083 40.56377924690347 76.3857540819499 0
4084 76.71781412631344 210.0249094191334 0
4085 71.86840427044287 211.8850674305273 0
4086 73.4272536998217 206.9025042110677 0
4087 74.05002887383344 202.3338086349716 0
4088 69.20061901796286 204.1939666463655 0
4089 12.80211016326289 173.7524440734414 0
4090 11.46276879137184 178.2992785220306 0
4091 8.004701347629801 124.7323468485194 0
4092 4.013774671005679 127.0273965272633 0
4093 10.28515010607494 57.15435728116614 0
4094 20.03083460016149 43.39090186340752 0
4095 19.63609712509077 43.96997446468576 0
4096 19.20070503001758 43.50193034570604 0
4097 80.94926789700249 13.54408129798166 0
4098 82.35808566744987 9.561820154506165 0
4099 27.89036412536171 23.46126617108677 0
4100 28.68789511380478 24.00490131492626 0
4101 84.24684333755232 89.43817273165982 0
4102 81.14138178358994 85.06929191179771 0
4103 90.14237179911675 155.882596015242 0
4104 88.78953550732933 161.0057009443948 0
4105 85.01021384067823 156.3143658350427 0
4106 27.72112791613574 9.190617776259277 0
4107 28.25123404556921 8.961274589499151 0
4108 73.81980472622143 116.8280277711201 0
4109 78.28315886947664 116.4630373834978 0
4110 77.03768645115504 121.3218372324183 0
4111 70.67045158534313 55.06505687140671 0
4112 75.78888161279468 53.18861203714665 0
4113 16.2461334673446 43.56022273006386 0
4114 16.04901635410013 42.98956941160001 0
4115 22.73807495541238 34.67763327548964 0
4116 219.6919204298312 10.53667411420077 0
4117 143.9333822580443 11.61777915976246 0
4118 139.7057596437809 9.80570256541081 0
4119 26.54452519642558 62.68362886980066 0
4120 26.50040731865301 60.32633863453601 0
4121 28.04300565733537 61.70971157298199 0
4122 31.07684488918027 50.75816699836816 0
4123 29.6378950598353 50.44850602395293 0
4124 241.8567860789393 153.3568181534509 0
4125 38.76214318702239 126.4393355530117 0
4126 33.44326428128043 125.783160764956 0
4127 37.25198684620635 122.4403083695282 0
4128 27.52283444098011 5.705597865790165 0
4129 41.08899308141992 13.23266648219768 0
4130 40.34017236893227 14.15047778803919 0
4131 189.2759456741322 178.463797431181 0
4132 191.8733650868888 172.7602933375267 0
4133 164.6189657803083 61.01402944712196 0
4134 223.4884973359221 217.6034906500603 0
4135 37.46541772912411 2.473433435156994 0
4136 36.31693361284285 2.544392591098064 0
4137 161.8902896085037 231.9970634227484 0
4138 159.2614762336165 236.8204091946508 0
4139 202.7170901270243 170.9457359279077 0
4140 23.65510145629193 45.45361193277444 0
4141 24.84043944794122 44.84316585018404 0
4142 48.33301497202264 141.2438227922162 0
4143 44.18242434920975 137.9167936501165 0
4144 21.13325400107875 29.77239242153642 0
4145 20.54109148409408 29.4885388496274 0
4146 21.2222900662115 29.2150472948624 0
4147 25.55543497314289 7.698569227146322 0
4148 25.49422713299488 8.315134534229921 0
4149 19.54504422832932 38.13537983848953 0
4150 19.55430134477813 38.60221152082006 0
4151 18.98802987787932 38.18940020534561 0
4152 18.44454394931417 80.789127626534 0
4153 3.926889820664382 52.7756703239661 0
4154 241.6963055823699 194.7114333719945 0
4155 15.36505955742159 44.57987038143165 0
4156 14.68352421383228 44.33368287510513 0
4157 3.324997745041031 46.83824097244647 0
4158 3.546459653235955 47.41929449986827 0
4159 95.49031353251188 93.93511689533192 0
4160 94.52209187961832 88.18513752414964 0
4161 100.0666304894359 91.8678347703773 0
4162 51.79694515233705 100.1886660210738 0
4163 50.86027110409087 105.2159058262756 0
4164 61.38276312830686 49.28019538701726 0
4165 62.64098870259545 46.00837946503069 0
4166 30.07997930498495 3.456543355728019 0
4167 30.06306460451357 4.004689572757908 0
4168 29.58017843254213 3.633867799838272 0
4169 113.5663485770089 46.18873885423766 0
4170 113.9832483700402 41.29132943083971 0
4171 17.98697099092907 150.8757228905575 0
4172 16.13184631365296 145.271673868399 0
4173 31.6487354612936 16.28124720536296 0
4174 23.11281470570182 25.84213157641172 0
4175 23.14467542738283 25.32914676148728 0
4176 23.72998011057604 25.77773610187983 0
4177 22.94512410154087 24.90933673407292 0
4178 23.56228950641508 24.84494125954103 0
4179 33.00698139095254 19.82179805452301 0
4180 33.38513407867555 20.61674630218216 0
4181 250.3800118053092 173.8704119628922 0
4182 173.8091582708452 250.2347424185187 0
4183 240.2255495011245 64.68397618204284 0
4184 237.5317813235866 67.38947628399387 0
4185 236.944934882718 61.87398602014615 0
4186 212.2866598246038 128.9093180306829 0
4187 208.7515447328224 124.173467034204 0
4188 203.9514439365864 127.7456116880688 0
4189 87.92445375795847 132.7034306475026 0
4190 207.6216081454288 132.5353207077311 0
4191 60.44474673600585 82.92454140302098 0
4192 65.64859923548372 82.7377664506903 0
4193 143.2540173852157 201.3908819240949 0
4194 139.8469017414512 197.3275548567451 0
4195 58.93942550506836 216.0383989069078 0
4196 54.49809008290826 217.1506250034665 0
4197 55.36396895969132 212.9970597465099 0
4198 64.09567703136427 128.4916405260391 0
4199 64.43365877273547 133.1469326671165 0
4200 114.7090494420083 18.53088747533476 0
4201 113.4054129980553 13.5090745208469 0
4202 166.6643708231916 235.3255141532318 0
4203 123.7628512279713 241.5431768805073 0
4204 129.1491750861248 241.8664386658254 0
4205 240.9485265275648 123.5858281185143 0
4206 241.0914171399631 128.8459498831312 0
4207 7.009205752313559 46.37976817348748 0
4208 6.304275688020503 46.39515201882109 0
4209 6.270432992359325 47.20488715524419 0
4210 36.88671813090563 0.8387701733202165 0
4211 35.79656190546159 0.8387701733202165 0
4212 48.74600145887119 37.57254688421581 0
4213 50.35021591943853 39.34027704037646 0
4214 41.15883796551508 35.49211435587048 0
4215 30.02335977438722 30.74087082364999 0
4216 96.48206485875062 98.70676103010439 0
4217 90.9375262489331 95.02406378387673 0
4218 34.0606068917657 86.73856822007112 0
4219 81.60898384451002 3.512397994392072 0
4220 77.06650362759116 3.512397994392072 0
4221 137.175431114079 143.8985637366554 0
4222 2.601613542003149 92.2986615707257 0
4223 7.438827923862505 91.43602982344521 0
4224 43.20618233753758 128.5958523068276 0
4225 39.39745977261167 131.9387047022555 0
4226 47.18601284706899 126.5027487467959 0
4227 31.7126957338727 33.30125776065011 0
4228 31.74876842316147 34.69089531900512 0
4229 26.53846674067245 65.73978885278446 0
4230 29.26431253037727 66.62985326921338 0
4231 27.71565573594178 68.3026403137512 0
4232 189.2362305863197 42.97082442210515 0
4233 185.5517422477198 40.62375368926502 0
4234 118.9672146530097 133.4723709582041 0
4235 104.2618229850559 181.0313747025728 0
4236 12.14118800545811 47.28868827438747 0
4237 11.77251484572819 46.8866261508191 0
4238 23.00419171136796 21.18675452967071 0
4239 21.72464646905582 46.47048786555756 0
4240 20.80183832652029 47.30200543092401 0
4241 91.59184427666506 129.7865441067002 0
4242 130.5742015286521 52.68502319264159 0
4243 8.684747751179499 46.42412656821344 0
4244 8.057964907392678 46.44927114691392 0
4245 229.4276664663528 165.5832242774109 0
4246 34.38894743777449 38.95733361595454 0
4247 53.6811319971966 70.45517458684074 0
4248 50.44641017014384 71.67007773869975 0
4249 46.57603499755731 72.94454193127757 0
4250 27.89359864997892 14.96136796974185 0
4251 39.22472108137903 199.7506568711958 0
4252 43.64595015445434 198.2890648587558 0
4253 42.63515448173662 202.8116176959886 0
4254 15.87056104180869 36.45892276416035 0
4255 65.02429453600728 42.60481868310571 0
4256 35.44672162331786 1.436452414225713 0
4257 34.84499876770468 0.5976822409054962 0
4258 38.17084140313693 23.22643825114572 0
4259 37.88285014638768 24.79607142989435 0
4260 200.1979568703564 65.50525165007392 0
4261 204.2478687809815 64.64087726891071 0
4262 224.0250448835396 7.614217353769058 0
4263 221.606180603568 3.199289058760979 0
4264 70.01332729375994 43.09948228194163 0
4265 35.78581786540852 4.742593066352896 0
4266 36.20758469107259 5.762296201474798 0
4267 86.36857662187414 2.613476169976055 0
4268 83.52453802389822 6.125874164368127 0
4269 40.98642696742896 52.84326594109145 0
4270 4.24736310128998 206.587202983902 0
4271 4.24736310128998 211.5699039036458 0
4272 4.054436386591304 45.6285069192801 0
4273 26.09147660464874 64.06514667554137 0
4274 24.54887826596638 62.68177373709539 0
4275 144.7047147719205 145.0627054356722 0
4276 148.8767697518219 147.1520069847448 0
4277 29.62680955380564 2.521084572489982 0
4278 29.08796014301062 2.747764103829772 0
4279 205.9000988673855 174.8807778823574 0
4280 34.97845830014987 22.78440079701381 0
4281 36.13757305490391 21.91603402478568 0
4282 30.75460895414662 13.4160466199303 0
4283 30.89476729376571 14.08168130818003 0
4284 35.36841612486029 12.6689056234467 0
4285 34.87911299401924 13.51015950708806 0
4286 34.10071611182882 12.72235566520728 0
4287 47.06034169218547 27.62818970767889 0
4288 49.60320582666202 28.33718553767773 0
4289 123.8093065965276 72.73891841985497 0
4290 127.6201320298842 68.98879253995527 0
4291 128.5780232285734 74.41014562541505 0
4292 6.603721497481569 77.33244931138515 0
4293 9.361383676809886 78.0312805034408 0
4294 7.558796003083863 79.9484510010254 0
4295 58.69588369566792 181.2942576302589 0
4296 60.17778335255274 186.0861555452833 0
4297 28.14592181188102 6.148122405967351 0
4298 143.3066788786694 233.1256453678782 0
4299 140.8193739399576 237.2518755996041 0
4300 91.51622488543852 250.7915620224402 0
4301 250.8061074742598 91.50152398176277 0
4302 181.6591843139053 203.5854940060175 0
4303 175.4202888328392 203.3864202633906 0
4304 89.76460964536997 78.30466635393148 0
4305 85.56773259189605 78.58724878235643 0
4306 126.919476982031 7.84016197019466 0
4307 250.958038842026 31.74999999987642 0
4308 246.5933196307155 29.35142185610805 0
4309 23.79269566423338 49.80149240530557 0
4310 40.19524349587738 89.40860316378618 0
4311 45.52397125573009 88.80772900361472 0
4312 29.53290046013611 246.6765541936242 0
4313 31.75000000017693 250.9582627480823 0
4314 23.61094041642854 37.95125238452835 0
4315 23.16457650741442 37.18612611590316 0
4316 21.99075964970675 42.62238116978735 0
4317 21.40481948852628 42.93890033485923 0
4318 21.44686485055101 42.14029521103743 0
4319 9.872243961228218 73.81467477714027 0
4320 7.876704023110947 73.31566197113345 0
4321 9.342638813131574 71.71505793447318 0
4322 182.369980817504 26.77788764129805 0
4323 183.2286501583421 30.32081878446791 0
4324 179.0185472367584 28.53343109031581 0
4325 76.52317512619842 19.79468812493087 0
4326 73.9321446567167 22.54195101398703 0
4327 6.125422778659297 81.73934189728125 0
4328 8.883084957987615 82.43817308933689 0
4329 2.601613542003149 88.44037914884763 0
4330 114.9008674429312 109.8132420243903 0
4331 114.5192652797475 105.3530636279374 0
4332 113.0767950717184 101.8489616021564 0
4333 109.7405416481245 105.9490326112507 0
4334 29.78064724217101 130.5723343075902 0
4335 28.27049090135497 126.5733071241066 0
4336 23.93845508175433 125.6628729873905 0
4337 168.6075089839752 106.2931127393604 0
4338 168.8091538088755 111.0504603696494 0
4339 164.658599515516 108.1130659711984 0
4340 160.480888293014 106.5822097662083 0
4341 160.6825331179144 111.3395573964973 0
4342 91.07024893965594 151.1599164381367 0
4343 94.70839995502917 147.2333624550013 0
4344 22.84976663856047 43.79377024568917 0
4345 22.72484419701178 44.76846548636107 0
4346 21.82379184613332 44.39568153428104 0
4347 46.55595641379487 14.80612680251497 0
4348 47.57867869067948 16.80285598935216 0
4349 52.99765821112776 86.34906484636434 0
4350 56.33093362980253 83.98157288856355 0
4351 63.48012448185288 16.01080741930064 0
4352 65.62038182237902 17.99325576475398 0
4353 62.72593533050338 19.9434169439534 0
4354 242.0098147421219 38.43150337598394 0
4355 244.0380101279091 33.76923963563262 0
4356 245.8878822982647 38.85457143252398 0
4357 38.48776966880833 242.2296268785516 0
4358 38.79269887422329 245.9732758556172 0
4359 33.88737848708328 244.172876519099 0
4360 186.1888163730095 32.5631953463935 0
4361 182.8373827922639 34.31873879541126 0
4362 0.8766194995884348 56.03092446296839 0
4363 0.5583377556675811 55.11854673767054 0
4364 1.434957255256016 55.66136994319707 0
4365 126.2732739443811 65.08178253529161 0
4366 131.0419905764268 66.75300974085171 0
4367 239.2243346046199 85.09096910766142 0
4368 115.7941755714792 75.96758145306693 0
4369 121.6426064769112 75.67237327158912 0
4370 194.9858084837199 29.01095849963056 0
4371 170.7821366877455 69.94131814048902 0
4372 166.6062282736147 71.13542558640563 0
4373 34.39187936444203 20.79126076889066 0
4374 33.79388375818874 21.54650466234867 0
4375 24.2626292057157 59.79513871505938 0
4376 203.7113870988795 9.166948082392352 0
4377 201.1707473024791 3.940113495044247 0
4378 222.2019598791189 220.7196948988972 0
4379 224.1530366018945 225.5445111990186 0
4380 164.5585691327952 89.22005144074032 0
4381 159.4356835919177 88.87589233929108 0
4382 11.83653648690182 51.13055816348337 0
4383 11.18740140414102 51.89668662072215 0
4384 82.59251704610435 125.9369355767154 0
4385 78.93151976006857 124.6005828463929 0
4386 74.46816561681337 124.9655732340152 0
4387 23.76623808219047 33.22111568331283 0
4388 23.32026998295534 32.91781058012978 0
4389 41.01110999587881 15.23977204568027 0
4390 45.28246633754453 1.347688100499104 0
4391 43.52879187290786 1.347688100499104 0
4392 234.6055703589861 75.6915869023122 0
4393 236.813409393502 70.74974230703873 0
4394 38.49610884818136 21.26357737985768 0
4395 38.71668856869216 19.52285169255342 0
4396 0.8766194995884348 57.11657087402142 0
4397 29.44105292560297 0.4568671166966294 0
4398 29.13313369752456 1.05187821640058 0
4399 25.4660329995168 10.01609686720241 0
4400 25.30564820994734 9.50968437785053 0
4401 25.9729722485008 9.636581594071322 0
4402 4.399173889363521 142.3102391739058 0
4403 10.99707774043404 54.29303958745587 0
4404 11.6645328354758 55.15879670808354 0
4405 57.97387255666365 26.64751812564032 0
4406 179.0346343762858 99.01634117310394 0
4407 174.8348060523287 97.78426928818648 0
4408 242.7152520745727 28.92835379956801 0
4409 237.9562285558602 28.38233123180359 0
4410 240.5115380586665 23.96451345227902 0
4411 36.20489244454347 12.48785744080772 0
4412 37.12625810936775 11.75484271225945 0
4413 23.45948834497079 32.00428521027793 0
4414 87.21417512922963 180.1409871817586 0
4415 85.1468244201796 175.279438736318 0
4416 81.73561909376464 174.3160005760498 0
4417 101.4104648757558 59.32401785410549 0
4418 14.99948646425116 39.77126926088781 0
4419 6.902459032711593 62.98297580092429 0
4420 35.53686294753211 2.150855760699564 0
4421 34.58529980977522 1.909767828284844 0
4422 36.96479338517847 167.5509748195997 0
4423 31.52880724072601 167.4803146313363 0
4424 196.7390731260732 15.16040345059838 0
4425 198.7884793477732 20.08682347100291 0
4426 114.2779393042351 180.3818211821992 0
4427 20.16919701071506 242.0385107209568 0
4428 20.48067741719807 237.0727816726695 0
4429 25.184973634257 240.4708538427964 0
4430 7.28395044419535 49.07041628106388 0
4431 7.648490064823289 49.5154854150363 0
4432 10.08029239254431 49.05585129417317 0
4433 224.5832979186766 11.75231335044787 0
4434 25.81714830379509 29.18577987657547 0
4435 18.88668131891726 31.6796831523321 0
4436 101.0965933496191 75.69196145498957 0
4437 101.78552434609 79.81103202434223 0
4438 162.3946203632964 29.10431295089323 0
4439 158.2421946775879 32.93496003541392 0
4440 131.1698516440057 78.8449559863906 0
4441 27.06682860600448 12.94753209352183 0
4442 26.38764299120098 12.90114885212393 0
4443 143.5775831222268 241.4414968588098 0
4444 148.4133548085945 241.5649239302198 0
4445 22.12645843144955 25.95010832573648 0
4446 21.39930959958357 26.01556953261196 0
4447 238.2480801993458 89.19650333858486 0
4448 221.5515275519642 234.5539988993992 0
4449 217.4499001083317 237.703562303432 0
4450 218.6110405043907 232.1634503849492 0
4451 5.086473018374511 184.9947048087556 0
4452 8.189149325862886 188.7508876425674 0
4453 3.102676307488375 187.9983699573468 0
4454 21.11127921386704 35.23982697056388 0
4455 190.1919310740778 202.5072231163477 0
4456 80.96463835248124 157.6390515652167 0
4457 82.31747464426866 152.5159466360638 0
4458 240.3459107787851 41.72293078793967 0
4459 238.4960386084295 36.63759899104832 0
4460 36.62058936441621 239.0078329358969 0
4461 41.52590975155623 240.8082322724151 0
4462 30.2136491476961 12.2405454101379 0
4463 29.99878755550539 11.57275953445499 0
4464 138.5080567112515 241.4248793525985 0
4465 173.5636662861349 134.410387825893 0
4466 170.1623143091926 137.2877877327057 0
4467 23.5130653278886 26.89163892702692 0
4468 17.38395421902762 42.83720132187842 0
4469 17.65750595431578 43.34997085372243 0
4470 16.88165631876344 43.36011149649417 0
4471 3.795716298068463 57.3488498498708 0
4472 2.734974819113908 57.47353267011306 0
4473 66.31399235645368 27.68373304449891 0
4474 63.97751198606238 25.22499488111884 0
4475 67.20267304142081 24.38460345278681 0
4476 28.91363148483007 32.80600139367957 0
4477 23.38655155893713 70.99277196127176 0
4478 25.50103361930458 69.78757729188249 0
4479 38.12617103851736 28.45567972389354 0
4480 181.5424463616884 76.76701773596963 0
4481 184.3539403897416 80.59999033805218 0
4482 187.6409780050326 83.56592939763965 0
4483 189.137008095726 78.40765733285579 0
4484 82.44234838508564 196.6071033915864 0
4485 128.2723732573164 178.6627521637482 0
4486 124.8039980383856 180.9848685567316 0
4487 101.1870947608146 142.1040221091105 0
4488 48.46733866550009 4.695923630844563 0
4489 49.2807108938255 6.102220476574049 0
4490 25.78349685944421 5.405742927680119 0
4491 25.74132521794997 6.023902300570574 0
4492 20.79126296601842 40.62589653394849 0
4493 20.56117981824341 41.35716009513307 0
4494 152.0633413455459 135.9334904387688 0
4495 154.3826175326332 131.4924284310554 0
4496 155.4275103986963 126.9739905174529 0
4497 24.25841041336476 32.7683828421179 0
4498 106.4403207177783 84.47759619450761 0
4499 6.267296056500562 74.37618968658896 0
4500 5.737690908403916 72.27657284392185 0
4501 244.9006641050893 71.73434860740787 0
4502 247.2958935822587 77.32391453433905 0
4503 76.38284467201454 247.5487762313097 0
4504 71.64608049043483 245.5949388970253 0
4505 26.51652162964101 51.4912130698381 0
4506 28.4205203137004 50.9073036900594 0
4507 19.55122327811532 41.78949313105499 0
4508 249.801427448166 79.76622222664125 0
4509 1.788143950555279 54.76053470839328 0
4510 78.97352869378327 250.0804087544996 0
4511 25.66738651111805 15.72550307023693 0
4512 35.1971906453249 74.31753899257527 0
4513 115.768336935997 70.99279846940533 0
4514 36.63461538481953 250.9582627480823 0
4515 250.958038842026 36.63461538446891 0
4516 70.55577704764426 126.0353830904034 0
4517 67.06679776146633 126.4928388496698 0
4518 69.08535302172191 122.144283379307 0
4519 135.6598694026035 10.9849454110246 0
4520 133.2384607158844 14.23925672758019 0
4521 128.322387719645 11.89986021056765 0
4522 130.0580531022722 17.38212024423215 0
4523 73.18231349006768 149.6350329567766 0
4524 69.0637146199853 147.2786233501079 0
4525 72.9149282322378 143.7308087973469 0
4526 65.21489296007894 149.7971612228173 0
4527 64.94750770224904 143.8929370633876 0
4528 67.81572071885269 21.2048546716271 0
4529 36.64430149624996 18.42827733102627 0
4530 36.08243533867367 17.21143060571748 0
4531 24.35266981983332 194.7510564250969 0
4532 22.40134705783756 188.8274403249758 0
4533 26.16803183676842 20.03347498272307 0
4534 185.4083122587562 102.7941288053698 0
4535 189.6888314990913 106.0266590485141 0
4536 21.00360309093797 28.60916087103275 0
4537 242.3590620444049 116.5378568965903 0
4538 239.3968595902786 119.6845960043321 0
4539 47.14476926464077 9.874120335648353 0
4540 45.34305564889905 10.05598312663863 0
4541 116.4793402859898 242.5634503963017 0
4542 119.6031150978465 239.8058810306473 0
4543 148.8610976285617 19.50970733285512 0
4544 146.3790606900085 14.36904592253815 0
4545 245.8114804910614 234.5391884895762 0
4546 244.0489946387525 239.7230042357514 0
4547 239.75628501574 244.0540429527429 0
4548 234.7347225273552 245.9425881288969 0
4549 25.96973154181397 13.17541657855019 0
4550 26.06575528563091 13.6552057735346 0
4551 25.81906991950217 12.67104414713312 0
4552 28.88407153709137 8.808325775188539 0
4553 234.1798456970878 201.8377015623965 0
4554 239.3874976213135 198.331530937444 0
4555 237.1560670706235 193.5957156835722 0
4556 136.2816719365733 124.8918223528496 0
4557 131.6316212628088 122.2786416629628 0
4558 42.40823241426014 24.74545449404196 0
4559 44.36988211190067 24.3601894365946 0
4560 41.92731730542042 1.001631686440714 0
4561 40.4307464720392 1.001631686440714 0
4562 13.56163979657151 92.30327740710831 0
4563 10.51824143332094 90.35192737227732 0
4564 28.06964772090841 18.98913613781429 0
4565 28.66923035712652 19.05873751513158 0
4566 28.31378289530627 19.63859495120376 0
4567 123.5051453055597 62.45885323016535 0
4568 118.8492481937468 63.80869010741382 0
4569 119.5029781014681 58.94997800318399 0
4570 117.9350370556134 68.05934361767117 0
4571 44.16553306764006 45.41173711145664 0
4572 41.72426380046314 45.23162432469083 0
4573 44.15910036984741 117.8351677976293 0
4574 47.19309691351981 121.5623870005673 0
4575 220.5164752434071 75.63501428220064 0
4576 222.1546995283539 79.68520147020948 0
4577 217.3538094591494 79.44493986620992 0
4578 120.2850472786225 53.68378077262491 0
4579 125.5517682528519 53.72517843906348 0
4580 122.1389737297054 185.0592883708592 0
4581 127.2647922731433 186.236075501636 0
4582 7.935147540397139 50.62855278997009 0
4583 8.054884261187976 49.92412545757565 0
4584 0.9491136606809898 58.39916375175279 0
4585 0.9491136606809898 59.67120776692524 0
4586 30.58914803176573 12.77452604377245 0
4587 31.40649284863646 13.28213706077685 0
4588 217.5937098830061 59.6223420006908 0
4589 220.6825231105562 63.61041851757638 0
4590 216.4396396383502 64.26762146259809 0
4591 223.2602445963381 123.301206309162 0
4592 222.3647199253579 118.3503812030997 0
4593 221.9375010001262 127.650362667016 0
4594 30.87518506393353 8.329722828194553 0
4595 30.73742644832429 8.823117372904834 0
4596 1.067444663945586 48.30085267101315 0
4597 1.42826937617478 47.68569892308409 0
4598 75.50375949739863 28.21351770078143 0
4599 79.44822568483724 29.07939922762993 0
4600 181.1811017612772 94.52160643952654 0
4601 183.3754840790617 99.23630430878441 0
4602 12.03173352027117 48.75381492796618 0
4603 20.63846111524627 32.58507149909703 0
4604 20.54165240321125 33.319513200916 0
4605 27.83368932003108 18.53027934560538 0
4606 27.30170322551462 18.15075585717413 0
4607 220.7321877657569 131.8866678633833 0
4608 3.102676307488375 192.9810708770947 0
4609 33.51574664258949 18.94666971564694 0
4610 137.4103978297684 207.5637398850018 0
4611 133.5207770765332 210.2909173524305 0
4612 133.6181371309135 205.1725372083843 0
4613 131.9240281375443 201.0587827743243 0
4614 3.403964747595934 50.12965806643349 0
4615 3.382140430367917 49.4792994223931 0
4616 32.06546020656948 6.95701561106316 0
4617 203.376204025522 17.94678288401511 0
4618 204.9104475002987 13.00778517509257 0
4619 99.09924143951176 24.44724984059585 0
4620 224.4570359222457 232.2712218381048 0
4621 223.2958955261866 237.8113337565875 0
4622 229.7118730506275 234.3754494500456 0
4623 37.58438233352786 8.285623741583544 0
4624 36.85569295331339 7.534204723902886 0
4625 38.02386688025268 7.482996159705745 0
4626 33.20564799103546 34.63333076404651 0
4627 25.47024045139636 26.89820195836984 0
4628 72.4496103565578 129.314128704378 0
4629 39.10699421115807 22.35366315437759 0
4630 11.51559593265767 45.21476720535178 0
4631 11.07811649579309 45.60451402968705 0
4632 16.76905832670593 79.67561765442929 0
4633 19.06541443105876 78.18202668474598 0
4634 70.47920698384301 118.8258610129797 0
4635 39.80331854844241 23.46905248500912 0
4636 54.17079343696359 220.8072180860586 0
4637 50.59533689158655 217.7658789256607 0
4638 18.23114441074396 46.47364101877498 0
4639 19.24968602002215 46.36124123092137 0
4640 19.10257976047705 165.8641155266074 0
4641 14.98805174882638 169.7095570429436 0
4642 54.53984302809795 1.725579990051712 0
4643 52.13159621375938 1.725579990051712 0
4644 173.0900510245177 3.914730097822398 0
4645 217.6220190200515 71.82522532884238 0
4646 222.4229090892559 72.06548693284194 0
4647 135.3031363572373 199.0132676323876 0
4648 137.6422802145398 193.8954627481771 0
4649 22.01977580334401 37.7065075678096 0
4650 22.24667530957542 38.43026691219443 0
4651 23.15567495170097 32.48669063902534 0
4652 22.72284435388968 32.91743165003858 0
4653 127.3248802209333 117.0691811296606 0
4654 126.2547900979485 111.6371261809844 0
4655 121.1104034785298 112.997934587052 0
4656 96.47460054003817 185.056145586788 0
4657 98.8860021902142 189.5728254653842 0
4658 102.0573485067653 185.6238683452981 0
4659 21.56416681425754 53.03691743407414 0
4660 13.73613281879322 45.52660277199115 0
4661 3.949961057923613 107.369576351377 0
4662 20.20284596589607 44.53089615727097 0
4663 19.37271639575216 44.64192463956948 0
4664 64.98250680620816 240.9654127047259 0
4665 96.40084027008112 250.7915620224402 0
4666 250.8061074742598 96.38613936636722 0
4667 40.07175781344423 25.33216868880397 0
4668 41.00791062146538 24.45939359203585 0
4669 1.071434773698255 49.35569072847247 0
4670 0.4611973895541286 49.67165560712046 0
4671 16.97798542610647 42.38161912674639 0
4672 17.75383506165882 42.37147848397464 0
4673 23.66625419650786 18.75597920725317 0
4674 29.22797125472115 242.9329052165585 0
4675 13.86592574783228 53.44766212223791 0
4676 12.58435466094081 50.66261946225038 0
4677 12.34910867044821 49.88055883795049 0
4678 133.5675109852444 241.4456384188807 0
4679 43.93663064431335 38.24428435872089 0
4680 41.67005288527734 38.43520175320226 0
4681 42.50528664411939 36.66339648156139 0
4682 239.5700467679561 138.1858882891514 0
4683 239.7132677451988 133.201451006814 0
4684 32.74500991344229 8.28172628862114 0
4685 33.58039364473187 7.988590100156648 0
4686 22.7614811267064 27.47532283224005 0
4687 234.4601986951252 140.8178083514295 0
4688 231.3279785406379 137.864161113235 0
4689 231.2471824963897 143.5288709276901 0
4690 234.9259080518356 167.5441261895795 0
4691 238.0587054540937 163.812798197111 0
4692 240.2692893017889 160.0665826368351 0
4693 27.91961708140074 1.539771549496048 0
4694 27.94686824926887 2.149663762217679 0
4695 46.4264752339917 107.0611252832858 0
4696 90.53673928575407 121.0552630103748 0
4697 192.02312825258 63.7734500816463 0
4698 194.609499688829 60.1659251230777 0
4699 24.26336584209261 25.39368121780232 0
4700 26.81682226869746 9.966016134734382 0
4701 27.32227909424181 10.41981969733225 0
4702 26.46575576213663 9.545862202113906 0
4703 27.14922099276382 9.36888425342508 0
4704 31.66276393191773 52.71078926340496 0
4705 106.9937271093551 14.05575084898641 0
4706 106.7534051132852 18.9143313797758 0
4707 55.89060837795283 37.57102079406175 0
4708 57.35779654581506 34.62171771313002 0
4709 58.61454075862031 37.31721279258983 0
4710 243.4608753167104 61.58420307645586 0
4711 244.047721757579 67.09969334030359 0
4712 67.18102843604944 244.8892300588666 0
4713 61.84385237213219 243.6014999231622 0
4714 248.3068305410173 165.3077039021555 0
4715 244.8794883430409 161.557613008874 0
4716 250.5726578020236 162.3268321833467 0
4717 165.3016850342074 248.5270258968549 0
4718 162.3268733473634 250.5726394667322 0
4719 161.5516353041539 245.099665363587 0
4720 38.02017613967496 9.174000345743957 0
4721 66.55180925725701 56.0252404812983 0
4722 222.6683349986511 85.15204674569821 0
4723 36.04012188416286 134.7344895822412 0
4724 40.48416103467806 136.8910063360572 0
4725 26.24473209946507 6.909211853953373 0
4726 26.05725500710995 6.361213626653203 0
4727 29.14723225188851 3.296544946317388 0
4728 29.13031755141713 3.844691163347275 0
4729 23.06440669429998 38.66370933512272 0
4730 46.0737640050532 22.03627583527405 0
4731 30.45350708131626 14.79946876408508 0
4732 34.25646142148394 14.27209037038726 0
4733 10.49466812256589 70.20747265899422 0
4734 8.499128184448621 69.7084598529874 0
4735 31.45047773643281 54.58523927381658 0
4736 87.11767844481398 8.662898330090147 0
4737 0.4572072798014591 47.99397993469045 0
4738 95.24592362637804 192.5196143081099 0
4739 134.3627898669203 67.15863655290858 0
4740 139.6315379358115 66.48343554239634 0
4741 220.2847841857796 89.04746377301885 0
4742 216.3862920533962 86.81775761232026 0
4743 1.424705655217683 49.92314480314506 0
4744 177.0345345247872 120.8999295540611 0
4745 177.0401147251759 116.0507528448873 0
4746 12.73930950208055 156.5189333272788 0
4747 17.20149468776387 158.4111415020399 0
4748 42.53333567776031 2.349319786939818 0
4749 42.78196417650362 3.730606500350684 0
4750 50.51942806892065 231.661598054165 0
4751 50.38894347184331 227.9660739641251 0
4752 52.83881634077525 225.6406704696415 0
4753 47.81816737670993 223.7478755027363 0
4754 141.2096747889196 143.263765207466 0
4755 145.2685469179907 141.1329856823146 0
4756 22.34479062765763 35.06683731023503 0
4757 8.218088893095185 49.33477618854665 0
4758 59.04137330656923 13.39754223250983 0
4759 60.88339997020014 15.75279418319848 0
4760 48.88660663558491 245.1629303216619 0
4761 51.61313853082378 250.1479172141271 0
4762 250.3800118053092 168.9857965782604 0
4763 168.9245428862572 250.2347424185187 0
4764 250.1291270842773 51.60424606089323 0
4765 245.058970540516 48.93958672435753 0
4766 41.97879543563139 148.4321567642897 0
4767 41.13995417282653 144.8057916134742 0
4768 45.36219103809749 145.3647309949772 0
4769 226.8799427125688 218.9589311682838 0
4770 25.56761135103827 41.8120378536857 0
4771 26.04717392196422 42.47942840770334 0
4772 25.03178646125131 42.79190318961535 0
4773 25.26980980137317 16.52917795273621 0
4774 25.58249159453962 16.18966348507509 0
4775 25.80397711136397 16.77622446428523 0
4776 26.20155382110885 15.97254958178596 0
4777 196.183862937885 3.940113495044247 0
4778 193.2795393930022 7.23348741514547 0
4779 191.253064079993 3.293373920101224 0
4780 103.5485654263937 87.11764931520219 0
4781 24.82776843702372 32.53933441741029 0
4782 18.35524628860443 44.44445812157329 0
4783 18.7260432377388 44.88503675157058 0
4784 18.27532197139637 45.24849192615959 0
4785 23.298499302014 40.2167013511428 0
4786 22.62995986763945 40.69988128089669 0
4787 22.62822763849698 39.88893712702884 0
4788 34.0257457905907 137.8254095032786 0
4789 32.93904452852431 132.8731078694769 0
4790 37.74121341191561 27.21314368948198 0
4791 39.11035103055987 27.98019749404148 0
4792 25.80013725962601 37.02164690919187 0
4793 17.09949467410352 233.6649769138168 0
4794 22.11527129764546 232.0973200356564 0
4795 59.78757040467598 7.148562296963594 0
4796 50.47417407959505 2.112372350783406 0
4797 52.06558149882957 3.837952340835118 0
4798 35.97903379520066 7.419022612638273 0
4799 82.84550201567858 201.3384338653415 0
4800 77.87350992509934 200.3110157259186 0
4801 138.9952016058246 43.16051682925713 0
4802 25.00564482284428 49.35634830326778 0
4803 40.82508646076094 140.7125785301023 0
4804 242.5351165627952 157.0857109180263 0
4805 160.116701434223 240.4129513138508 0
4806 157.1418897473789 242.4585648837281 0
4807 43.4254157245511 35.30119696138911 0
4808 58.4200241247147 55.85359293966719 0
4809 7.670949764914162 47.92561690523333 0
4810 7.416812897713807 47.42428561686517 0
4811 90.13619706585546 165.9715261752637 0
4812 84.86695630659725 15.65619507314004 0
4813 85.77787231535339 118.9920608192578 0
4814 83.19556789298053 115.2881040635932 0
4815 226.3059168524598 70.81899131825463 0
4816 223.4114606291042 67.00920236489637 0
4817 176.970023113897 125.2294041222752 0
4818 172.7398910416403 121.9076403687039 0
4819 26.65299060393988 44.42880449011226 0
4820 27.79502857643756 44.2666921979154 0
4821 27.07209787894119 45.357665210402 0
4822 51.80824400864049 124.9686525897794 0
4823 68.61068792581003 39.93892474366081 0
4824 65.56439195266606 36.57172081208908 0
4825 70.55342471041872 37.06638441092502 0
4826 85.00403910741693 166.4032959950645 0
4827 12.31581946853677 57.06136039219949 0
4828 13.46118469191855 58.1161658815914 0
4829 49.55080495616492 61.40849284357623 0
4830 5.655548270635405 52.97047624389573 0
4831 57.64274340645313 49.7381820199182 0
4832 54.59153178282608 51.18478381601169 0
4833 35.00802528931771 118.5950333751204 0
4834 40.32690419505967 119.251208163176 0
4835 226.5692666961664 143.4147123572969 0
4836 9.964339306710057 45.5117627935492 0
4837 10.30984196315188 45.96409812829349 0
4838 9.673924966905989 45.92206115216122 0
4839 25.37649002289564 8.894151688218692 0
4840 11.47730506554174 68.78568704677946 0
4841 12.3208156942247 70.79228512826523 0
4842 148.2717924136636 109.690325038148 0
4843 152.7777350695117 107.3711873093748 0
4844 144.2053916167346 110.1090054941571 0
4845 144.984247446682 105.3523538832515 0
4846 15.19358429860624 45.35489476595774 0
4847 181.9190330526133 22.36597322880999 0
4848 214.9574289115918 31.83051557664586 0
4849 218.9116250727436 29.59739237526816 0
4850 217.8923226787155 33.58811745200389 0
4851 217.8308701630424 37.07864909143397 0
4852 221.7850663241942 34.84552589005628 0
4853 126.3256166183991 164.0940773104008 0
4854 130.9899572319693 164.2607149357983 0
4855 7.647674430815893 45.35803798448287 0
4856 8.17558766234206 45.3957979078522 0
4857 7.799715493790115 45.95094515481377 0
4858 8.828025517890225 45.72921544780002 0
4859 193.3744275246011 103.2501633096394 0
4860 191.9116881910148 98.91574760657332 0
4861 79.8649981152341 17.10143205089351 0
4862 14.89027645576718 37.86648265385237 0
4863 15.82609271348296 205.4971629037511 0
4864 18.09751924747025 200.633445742867 0
4865 18.2088990360244 42.08110359253762 0
4866 78.09209768415954 172.9806514884198 0
4867 82.70717925633795 170.0337721383033 0
4868 22.89759696697155 28.93489167084385 0
4869 31.20275729056946 25.56751389717924 0
4870 31.54132919679428 26.3975569652635 0
4871 23.37506624349533 76.27857451698482 0
4872 23.54805894956181 73.46259009981998 0
4873 1.825733160269424 57.85634054622629 0
4874 175.5988716553371 212.7361461960725 0
4875 178.1123722797478 216.4841326946144 0
4876 25.82409058886967 31.85945793523734 0
4877 26.26706735900437 31.15797415812562 0
4878 51.53183904229898 5.872591230057822 0
4879 29.04839388938605 16.04483654407316 0
4880 29.07268105208775 16.66272761809922 0
4881 175.1337062109147 209.4924115714591 0
4882 26.77559335512902 19.89152673618429 0
4883 25.1908113865296 29.19336510771967 0
4884 24.51994556744357 29.2539177564514 0
4885 250.9248248047787 236.840341365839 0
4886 236.8628844125903 250.9406108520941 0
4887 17.11286260233416 58.5073255859053 0
4888 13.45253439480605 39.50780520611298 0
4889 11.75611596654369 190.2002320378167 0
4890 14.32868413834392 186.4945989316298 0
4891 132.794863158833 40.49521313732017 0
4892 212.0089217130458 64.12039756676226 0
4893 215.0977349405959 68.10847408364785 0
4894 13.29616849369517 42.58571920984245 0
4895 13.73565515756922 42.35208296497664 0
4896 27.77040110890385 22.90571229490009 0
4897 27.6756517043718 22.3592108403319 0
4898 26.93218525055907 17.42463907927092 0
4899 26.86574857779512 16.79736221375368 0
4900 117.0489480369963 183.7080540904375 0
4901 25.7937435045108 4.111237355393845 0
4902 25.76100030610336 4.729967843345822 0
4903 168.6431573683859 102.3113068067181 0
4904 56.49775391546636 250.1479172141271 0
4905 250.1291270842773 56.48886144548401 0
4906 49.76117931066207 15.476070771242 0
4907 52.84846705630302 9.526160209079341 0
4908 51.130915510408 11.58665251538663 0
4909 0.4611973895541286 50.29449394792333 0
4910 61.06866208559867 26.14887346046012 0
4911 61.9573427705658 22.84974386874801 0
4912 1.967466043803347 53.41782822346122 0
4913 33.73363850450338 61.85703237848841 0
4914 32.06890991507209 60.00670877952933 0
4915 234.9016019293624 210.2777798911842 0
4916 232.2286258717442 214.9693484130221 0
4917 27.20164730349826 33.86458368062122 0
4918 16.06279227526997 94.54332977947703 0
4919 12.17558124241717 96.0028130010561 0
4920 18.37054972330323 98.82639242884446 0
4921 22.72096266312393 35.51664353086836 0
4922 21.99611976626845 35.47631660041081 0
4923 8.054134760300141 48.41931796919418 0
4924 7.42850970134452 48.43243508204645 0
4925 19.69594682615771 122.6254273044342 0
4926 15.8847853405872 120.1389068752492 0
4927 12.05235535215028 122.5736330148947 0
4928 11.81428334168516 117.4249505893156 0
4929 95.57749206532213 228.6359922078435 0
4930 91.24664286630187 227.7746765497891 0
4931 230.8498246920356 170.0402388004512 0
4932 232.5393005725319 174.1830811116122 0
4933 172.6383875247537 94.905494224265 0
4934 168.8653925390749 90.30501812404384 0
4935 164.1296995847264 94.42437846138043 0
4936 4.464708382774538 76.29336018417357 0
4937 2.400566911877773 77.40797529640477 0
4938 19.27226447818176 40.03796985524137 0
4939 19.96553384545135 39.7762281426631 0
4940 25.77523854371249 3.020794402889249 0
4941 25.75188095009128 3.639950303066987 0
4942 2.807468980206463 58.75612554784443 0
4943 39.53599257715565 78.7799442964193 0
4944 77.65271312919592 149.9639253851267 0
4945 59.21124860859747 246.9105758527785 0
4946 61.32887930884237 250.7626586386515 0
4947 250.6415237865824 61.30765242492243 0
4948 246.7706508708597 59.18112925527818 0
4949 153.322382571852 241.816602794308 0
4950 150.7979281141905 237.5201719699037 0
4951 196.8309525696606 67.81216926529449 0
4952 38.11577172615469 6.248342990031718 0
4953 37.08424384918532 5.87747831273941 0
4954 109.3406201161026 160.6946398328451 0
4955 114.0678668590602 160.6666256433811 0
4956 22.24587541113942 64.48928132204038 0
4957 24.54281981021325 65.73793372007918 0
4958 6.419790724157012 47.75107860652173 0
4959 6.895966974160856 47.39254256680805 0
4960 37.30456611562524 76.51304279174732 0
4961 7.612219711972894 214.0213444816675 0
4962 3.364856610682914 216.5898332200357 0
4963 201.9174660921392 88.15340782102342 0
4964 33.35649330016842 6.996637166814041 0
4965 234.5614338832884 219.2632186860602 0
4966 238.1923959447352 217.2430683072419 0
4967 230.4992881809163 220.1365971924851 0
4968 235.8746546142855 49.21522465788222 0
4969 234.9508687248774 54.41997828521982 0
4970 36.41027594352276 219.4000190579749 0
4971 31.58762512151169 217.6253497788657 0
4972 39.97792025467433 221.0694011656536 0
4973 34.82206201274459 223.5904581195797 0
4974 1.475477225234604 47.14660208534914 0
4975 1.462563026824196 46.56112507711184 0
4976 1.929209994336235 47.00931142843505 0
4977 162.9047337807933 147.1765003616184 0
4978 166.1189374820094 150.5591843067525 0
4979 19.2927920785441 45.44595844415578 0
4980 214.4546539261169 56.09746585449013 0
4981 218.6975373983229 55.44026290946843 0
4982 229.0658940788112 73.58764702719355 0
4983 7.454470502121671 44.89685309797397 0
4984 7.007060633915726 44.4366113239077 0
4985 0.4572072798014591 47.37114231971992 0
4986 12.85230128533469 182.006083866789 0
4987 17.0080393869296 182.7534603044425 0
4988 44.47699785508885 194.6829895759074 0
4989 47.88743125544644 197.7439504007002 0
4990 24.83251819307245 41.09413458232498 0
4991 25.84790565378535 40.78165980041295 0
4992 10.39431352655041 42.32670362649097 0
4993 9.872015960396903 56.17124353367545 0
4994 8.669225692990963 55.95359570514623 0
4995 222.9692489140403 54.62676751055639 0
4996 219.8301929571512 51.10189136435572 0
4997 146.9439461079774 204.5362760888906 0
4998 141.1976866069103 205.5907539057513 0
4999 150.1725420461703 73.17389364264284 0
5000 148.4911021302136 69.52300153036339 0
5001 145.7955791924822 66.98032623488521 0
5002 2.348784698314037 46.56434124990304 0
5003 19.77319350510993 39.00897046335708 0
5004 210.5799116483522 235.2885208001811 0
5005 213.0390999819787 239.7973965159923 0
5006 86.25990756481093 123.020049035913 0
5007 45.62880365522111 39.88454657185969 0
5008 46.46403741406317 38.11274130021881 0
5009 8.078643597714525 106.0239714826868 0
5010 41.62564688925007 16.42134613010122 0
5011 41.64185088040519 17.47707651249988 0
5012 57.94703785764047 153.5620243099113 0
5013 60.86308721967029 157.9411646759322 0
5014 137.7392632601492 139.9688439832978 0
5015 44.51117687894052 238.7471766961847 0
5016 48.70401694373388 236.0060919621727 0
5017 47.58593012074171 241.2889414810577 0
5018 195.540012724654 11.31956635789816 0
5019 18.3941043180739 37.94486473177854 0
5020 19.09427701061232 31.12110529472317 0
5021 19.40883166870891 31.61160762110272 0
5022 136.7057342268155 40.15326518658247 0
5023 140.8693057830717 38.79403631186563 0
5024 238.4204543378085 44.96001731022684 0
5025 241.3138871889545 47.77204252053068 0
5026 6.642934361811697 48.16849451146945 0
5027 12.79044662956684 51.41178244462698 0
5028 185.3312394309967 205.039553331806 0
5029 50.14937200413831 58.83235489984895 0
5030 143.1492515454186 86.63263087624952 0
5031 148.1654055944131 85.39876099072013 0
5032 22.54396874672313 42.17701940608933 0
5033 22.5019233846984 42.97562452991112 0
5034 12.87239048120093 64.43349103456177 0
5035 14.48697716218775 65.41189651947069 0
5036 220.8900571540267 47.13615502296142 0
5037 221.5589008861272 43.82105069513554 0
5038 129.7194066106329 197.6266906657563 0
5039 222.2357808655183 105.9190300539771 0
5040 220.4758281358718 109.7924434718951 0
5041 27.66681069691251 0.4402555084290833 0
5042 27.04345015134112 0.4402555084290833 0
5043 31.49687439957892 8.271670278051252 0
5044 155.2432047300637 86.03402167531715 0
5045 25.1203272893517 25.21639155069661 0
5046 25.61980164693237 25.49472111209482 0
5047 25.26436520950884 25.80094071004747 0
5048 1.244290412154895 64.05769840275241 0
5049 111.0096673502296 20.92739949380376 0
5050 19.81563629272463 42.23404568968648 0
5051 19.33102949047899 42.4783051857963 0
5052 97.36805092137854 144.7798301230837 0
5053 2.400566911877773 80.21790247054219 0
5054 14.38224491162837 56.68233699592432 0
5055 13.06887970751732 56.06068784107138 0
5056 142.4487235459985 35.85518848804216 0
5057 144.7381909250076 38.86244013071681 0
5058 166.4467388408109 99.43253174279667 0
5059 21.17599409994835 26.59351541305584 0
5060 35.63679881276174 19.15621162654813 0
5061 32.10704223212977 22.05423279804238 0
5062 33.14458440857335 22.21015742213362 0
5063 32.46448816828087 22.89240002453582 0
5064 156.2458080004747 105.6367277258896 0
5065 23.19645954496821 26.45951878167786 0
5066 22.611154861775 26.01092944128531 0
5067 6.900765448809372 48.57671521710303 0
5068 62.16004384656843 55.39560630676625 0
5069 47.23442803711453 1.23528268998261 0
5070 46.08677194481775 2.582970790481714 0
5071 163.6712217903915 239.4615096745097 0
5072 129.1813084890811 56.55998587951363 0
5073 126.9270038521023 60.22307043106179 0
5074 40.08046004518515 8.818126331863336 0
5075 39.68494223761249 7.643575501342253 0
5076 41.01284602233049 8.227286655819185 0
5077 22.66651827144397 41.4257107754881 0
5078 21.99624660792695 41.09794655137414 0
5079 3.696940524411659 181.2878994639972 0
5080 8.783413542786169 182.0404171492178 0
5081 22.23224418735504 57.6183452478365 0
5082 22.41389664992791 59.50928248398668 0
5083 5.906614119998396 69.63709494932003 0
5084 55.73473017521559 123.3138166674315 0
5085 60.15347591051344 121.6524403241773 0
5086 104.1015942097427 130.8972778975364 0
5087 18.78898332881102 102.479925087932 0
5088 19.29760525650629 107.3085361413298 0
5089 12.30017386351542 40.77067718675018 0
5090 11.84604645229596 41.19210045394389 0
5091 25.46008652430427 32.35419655160685 0
5092 25.25582069264993 31.5342341033318 0
5093 37.52028351907887 1.483290529777042 0
5094 38.58741648712822 2.279183618293603 0
5095 45.30060656895159 23.09050459674576 0
5096 28.6014917744653 38.39868042678684 0
5097 20.14241600781734 28.94560376043622 0
5098 27.37754427853488 1.385015958221182 0
5099 27.98225201440559 1.035266608133034 0
5100 2.737726813582085 49.37073560985446 0
5101 2.445495321869498 49.91588888546752 0
5102 2.867838465922188 48.36832633255074 0
5103 19.87345118585112 31.48524541214933 0
5104 19.66585549415606 32.04382326975826 0
5105 55.71205046391299 239.1127696580335 0
5106 53.59418131072185 234.203362839038 0
5107 28.63025339723562 57.44981459907622 0
5108 22.90256250306584 24.28798676460033 0
5109 23.15319430195542 61.01439970028198 0
5110 22.70014571017859 62.3959175060227 0
5111 3.89971468279447 59.35150313716261 0
5112 4.6255334452855 58.30621278720319 0
5113 30.05746015614895 2.888556731104312 0
5114 16.70466732591611 38.3166427574192 0
5115 145.5910586828568 79.87662674018051 0
5116 141.2326991134411 81.33574599938885 0
5117 34.98844906463624 10.98736602968611 0
5118 27.95976526430761 39.39680161613641 0
5119 3.48727954812316 196.7677511681593 0
5120 3.48727954812316 201.7504520879071 0
5121 25.48204915600323 6.527436743608846 0
5122 25.93032456903057 8.551151950730667 0
5123 228.2033092938231 239.7662556244494 0
5124 34.68850105214675 199.9262765182023 0
5125 35.69929672486447 195.4037236809696 0
5126 229.0639396011807 31.52154650896239 0
5127 226.0871030864274 33.90244683154808 0
5128 224.8233553546206 28.97409392804051 0
5129 153.863633142694 224.8775029247404 0
5130 158.8512303873403 224.6087840219154 0
5131 72.72086387137131 173.3460586096697 0
5132 68.33823131682446 174.1777409045764 0
5133 65.1721090319044 177.5628926902503 0
5134 52.63290373102558 172.3081766269294 0
5135 48.2491157309354 171.4688546718801 0
5136 12.44577185303654 49.32085855571773 0
5137 0.9616224086627418 47.23751257176089 0
5138 14.53639740864667 57.81836509981907 0
5139 249.8943273181677 153.7133240341395 0
5140 153.6227507872485 249.9306773773121 0
5141 233.5327947750955 67.93975214514202 0
5142 29.91194953153111 9.11363002064072 0
5143 29.39214256903838 8.901141517309673 0
5144 187.5547796437477 98.29939407179242 0
5145 65.29798001918502 31.11165247609212 0
5146 63.79442883187866 34.0335450955057 0
5147 61.5852801137889 31.44601709224452 0
5148 28.09436241889381 168.5336762896632 0
5149 34.00889842933721 3.89256172711405 0
5150 236.9846340663777 31.78476733797518 0
5151 234.7809200504715 26.82092699068619 0
5152 35.45551179930021 3.017708005157195 0
5153 20.9737271227482 41.81295046571513 0
5154 21.55966728392867 41.49643130064325 0
5155 13.72360318876838 229.0329979917662 0
5156 230.0544456186595 68.53136245924799 0
5157 1.042914906829587 50.39691237898597 0
5158 24.12708326891289 167.1624868952525 0
5159 25.74156968596676 10.37832423702141 0
5160 25.07424564741329 10.25142702080062 0
5161 34.68688333323704 3.542988912005376 0
5162 35.46695399854778 3.936525742403877 0
5163 8.17285198946276 63.87102364177622 0
5164 81.90332195990433 25.48791231786161 0
5165 97.02274092816289 60.2995508952649 0
5166 100.3578604683679 63.86261828258025 0
5167 5.304733135046801 50.00337432973649 0
5168 20.36536560664893 128.3250349837845 0
5169 15.69254746004644 129.3327862423982 0
5170 25.92295518281173 2.603598196037781 0
5171 26.33552949263517 3.146358703441152 0
5172 16.50328866679681 42.28328967201251 0
5173 16.15472656990192 42.55948334478647 0
5174 16.04991065322346 41.99543105214883 0
5175 161.2929169799314 119.9511937280595 0
5176 161.0816531613316 115.9204260488267 0
5177 165.0715081590163 116.9011812807202 0
5178 26.30537097256716 9.039449712762019 0
5179 50.34593069919193 13.74638071972316 0
5180 48.63566423961281 13.37111242268224 0
5181 224.4715679379763 16.65246745721833 0
5182 213.3721996349223 185.2390247586858 0
5183 216.6082321134059 188.5250557342789 0
5184 5.378443235437762 84.29758059028755 0
5185 4.054154280534012 81.80785850197607 0
5186 132.7203702668999 178.6675924751731 0
5187 112.143977346139 52.59744918623777 0
5188 115.6291501668096 55.03361764987338 0
5189 76.74043635365177 141.1791036821011 0
5190 33.7906327836331 2.149962557730727 0
5191 33.99745623008964 2.973743989867369 0
5192 39.88613630920608 19.38612460101961 0
5193 41.46805464621896 18.92961344017233 0
5194 11.35636464917892 67.2126279627501 0
5195 13.18251222083773 67.79744043202112 0
5196 234.906678204116 43.16611292529122 0
5197 46.13037373879918 24.28229484108715 0
5198 3.578027619289769 45.68197917109216 0
5199 2.972983475506086 45.81466193399065 0
5200 229.2127507241131 223.252801441322 0
5201 82.69920397758608 205.6330091195429 0
5202 91.9346377413093 6.646996757850955 0
5203 20.92235321612675 72.29278337464902 0
5204 27.88048920955659 20.1386112730534 0
5205 32.74801704209301 46.97603083193253 0
5206 68.20892060649012 3.987291820593388 0
5207 70.68136939621775 6.231310292266649 0
5208 46.87406711607546 60.42697973475663 0
5209 22.62912666386478 46.0555232213663 0
5210 25.72070446931039 44.48953562311593 0
5211 26.44363516680676 43.39856261062933 0
5212 169.9211869912569 47.56805381878405 0
5213 166.8374955394695 52.4495038110169 0
5214 47.67834586721923 11.70498339543941 0
5215 26.36977346644837 7.462905217478584 0
5216 26.64054321747906 7.89830865561785 0
5217 162.298773928376 221.8504013444108 0
5218 22.47903568814696 39.17231477434665 0
5219 69.82176719683494 227.0810712874203 0
5220 45.91708721554718 219.1507170561508 0
5221 43.46721434661524 221.4761205506344 0
5222 29.31037301440213 46.90020445275755 0
5223 27.99037948788534 46.34917676699287 0
5224 33.55470477609792 48.6862397656275 0
5225 169.2142454265468 154.5800878261417 0
5226 165.0128849375461 158.646688196736 0
5227 20.93924147231193 27.01433914358724 0
5228 20.70296218162451 27.58710621758126 0
5229 60.71439090021246 141.1607008547819 0
5230 10.83925614266768 83.79418815447414 0
5231 13.23232301368676 81.46500039464918 0
5232 189.7916005323568 30.98772328409719 0
5233 217.9078929039271 115.9194468065603 0
5234 158.8482544924111 124.3101570070589 0
5235 30.486633811659 199.3459416872995 0
5236 137.4344479306134 179.1187365218541 0
5237 134.643894245537 182.6127997341894 0
5238 56.74156953209696 225.0254165474474 0
5239 240.2405205134029 212.8025085457029 0
5240 47.05382844796344 35.93228467107701 0
5241 125.2745051196596 169.0147614816786 0
5242 80.4408635357932 21.90680190008926 0
5243 52.72945410909523 74.4633629108246 0
5244 51.29072960652896 51.24671847739554 0
5245 29.81334912943753 14.68707876850868 0
5246 29.24833336289709 14.64254884730189 0
5247 9.067732896493224 48.48229564376227 0
5248 8.510532661909028 48.35261457602461 0
5249 20.76555070539024 28.05650928887902 0
5250 21.31449010888338 27.81772494781436 0
5251 193.8370084630309 228.1645556137337 0
5252 194.8582209630821 223.2174632246786 0
5253 197.8476598770491 227.2197103388225 0
5254 55.76708807132166 4.175325955000439 0
5255 241.8249021015043 19.90561849254507 0
5256 22.86206271590514 32.00390628018674 0
5257 240.9299213008686 3.405508968208244 0
5258 235.9430369362739 3.405508968208244 0
5259 25.88536124842152 25.12112951276555 0
5260 26.02939916857866 25.70567867211641 0
5261 72.02290478448475 165.3461764113988 0
5262 77.39413859727298 164.9807692901489 0
5263 73.69242403394463 169.0638301719232 0
5264 55.23334561479107 6.209964844223142 0
5265 53.1892611764633 5.485798869326127 0
5266 189.8788600113203 95.35792310998792 0
5267 11.85591398073492 46.00300831204871 0
5268 12.07105365103273 45.4087994769663 0
5269 221.8963336341769 137.3553615461004 0
5270 11.89354271396728 41.69148736332813 0
5271 11.23016724918036 41.54995934699832 0
5272 26.91508354846507 0.934873774720183 0
5273 30.46437297866985 93.2343785549169 0
5274 32.60425300523336 97.7328415193395 0
5275 95.61350737912987 83.53367427586259 0
5276 108.338334504416 226.9267778750135 0
5277 104.2864414358905 229.3109850496775 0
5278 105.2526318502309 224.7736965401083 0
5279 141.1195211662446 31.49938885417883 0
5280 135.6667783661651 32.2900965545481 0
5281 233.3750168516497 7.820437263216323 0
5282 231.6393625067128 179.164050972155 0
5283 178.6459901683719 230.468736771947 0
5284 31.21135618587662 21.92905119441439 0
5285 42.31921020675293 109.8241611047929 0
5286 42.99835045299814 104.311433950404 0
5287 230.8047587151815 28.4082783511563 0
5288 232.0685064469883 33.33663125466388 0
5289 250.5726578020236 157.4422167987149 0
5290 157.4422579627754 250.5726394667322 0
5291 141.9046322154906 101.7579697702808 0
5292 145.9710330124195 101.3392893142717 0
5293 238.1064269782721 11.05585945073159 0
5294 72.49228369618604 133.3274637604764 0
5295 72.62183748356939 138.8226940754324 0
5296 68.66677557477205 135.8791688757222 0
5297 27.37006140957491 8.770463843638801 0
5298 66.27089551951642 2.229978764871707 0
5299 28.12893297835786 40.36806200309549 0
5300 27.86281610393053 41.35128412011724 0
5301 26.84911568617851 40.51634095475193 0
5302 61.86082441960097 222.7877526595059 0
5303 32.90377942069217 42.62816695675329 0
5304 34.27610239884681 43.4731342298408 0
5305 79.69099844835196 161.3502931469101 0
5306 76.99825925194239 157.5518739479312 0
5307 26.67245427634913 16.41619399523463 0
5308 26.3099532059764 16.81787821514317 0
5309 72.52785961281415 157.2229815195811 0
5310 73.80149951694344 153.5117399378877 0
5311 18.48288570476341 43.45403181304548 0
5312 17.98058780449923 43.97694198766123 0
5313 87.65969312634482 97.62779034113287 0
5314 86.66794180010608 92.85614620636039 0
5315 1.867461442384025 60.41645191772146 0
5316 0.9183477817030347 60.94872626068902 0
5317 11.51772885810052 63.79858497595296 0
5318 9.504265035607116 63.66410260285192 0
5319 36.77538395045951 10.81629546519473 0
5320 35.82492538431942 10.80631784704712 0
5321 26.4231080826664 8.460432558773249 0
5322 27.01558962101565 8.386606417649205 0
5323 20.91238033020921 77.02906908502396 0
5324 191.5274178140668 85.33093562765234 0
5325 186.7443501080823 87.52326863284875 0
5326 188.9319988466552 216.7337386792684 0
5327 185.3972855783861 213.8531976519607 0
5328 191.9333471673065 219.815007680569 0
5329 187.8462212284126 221.0810394982893 0
5330 87.35138401650502 128.0001377678324 0
5331 91.92843131882719 62.70097895992678 0
5332 91.46373782699851 66.83547731966456 0
5333 87.42203262505073 64.69830495585168 0
5334 32.18580096085279 16.66731867270122 0
5335 33.05468075039183 17.25624482478196 0
5336 12.54694756881957 40.22088303541591 0
5337 5.672342027421333 57.00792327755416 0
5338 4.704539104303016 57.28174496534278 0
5339 9.405882918243112 85.58507905072999 0
5340 40.89314700328859 10.81615447870792 0
5341 42.31530368720557 10.57513439607361 0
5342 41.800086860591 11.98945138844126 0
5343 96.29599601620703 76.0760894481805 0
5344 98.70346009295767 72.9837360122915 0
5345 99.73709697357239 68.71887967142011 0
5346 94.93649964016026 69.10300766461104 0
5347 10.91147259649525 56.15946925921165 0
5348 12.07766698115384 56.14191045557423 0
5349 28.67811091906206 48.3007524120373 0
5350 38.84446110636915 6.999762007712375 0
5351 215.9795870295521 242.1879450304422 0
5352 138.0102344878385 190.4375770143169 0
5353 133.4664691036247 192.1232897899594 0
5354 0.9183477817030347 62.43921456228147 0
5355 29.53945166120416 237.9671761682712 0
5356 12.83224559597015 250.6428816585903 0
5357 17.71686098061276 250.6428816585903 0
5358 60.17046303352628 52.76699469826062 0
5359 250.5466074065503 17.77947878459462 0
5360 250.5466074065503 12.89486339999912 0
5361 129.2170956706933 189.4879496859315 0
5362 128.8491413973945 192.9458354197916 0
5363 88.09533859834698 56.2549589091462 0
5364 92.98103572621511 58.16237853145202 0
5365 18.61321016522483 42.43040665313574 0
5366 31.85649744591096 23.39185390414132 0
5367 32.89403962235453 23.54777852823256 0
5368 1.545225782939013 50.43377165771657 0
5369 2.332064458101617 50.50740165755644 0
5370 1.950273709713521 50.98116923339735 0
5371 40.97056160685718 39.99178228363809 0
5372 39.53921760666322 38.41089440647859 0
5373 250.7534629308439 217.5082545119285 0
5374 245.8485976571887 215.8012396428599 0
5375 215.7929160872609 245.975743941302 0
5376 217.4700610973095 250.8348543198007 0
5377 38.00871688890975 0.6445203564568251 0
5378 24.781767097269 16.41339686648269 0
5379 24.15438993462519 16.44278104729112 0
5380 2.623559632925502 46.10444549232768 0
5381 3.130697443282831 46.41506452127129 0
5382 38.9578971924962 9.314306554406672 0
5383 38.22551707170402 10.25389172276423 0
5384 184.1899308815507 90.24991598902153 0
5385 112.6098149285423 224.0296122034886 0
5386 45.5986380414013 13.13999777527214 0
5387 47.09359447868937 13.43467344695825 0
5388 39.84964940026367 41.6560572026235 0
5389 3.982051754190604 51.02070108730499 0
5390 11.26122040722161 144.5958385611931 0
5391 13.6689736851584 140.9157338894676 0
5392 57.01272697875618 242.9867584986378 0
5393 242.9484786144052 56.76541209701745 0
5394 21.19833043004177 48.49566581347066 0
5395 43.91078910369919 60.56676160248654 0
5396 25.43039360615959 7.144875863621111 0
5397 25.92302031214651 7.418441433216685 0
5398 2.850543248644007 50.4632864611483 0
5399 64.56321256011883 138.6421629820725 0
5400 16.66729211854963 39.74586567867866 0
5401 17.1367871909542 40.10041488404903 0
5402 3.155893131538114 48.97826134318818 0
5403 3.51225208270802 48.47689014508937 0
5404 3.290533883828053 50.72117083852241 0
5405 49.2894612194563 1.23528268998261 0
5406 34.9419004124133 19.97348427283678 0
5407 35.3506500919265 20.90324263300329 0
5408 61.85169204726995 36.90608542824149 0
5409 70.70780359265726 32.76307895339478 0
5410 28.39595337306887 33.50622810282521 0
5411 15.59563834052678 42.70171079173632 0
5412 111.1842116004034 49.05803287382336 0
5413 108.3393408334482 45.47935130874671 0
5414 15.09516732662342 101.8963980325124 0
5415 149.5749292427622 100.4053274039734 0
5416 46.94654833749232 25.98267624042438 0
5417 120.6847152782221 70.25102018612932 0
5418 231.776353204664 25.00584224498471 0
5419 228.2465771401791 22.61167920450595 0
5420 48.80109975252195 97.35594342330762 0
5421 44.94982305791672 97.27558704235079 0
5422 46.64530733020177 93.08313233676151 0
5423 23.07630997446568 20.75957155169563 0
5424 123.7390693684188 10.98302548684662 0
5425 70.15220108924399 23.66359283500717 0
5426 178.7490309027411 21.88390449226262 0
5427 182.508186059434 19.25937777392667 0
5428 114.6385029143298 37.11006651427874 0
5429 24.98164026906251 11.5860685809245 0
5430 24.89123006987926 12.19903231753904 0
5431 221.212769424163 113.4827952428934 0
5432 32.16819224175683 8.268536041867456 0
5433 27.86011425488431 10.75942084205378 0
5434 24.92895233308653 12.64455419066416 0
5435 242.1421448840217 215.9496069463477 0
5436 5.356206246966135 50.50896265128672 0
5437 55.34541118171016 175.0099625545773 0
5438 52.10679773939016 177.2675779916223 0
5439 58.40412542069551 178.0844523918955 0
5440 46.94916071580451 41.72893427761092 0
5441 83.86697344692584 53.96734722544765 0
5442 83.65836096545829 58.27619491241535 0
5443 83.32810532174392 62.88199141888854 0
5444 223.5816028727953 40.99712241963914 0
5445 219.700911821853 41.15998580498276 0
5446 83.84001741673575 74.64709972893809 0
5447 83.61838029883552 71.23358160906642 0
5448 87.17897625112226 72.24632143546114 0
5449 59.33279648120897 11.32404868057625 0
5450 56.62815341278248 11.12035940844323 0
5451 59.05932523127603 9.193943391896717 0
5452 11.30065598977606 212.1682051130075 0
5453 10.41814949916899 217.1881344293974 0
5454 118.0197980994533 167.434399065539 0
5455 128.8055172752329 222.5192987727435 0
5456 125.7231710382768 218.6819193271964 0
5457 80.33615881124115 208.7178238737944 0
5458 214.0036590110967 231.5572982621964 0
5459 30.95219506036069 56.8787238560189 0
5460 11.77331772298465 112.5995685864143 0
5461 20.44837738486575 42.00102400552724 0
5462 20.22818359722942 42.68983606026855 0
5463 59.99404177216023 29.02276913801115 0
5464 112.9494139526946 8.577796954404324 0
5465 111.9691461471459 3.169339048787923 0
5466 25.2335316682097 11.21121191403682 0
5467 25.5776053428478 11.67941146042145 0
5468 3.956530053164949 46.0718087111222 0
5469 9.185144543753442 46.16463693783035 0
5470 9.530647200195263 46.61697227257464 0
5471 63.77784646207579 13.80263300399906 0
5472 61.47254512506278 11.47112621596332 0
5473 38.63945726735937 93.23983813844973 0
5474 36.0406701276402 89.64566534643124 0
5475 119.0709095981929 162.5137148942611 0
5476 118.1176400053757 158.3682433779261 0
5477 220.5043413280185 186.9298616713481 0
5478 18.77949630625487 40.03330354370944 0
5479 18.94230314306484 39.46508346121825 0
5480 3.651335967136252 53.38342128836602 0
5481 3.284478132645279 53.82676136431437 0
5482 142.6049027032042 179.0634334745269 0
5483 146.7826013469262 179.9475325867848 0
5484 143.5356705529726 183.9480428931284 0
5485 250.5876448830321 250.5876448830189 0
5486 250.5876448830321 245.7030294983871 0
5487 245.7030294984442 250.5876448830189 0
5488 23.40297573557686 43.34840848199116 0
5489 43.98543705678344 3.965060073484907 0
5490 42.63259098803931 5.000290372837384 0
5491 12.08900930832099 234.0084596287792 0
5492 21.81049625377242 39.65549470410055 0
5493 32.45628748023663 25.97634794541393 0
5494 28.63809926188561 2.958587467338776 0
5495 28.17936040186093 3.263819331368191 0
5496 28.12008829298304 2.715038488880576 0
5497 41.91513881295876 113.9898928032215 0
5498 186.2661797153989 3.293373920101224 0
5499 90.43010094638379 71.10033366053594 0
5500 20.3920751636791 28.37854214079965 0
5501 149.1256614729666 81.09092321014995 0
5502 152.3981743332922 83.34783266955885 0
5503 30.38179547345736 9.331463417378407 0
5504 30.04648776401185 9.733816693505259 0
5505 7.682228039130433 55.88164498626007 0
5506 6.541012982789072 56.39948438514539 0
5507 21.97650665916676 184.1296827553668 0
5508 39.78707169367792 1.646152042897539 0
5509 39.28595705544426 0.6445203564568251 0
5510 37.63867017779101 11.05213276116623 0
5511 38.57639123061226 11.19243896982895 0
5512 5.259612286632271 50.96190026708763 0
5513 5.619341342406621 51.58770919785219 0
5514 20.99164977110233 35.83174263692147 0
5515 21.50031828803744 35.61842604613506 0
5516 33.91438906831901 0.5976822409054962 0
5517 17.82022392555164 45.63562079486272 0
5518 25.48939578290623 23.17744931023642 0
5519 71.94498648317935 161.3294288550238 0
5520 68.7482267481804 157.2892948449803 0
5521 40.28580097721421 9.898017708883604 0
5522 23.60077282832697 29.05086298435508 0
5523 57.08292733624949 6.944873024830576 0
5524 54.50510044139114 8.255345939156264 0
5525 42.97909951070272 8.87262965995105 0
5526 43.88603936800514 10.04592656968439 0
5527 115.9074823819982 131.4720604251244 0
5528 112.0122506845803 130.2804925725017 0
5529 22.09156071290573 56.01711192862147 0
5530 22.04275754614833 54.63344805058884 0
5531 26.26174685179051 24.85315794253765 0
5532 26.74333905050944 24.65769254066819 0
5533 26.75653990989623 17.92682577046579 0
5534 210.0741575986906 231.5328052733955 0
5535 205.5255784706469 231.5037309586633 0
5536 208.9493258333915 227.7725084206786 0
5537 206.1309779955156 224.045716615283 0
5538 250.6415237865824 66.19226780951865 0
5539 251.4944661340928 70.82692307662295 0
5540 248.1359899206752 68.63457550182089 0
5541 149.8238274217359 77.82569841901923 0
5542 114.3507356077739 220.6237233519784 0
5543 117.4231496986421 217.8921036794477 0
5544 122.2989502754187 216.6808432801845 0
5545 66.21349469348496 250.7626586386515 0
5546 68.50742605635887 248.2310261154616 0
5547 70.67854674787036 251.4683674768101 0
5548 35.70997123758475 16.3839928588177 0
5549 34.764754072714 15.77632640713658 0
5550 8.282640593464736 88.02519656703515 0
5551 6.326469408784673 86.6691815018979 0
5552 33.83818094184901 17.3019593224585 0
5553 35.0004623845368 17.39951936924706 0
5554 34.21064504293793 18.12939706935829 0
5555 18.53348692237492 37.39824467262613 0
5556 46.62380338594998 204.9964680869901 0
5557 7.267455165916122 46.87809416558763 0
5558 2.995554858493872 151.8546311451897 0
5559 7.684179580763915 153.563962105198 0
5560 177.669639649676 53.58081706965292 0
5561 181.3703247649042 50.67155063389553 0
5562 175.2798283681183 130.4345501961319 0
5563 12.91044960559379 43.49136775953442 0
5564 13.12034914734697 42.96505099221451 0
5565 12.77855153100626 42.66251783705475 0
5566 82.86341182991524 67.01648977862632 0
5567 246.1818881952398 20.26551602542385 0
5568 20.38437682521454 246.3611731041321 0
5569 26.85244861546021 1.439378716083198 0
5570 26.71581188541024 1.896693965347332 0
5571 26.25335115534043 1.446551781846333 0
5572 11.55067124012813 153.3582110326054 0
5573 9.85760137635196 149.1575296127171 0
5574 50.02814222718919 41.75416157255317 0
5575 48.82109251802278 43.73009233680648 0
5576 101.8914984589787 223.4192146987245 0
5577 29.93075276640539 5.054803884407539 0
5578 29.51030960683023 4.647511412614177 0
5579 29.98370689164592 4.589306488661521 0
5580 242.7362287193651 15.66059849792548 0
5581 15.68008060815561 242.9631009340052 0
5582 28.40039363529495 15.28675620111667 0
5583 14.14480384906194 218.7496659889771 0
5584 18.33058233537549 216.8266256643417 0
5585 20.1993967948673 213.5674490796199 0
5586 15.97540023646396 212.0758184760156 0
5587 246.4669851201912 154.8478485254899 0
5588 73.43003692167453 1.757313055721681 0
5589 69.55398674772712 1.757313055721681 0
5590 154.757316441783 246.5033168440442 0
5591 26.89907773863222 2.30934169808694 0
5592 26.29998027851244 2.316514763850075 0
5593 15.58015713112664 110.2700775706351 0
5594 59.0342758194165 78.82066665028063 0
5595 55.44231932468058 76.56307894739439 0
5596 22.93469925041757 36.18835678993999 0
5597 110.0270535481539 11.26995566401843 0
5598 11.70676152398921 107.8794217073792 0
5599 1.653587368656239 82.77614116354849 0
5600 1.653587368656239 86.0687782372373 0
5601 30.48350776408873 4.411982044551269 0
5602 226.0256505707543 37.39297847097816 0
5603 19.21617915465993 39.06299083021315 0
5604 15.74572067033272 57.58840950627918 0
5605 0.5583377556675811 54.19194261822808 0
5606 34.67802808527728 19.0442297624355 0
5607 25.99727141280995 17.15739268280429 0
5608 26.32760216675954 17.70123312485709 0
5609 30.95274922548599 4.932823571965219 0
5610 148.4391442444314 232.9655451008263 0
5611 18.56730884761709 40.46125664938476 0
5612 18.23734751250017 39.88837025536164 0
5613 4.25811608307745 53.63661007452143 0
5614 40.00087164521265 26.53008562773032 0
5615 38.79627957218969 25.53974452070358 0
5616 177.7291237504025 43.69076572586931 0
5617 173.3885894906517 45.30773096544503 0
5618 174.603905224076 50.18967076741625 0
5619 10.78179920843654 53.43680244604781 0
5620 23.72516328570458 24.06592282404697 0
5621 23.14901455775892 23.9081023832984 0
5622 23.51143966289039 23.54889397521869 0
5623 23.89409640565345 23.13342813607468 0
5624 73.31909697928481 25.72169979514675 0
5625 65.47487348763268 153.7596886749972 0
5626 61.35866656989641 150.3740023882768 0
5627 78.92081763654684 80.74128399596714 0
5628 24.6310840108081 43.81292397070109 0
5629 176.7032923487963 2.535821593566234 0
5630 241.4645113328023 7.847681213195654 0
5631 189.6731978862314 227.7665810982006 0
5632 185.7637526677653 228.5314848668998 0
5633 186.9381243305978 224.9272122682891 0
5634 27.23770571760459 215.8239399068883 0
5635 24.13444271631232 213.6482651891274 0
5636 37.16694421982472 48.15323874859218 0
5637 35.51787037639669 48.74513295895419 0
5638 3.29411379343485 236.1066906969244 0
5639 3.29411379343485 241.0893916166754 0
5640 30.04927539423971 15.24684255316838 0
5641 49.80401422517534 45.99777500937438 0
5642 46.72503271379065 45.97254771443212 0
5643 7.73464264941314 204.1646642692827 0
5644 131.8821199793734 185.4135298718038 0
5645 136.596197643087 185.8646739184849 0
5646 27.64221188631277 11.24562176936178 0
5647 27.86775284098137 11.96509261680364 0
5648 199.4093986523133 11.72106408278871 0
5649 45.33066410579134 3.93123938056026 0
5650 47.28262580536134 3.818833970043766 0
5651 9.772319255657557 193.2038971864078 0
5652 24.206522013488 40.54570101703143 0
5653 75.12847854061746 5.269711050113753 0
5654 182.2118863026122 229.6728001538158 0
5655 52.2221477216568 41.34143509957202 0
5656 54.8457870023321 39.59703322045844 0
5657 27.58749654438757 8.208339940483402 0
5658 224.6902613647514 186.3354364508048 0
5659 228.7403604041447 186.3755835420005 0
5660 31.51418088206962 67.26864511977621 0
5661 34.44973910121575 66.92188829717676 0
5662 13.64056357255698 72.33511047636711 0
5663 73.35697751167919 225.3544665528496 0
5664 17.47611343896299 37.64323480990558 0
5665 17.9488184790183 37.62054088138959 0
5666 2.990473023949987 59.73431101327584 0
5667 13.37076446251153 51.9136667059844 0
5668 12.62294628847254 52.38160540721739 0
5669 29.73135549488166 18.2315363945652 0
5670 29.06024991269585 18.61184685387221 0
5671 192.7687903074685 45.4951666046925 0
5672 188.838495209657 47.21073420378055 0
5673 184.987638647423 49.05007268745352 0
5674 188.5201983685718 51.57441487004087 0
5675 12.34982819174058 41.83471534569183 0
5676 11.73394898862498 42.19257423874626 0
5677 14.34649929576858 44.89781918971585 0
5678 183.7727375331018 5.829195513667457 0
5679 32.34297081517136 7.621572801560386 0
5680 230.3561684953135 182.5186180294883 0
5681 35.56295656241495 42.50324903939354 0
5682 34.83002737974481 41.11420554230406 0
5683 226.5824908303589 137.4316069668937 0
5684 122.0695712457689 165.136016800084 0
5685 235.3861765222895 57.99059631022435 0
5686 239.2033952628437 55.5978678931906 0
5687 174.4371225937932 71.86638503125045 0
5688 178.0949180730966 74.16875350197435 0
5689 30.32082944268786 58.78133059466002 0
5690 14.4883477684364 74.50086339847051 0
5691 12.18596294712827 74.37982366258342 0
5692 9.444849944840602 48.69079731443318 0
5693 9.10160754829565 49.00123103033906 0
5694 11.46704940034873 100.04094780782 0
5695 104.1248209211653 67.7433466302607 0
5696 11.92446216133625 246.6655905569191 0
5697 3.832737986869864 47.9204464366109 0
5698 246.0943130738953 12.45242026038954 0
5699 64.19157411290129 210.3237479362064 0
5700 67.64114505046815 213.0347138803672 0
5701 63.2548753194183 214.5957995941121 0
5702 62.62525300544192 124.6005408149427 0
5703 6.589955855611535 195.5412330822232 0
5704 32.52393240097435 16.09458115965592 0
5705 174.2022371502812 55.84113992299196 0
5706 30.68912992800218 5.607856900523762 0
5707 29.28860268213787 29.59259475515304 0
5708 28.25927734877306 42.27041832304324 0
5709 26.97946005659371 42.41869727469967 0
5710 206.1516476472775 182.450287515409 0
5711 224.9326551573026 112.2233778684345 0
5712 228.1526574181678 108.1088450700844 0
5713 229.3200318109486 104.6330301210283 0
5714 99.12855083040006 230.3020354666295 0
5715 97.64968001662743 225.4918604559862 0
5716 98.34043969390079 221.7531714399384 0
5717 17.34192737968559 38.02404619914893 0
5718 64.89200035799787 157.8661360104398 0
5719 181.6901767133905 2.535821593566234 0
5720 25.97630202302368 231.4435001623847 0
5721 4.15083035492315 46.49498516229739 0
5722 3.674421587621615 46.54845741410945 0
5723 203.6939798158182 84.36634906659154 0
5724 26.90449829768592 220.1196661399235 0
5725 28.8552838534502 224.6514757710806 0
5726 32.84636583438564 39.21735041056834 0
5727 46.24438386149185 215.4941239735588 0
5728 133.0299529916385 132.6461436482343 0
5729 135.5432909918472 136.6049543879568 0
5730 14.81221276299016 67.06124726604517 0
5731 24.15152143988214 43.14553341668346 0
5732 23.80367818602007 42.32738770090542 0
5733 13.16947044926787 208.9090285282857 0
5734 11.15134846679506 205.589549540743 0
5735 24.56238506617533 23.27770972042492 0
5736 25.08292098558125 23.44845683892009 0
5737 24.60812431024198 23.87746153446244 0
5738 30.44078186540323 229.5532987070219 0
5739 32.83991571354606 226.8228989478422 0
5740 10.72002815710764 75.98042769924368 0
5741 14.19141034644651 45.32155035884911 0
5742 14.08050133733181 45.93915201879433 0
5743 49.22344650452649 3.347655040766016 0
5744 203.1294645676858 54.34459589041062 0
5745 206.2336375100817 57.4005131576597 0
5746 20.36891043565965 31.55469639192025 0
5747 231.6544545480634 41.42654943002418 0
5748 227.8836396350285 40.05404336113094 0
5749 208.7665510874405 208.5682897538859 0
5750 70.93170547695988 216.1571190884329 0
5751 125.9621881936308 215.1562669109092 0
5752 91.35191556723981 2.613476169976055 0
5753 221.8831094999844 143.3384669365036 0
5754 223.4288051457203 140.4989782687023 0
5755 4.155000223013724 47.47278580202726 0
5756 208.3308146327382 49.05720488800807 0
5757 203.781240316741 50.12971460549802 0
5758 199.7263748416693 51.06922737333312 0
5759 39.77058415059965 11.31233470125126 0
5760 11.88548300585651 103.6944804669076 0
5761 11.02656419026292 238.3923118118379 0
5762 7.650672704927771 233.7603328897873 0
5763 8.258695816116061 57.09418083674379 0
5764 98.43709871319561 148.6750396384661 0
5765 192.6626368001984 231.7688282123445 0
5766 152.336826099582 158.6168641199688 0
5767 95.49606578760698 220.6163755384043 0
5768 116.9300457923139 114.1051781993759 0
5769 10.13607279680306 46.88338062729951 0
5770 99.73788422995827 218.5437297811425 0
5771 34.6776308615538 113.9533300319836 0
5772 66.24407272491931 185.5332994991982 0
5773 59.24928610355952 197.6771020467076 0
5774 10.75509195400236 41.94760256746187 0
5775 10.91688508339974 42.42844731541166 0
5776 114.694572016176 250.8166679018594 0
5777 116.3854507630646 246.3214154887256 0
5778 246.1514588564922 116.4640123380748 0
5779 250.8515790933784 114.7146169795475 0
5780 84.31519889712101 50.0199813144929 0
5781 84.10930925535774 46.44510551475553 0
5782 226.4851216697677 57.88892287896134 0
5783 229.2140591883156 61.28770672628133 0
5784 224.5655308737601 62.36392290298909 0
5785 39.37767357538472 151.9780878888208 0
5786 28.30101416760693 3.747488559596659 0
5787 27.78300319870436 3.503939581138459 0
5788 28.37222396765741 49.55750187440047 0
5789 30.33699188680029 64.70579365880945 0
5790 10.00170302607852 66.5777219041413 0
5791 11.70691018137451 65.58947528938296 0
5792 7.394728747857393 144.8015896337857 0
5793 2.995554858493872 146.8719302254297 0
5794 11.08154524899608 42.88927453961241 0
5795 11.44232367644802 42.51017348058331 0
5796 136.9546755326959 3.199255501344061 0
5797 9.020835512129745 65.16149026969845 0
5798 29.53707177072192 15.71366899795252 0
5799 36.14242312430719 65.20503906725108 0
5800 34.27954426158408 63.62773627944658 0
5801 53.07944670037827 242.4218455876499 0
5802 242.5131708169931 53.19479407201291 0
5803 33.28744577635595 41.37422233691787 0
5804 13.47493174108583 39.96346660844088 0
5805 12.9805719814114 39.77837876527725 0
5806 34.11544535433636 15.04756120987191 0
5807 211.3296461832036 32.03070118053517 0
5808 200.6135970411728 229.955118416912 0
5809 30.36367538696474 18.652695982724 0
5810 216.6183456383093 47.94965042187346 0
5811 21.72696511192705 37.19308318770884 0
5812 22.53923562431148 37.40823709286974 0
5813 28.66069172698587 4.066962088873835 0
5814 29.0936379076395 4.404284942394718 0
5815 15.81081642053066 52.725907517242 0
5816 8.674486794704073 49.26807279537707 0
5817 25.35805902072632 26.30090214509904 0
5818 29.30438508709371 19.26130566726167 0
5819 13.91748157864913 40.21178006349263 0
5820 26.5494051237872 47.86927025652244 0
5821 27.46073617292716 48.75955007814377 0
5822 26.24351817238255 49.12601971888563 0
5823 26.22967540795546 4.034841962619478 0
5824 135.6667994400422 163.7017398844259 0
5825 95.40886759729298 79.86690402170436 0
5826 93.0157343406315 77.15867857900629 0
5827 90.65173806428402 74.51385178040762 0
5828 26.74123772288432 3.266012303622712 0
5829 27.07229778234639 2.874716424749837 0
5830 27.33028937349629 3.411566231782865 0
5831 27.48812938924419 2.454895626247094 0
5832 58.49049058485387 31.94466175742473 0
5833 27.53272555478936 20.52405285154633 0
5834 27.36643660432094 19.9544351523794 0
5835 208.2962662303033 84.75001894097235 0
5836 212.3320056924751 85.99335633139131 0
5837 176.2928562497369 223.4831396289486 0
5838 18.51340450030828 73.60937586272573 0
5839 132.9203911987707 219.1383124263261 0
5840 62.38899644263523 218.7493648510687 0
5841 33.97868956507024 15.84331642508261 0
5842 140.7720087540021 187.6368468767025 0
5843 42.96602422747633 100.4746659892224 0
5844 40.81023180515615 96.20185490267625 0
5845 212.3489485772317 28.03997610379944 0
5846 182.2776431319195 208.2525654811442 0
5847 20.08326144234856 32.42297845154565 0
5848 56.61953159482055 209.23178938759 0
5849 52.17819617266045 210.3440154841487 0
5850 34.32915895053446 23.44805355679875 0
5851 34.30606230008723 24.34555693567611 0
5852 33.4789336942772 23.94582802750442 0
5853 4.359823718831583 46.96350193862344 0
5854 2.523003212758317 54.09061944429736 0
5855 38.9023795452129 43.06738626736609 0
5856 39.7768470835145 6.408922331668226 0
5857 158.2883987605327 55.58883411454124 0
5858 161.8277677048926 57.18033390640555 0
5859 30.68492863604948 29.2282831751383 0
5860 30.63016090004396 28.10919937115627 0
5861 21.72342628582414 27.40320530187355 0
5862 28.92043956102512 15.46562010371262 0
5863 23.99857478348542 29.29022841557919 0
5864 23.53580416664692 29.63722627709943 0
5865 71.72381592992593 29.33515952180157 0
5866 14.59096749398451 79.41414759045207 0
5867 15.2118379757291 76.80704664866404 0
5868 33.84449809199071 16.52636712467073 0
5869 33.19518937361306 15.79760192740606 0
5870 14.91273129766859 152.1125008347979 0
5871 11.67510266270993 78.59642938888393 0
5872 22.21010327071594 26.56749553100263 0
5873 172.7812328649326 113.4043364691505 0
5874 21.87649032350375 36.0682322667684 0
5875 29.56687541946789 28.90392753626205 0
5876 29.81260579561015 29.50741760670417 0
5877 2.191070730537292 45.9639386626224 0
5878 1.576956573913717 46.04476472557798 0
5879 100.7542531971506 197.4131177573831 0
5880 100.8286715931052 193.08733706662 0
5881 25.75369175577996 1.571512336016077 0
5882 25.73968932958975 2.190950463298173 0
5883 30.40665589871946 29.91695039402929 0
5884 181.3464376329212 42.0692877794273 0
5885 181.5922443921328 38.00664944749912 0
5886 31.48172397518315 32.27160130877218 0
5887 31.39501477351289 31.42709737215183 0
5888 30.89568261482654 30.46173639208412 0
5889 181.6886216059895 46.30786996763521 0
5890 38.4870140319652 111.2402014703396 0
5891 210.5969715649566 174.5555146853053 0
5892 214.7178142639482 174.6068098851767 0
5893 216.9952694376536 177.4335729591926 0
5894 66.17627423395091 221.3451533467101 0
5895 21.2278422900167 40.22741178467938 0
5896 210.8485203448486 182.1250243183569 0
5897 215.2686274812071 181.1490056260288 0
5898 13.57362831367426 198.4154627489327 0
5899 20.44070060208378 33.78976831551184 0
5900 194.3783253315212 88.97068855766221 0
5901 18.87762317983413 42.87495921176723 0
5902 5.170903595256529 53.43971921624611 0
5903 29.74696825194702 60.57779952258664 0
5904 41.98430037664568 8.249159155681305 0
5905 41.58878256907302 7.074608325160224 0
5906 48.55692837730962 211.3760981667501 0
5907 14.10726943624171 52.41562672718858 0
5908 7.270945743443556 242.0948014347517 0
5909 14.76993106265676 52.97979918085169 0
5910 25.78134765629489 12.22552227400799 0
5911 233.5799109890401 38.18946290773702 0
5912 235.2438149523769 34.89803549578128 0
5913 25.53513502697288 23.77720112427394 0
5914 24.99367446414383 10.86576171257974 0
5915 168.8323233964734 115.2242897009886 0
5916 169.0435872150733 119.2550573802214 0
5917 98.89376905470539 82.4510851450368 0
5918 45.67150549323429 190.9761651479563 0
5919 46.28943050165682 187.0783452023346 0
5920 41.43002439224219 191.5212796060119 0
5921 14.40036661302607 39.93682495267149 0
5922 250.9248248047787 241.7249567504708 0
5923 241.7474997971783 250.9406108520941 0
5924 49.37524795033531 88.88808538457155 0
5925 25.58963953792912 10.9591045920767 0
5926 135.5486855744347 7.57775384830191 0
5927 32.8709429719073 24.44528190710992 0
5928 11.29485596844966 43.36839710936516 0
5929 10.76941737540137 43.2866709441935 0
5930 30.52681269305673 22.9950666193252 0
5931 31.10136419853207 23.51029961794589 0
5932 29.75249162718421 28.30661385805658 0
5933 69.1833125257609 223.6569364205766 0
5934 26.84834151538766 46.51128905918972 0
5935 251.4944661340928 75.71153846122738 0
5936 75.56316213251297 251.4683674768101 0
5937 215.0773286412078 24.23283885511341 0
5938 211.4495459128196 24.43302445900272 0
5939 65.13806691210999 206.2359732302354 0
5940 65.76084208612173 201.6672776541394 0
5941 22.87176581599746 36.67270173580241 0
5942 107.9071285245422 128.3608501198446 0
5943 111.4236711477059 125.6644264152776 0
5944 17.67297490104097 39.93158701395632 0
5945 30.01735733167923 19.31469013158848 0
5946 29.96093388311954 233.6149233391463 0
5947 34.0039315035837 236.0769747129085 0
5948 139.0200099348058 97.78470921720752 0
5949 20.68567468419598 32.07955410835626 0
5950 130.8750520846031 21.44927654987064 0
5951 33.70049145941885 1.435559211256875 0
5952 157.8065710063145 73.16732903894112 0
5953 162.4252039074044 72.69077182861724 0
5954 26.77507222978127 197.3342754487509 0
5955 28.74067428568425 192.9961243043222 0
5956 160.6973927712741 143.4793446657432 0
5957 156.8155131174543 142.9980567644073 0
5958 165.7259949455599 143.1917310319255 0
5959 29.7910861297196 62.93508975785129 0
5960 195.7228270117099 52.5095925223068 0
5961 196.3746027607652 48.29471123739421 0
5962 25.85214933014421 24.64220038251607 0
5963 25.67859758158055 24.21121873262289 0
5964 25.30221197821157 24.47919030285079 0
5965 50.31954106197681 180.1007182637321 0
5966 47.60703361129222 177.3989323360842 0
5967 23.38264807923888 56.68878817954904 0
5968 23.92622771074091 41.57607907030419 0
5969 118.5885255787556 129.5843794010145 0
5970 79.87822126423231 52.04121731776205 0
5971 218.6926784078501 25.49695294612018 0
5972 221.6275721749738 27.25455482147822 0
5973 103.5130146728683 126.2812117403123 0
5974 103.1914419936435 121.0062402403683 0
5975 107.0366021959067 119.843890439956 0
5976 21.96017891346056 26.98238157134215 0
5977 22.44487534378601 27.04320268689099 0
5978 12.07520334653183 127.446303134453 0
5979 19.17560925288149 154.0364451852309 0
5980 232.6924083447516 60.69609641217537 0
5981 230.7728175487441 65.17109643620313 0
5982 208.0480754935623 178.3602683827519 0
5983 50.23028733746141 48.69240834393092 0
5984 34.15132969433984 22.38467188884212 0
5985 32.64227787825494 6.970205857816843 0
5986 29.15077046037537 42.25668101058832 0
5987 28.26741441303856 43.32409416517075 0
5988 170.6329415185811 98.38812020860541 0
5989 125.9589790883637 19.1098800328581 0
5990 32.04095448141195 63.5738816084141 0
5991 14.65769325361662 46.20626820818111 0
5992 142.6686448523857 64.55954791893343 0
5993 35.42649556235305 11.70005359892694 0
5994 7.53005167586651 46.41151122354459 0
5995 195.5552386570582 56.2456334746654 0
5996 11.70928234683677 242.3429281737436 0
5997 110.9980119795323 116.9900019521472 0
5998 108.9688336301496 112.6980657771616 0
5999 113.2121902055363 113.7450708120173 0
6000 21.48865421275407 26.92749814598519 0
6001 33.93674664941238 40.27206286683443 0
6002 36.65565843691898 96.43891708532129 0
6003 6.403027206887792 57.6306690102664 0
6004 12.57230267187637 42.30949413789632 0
6005 7.567549679506765 58.12742817931887 0
6006 206.2811746077689 81.46265461798004 0
6007 27.542781435896 34.86565501302395 0
6008 41.02322316125866 5.909286312500631 0
6009 129.5574626670836 212.528528816867 0
6010 133.3497233659385 214.9197314934846 0
6011 192.4332792378519 92.63127575381515 0
6012 62.28070392628868 179.4093461028843 0
6013 101.9901641279269 83.47780227850046 0
6014 21.08254804990965 44.6146613786701 0
6015 206.9399047999243 67.92353076644478 0
6016 207.9749809963487 64.67859669027794 0
6017 209.316885694103 60.83774406922819 0
6018 241.7373269801598 12.09252272751075 0
6019 69.71148454879516 219.6185486121394 0
6020 153.3198592537496 145.1980199529784 0
6021 152.2592407646963 140.7319627219497 0
6022 39.39981566942696 44.90765221086956 0
6023 44.14162176050739 13.12994121831791 0
6024 43.43052798133631 14.37315631207433 0
6025 42.5111497653369 12.99164639956337 0
6026 47.88705295340245 183.2871539174012 0
6027 201.634809541224 225.0080260278569 0
6028 37.81196397815611 25.99398836882069 0
6029 44.67925982540189 11.75848786276119 0
6030 157.45785638188 77.81913381531753 0
6031 153.7071448362802 74.38819011261228 0
6032 127.5211303822786 121.3201776706512 0
6033 60.75179718106014 207.7970589439803 0
6034 130.4469547979966 129.463730931001 0
6035 134.7985642047438 129.423853546193 0
6036 30.18327715585817 5.430488998414143 0
6037 134.6689673360801 36.12873261992867 0
6038 30.72641148389774 22.39851440502689 0
6039 223.4031552582992 102.443215104921 0
6040 26.30498591224023 26.16316296138196 0
6041 128.1050751305717 125.282976836648 0
6042 39.32438034048722 183.5129064682801 0
6043 38.1328272011303 188.0133468465498 0
6044 36.93831956298485 191.7201712745009 0
6045 210.2675782267789 56.84231403414402 0
6046 211.3714057420956 52.66023494292165 0
6047 84.75869923313493 209.3084867936635 0
6048 38.85875920023756 103.2377018107294 0
6049 21.20747049145835 43.6399661379982 0
6050 25.87602099775955 26.67657008471648 0
6051 23.01140548396177 27.06043679190052 0
6052 148.5676874818412 138.1334536273399 0
6053 122.8214210499042 127.9546013892153 0
6054 167.3001135438213 139.9406803025108 0
6055 54.48957849647233 202.9090273753085 0
6056 58.62184408271192 201.4742969316988 0
6057 57.56602439402926 205.1440146816191 0
6058 219.5189487277274 180.5475733995215 0
6059 21.81355688908363 36.55257721263081 0
6060 14.69086781430718 45.31036843651903 0
6061 224.6044086897271 24.87365449889253 0
6062 208.5595564030293 71.20438750102745 0
6063 213.191301094747 71.67800143300656 0
6064 211.0838404824849 74.92113874622197 0
6065 11.57570965947386 46.40448096850334 0
6066 11.27577236736918 46.05670094614725 0
6067 212.5178903320762 48.31235670835419 0
6068 81.36051769781184 165.0679469074345 0
6069 10.79791217453203 46.00598668614168 0
6070 15.03849534928417 45.778625935091 0
6071 28.88907151663082 14.95558865499603 0
6072 122.8555121805983 22.01878902935255 0
6073 43.89953886531771 33.40968862382201 0
6074 45.24598754392202 34.58097074951291 0
6075 63.12459664061549 119.6536386478079 0
6076 111.2799587712934 120.8908954748117 0
6077 225.0507939605323 20.89214009794366 0
6078 220.8293994875243 18.91444275160491 0
6079 42.41459287953708 15.41643557774074 0
6080 214.9377473831751 82.6707257732898 0
6081 126.3364639174664 128.5052669386893 0
6082 182.1903959057171 215.6428729507856 0
6083 182.7428085763419 211.4963001057575 0
6084 24.25351115403303 24.17320798405608 0
6085 23.89108604890157 24.53241639213579 0
6086 172.6944280404851 59.67434565396999 0
6087 169.6286936148851 56.2831993517333 0
6088 40.6455649698504 168.8763536353422 0
6089 44.58623599559134 170.9187507810222 0
6090 45.73141055336151 174.0156881731166 0
6091 54.69804877776144 10.26106838968677 0
6092 180.766849281792 218.8410302408175 0
6093 82.0071366396093 77.5745089559617 0
6094 40.92200279223285 179.7217151833467 0
6095 44.22215448213325 184.0232638931274 0
6096 20.66357569230261 43.15788017924828 0
6097 68.52314107454345 30.27126104776009 0
6098 40.26450699760584 46.79463706722779 0
6099 39.04637973430214 176.3384710203791 0
6100 38.38775923334551 172.1402054665162 0
6101 8.268092598339384 48.85943275283772 0
6102 23.17768200643563 41.77895413561188 0
6103 26.59352108378508 3.68320851047418 0
6104 24.09063737474353 24.95222641955014 0
6105 217.793275743438 21.89000130132347 0
6106 215.8081681763743 39.90257736693037 0
6107 213.5777545289518 44.34662036695988 0
6108 183.9367760099465 221.8459432669886 0
6109 35.0053287195233 25.00854035157521 0
6110 34.15510346326603 25.50631482228088 0
6111 32.40209953375258 191.8957909215075 0
6112 10.1999778697882 52.68876666224459 0
6113 31.53091565260574 24.16567812164263 0
6114 43.94415387594816 176.8488284452264 0
6115 223.7048687644603 179.9531481789782 0
6116 221.9782268080138 183.6685808458144 0
6117 34.77502754303015 100.694858283566 0
6118 192.2034665761541 53.4711173387265 0
6119 179.8587523839772 222.6872030108173 0
6120 43.92749659577476 31.86570962514256 0
6121 152.518721174574 103.1992138437571 0
6122 35.8764522175281 25.70980675809573 0
6123 24.5921623845791 25.08115635039707 0
6124 24.94759882200263 24.77493675244443 0
6125 41.99467751557385 5.931158812362751 0
6126 179.0707534592505 210.0422407799691 0
6127 27.98300615413113 34.21278711634669 0
6128 156.2034606086173 81.72618389474697 0
6129 1.232606781600309 54.08774348755714 0
6130 10.15692249629234 196.9905774774724 0
6131 62.32573200111646 199.9120893530181 0
6132 25.36343620690788 12.49979000043426 0
6133 24.77404707343896 24.34395510255126 0
6134 165.3296864296734 56.28270954199493 0
6135 11.76922274278936 52.64472240452537 0
6136 11.19237323236245 46.94031878491764 0
6137 11.82066044087028 43.39808481248523 0
6138 11.50853256727557 43.79548121706632 0
6139 104.5002858819046 44.47262649710122 0
6140 10.62414300818321 46.9252691851477 0
6141 51.30089086998346 200.2946676544685 0
6142 22.43997506577042 33.31922100157014 0
6143 38.85973250738235 48.14593025476319 0
6144 182.4024421918432 72.84345403927304 0
6145 188.0763706905849 92.01492221903422 0
6146 12.10485801335121 43.00642516210544 0
6147 12.31853461217713 43.43350926980661 0
6148 38.08661786063741 49.82850404994885 0
6149 225.3630882617923 105.0572111483801 0
6150 32.50482066324768 90.56980319473466 0
6151 12.39648332552817 42.68882592026839 0
6152 10.91399569140253 52.66168787938755 0
6153 16.66643860115781 74.76233346244773 0
6154 65.46386730687681 180.7726979286137 0
6155 36.8277839861136 26.46947059867275 0
6156 10.39126491362824 200.7527986447481 0
6157 50.2450711813008 203.9643854043887 0
6158 49.81249101243885 207.6108278078302 0
6159 107.3722993328998 109.0826031725156 0
6160 227.4473408561461 179.7195885679378 0
6161 36.41851834192548 6.616395030760474 0
6162 25.91697587198424 50.24662812488911 0
6163 213.2995230982283 78.62053858528097 0
6164 247.5124696878109 243.1972170181214 0
6165 243.2197600647984 247.528255735113 0
6166 208.6677784065106 78.14692465330187 0
6167 22.30935836731463 36.41046776690656 0
6168 33.2275984389312 25.700280860591 0
6169 66.99022769766509 119.2833167722461 0
6170 1.904075220820425 54.0992859780512 0
6171 243.711814717006 243.7010769836677 0
6172 31.34449876583383 24.83979470573743 0
6173 10.50749783472796 46.41628504475369 0
6174 19.23689470760097 75.91555911291925 0
6175 179.4627829778914 226.4880526551196 0
6176 11.89860915422132 42.65340146294702 0
6177 39.16316932773354 51.56751199045939 0
6178 4.255200910659388 86.73769810659272 0
6179 32.09963201321272 24.72134899193285 0
6180 21.52310888012415 40.77060180605184 0
6181 32.68452608513539 25.11939849120471 0
$EndNodes
$Elements
3100
1 8 2 1 1 1 6 39
2 8 2 1 1 6 7 40
3 8 2 1 1 7 8 41
4 8 2 1 1 8 9 42
5 8 2 1 1 9 10 43
6 8 2 1 1 10 11 44
7 8 2 1 1 11 12 45
8 8 2 1 1 12 13 46
9 8 2 1 1 13 14 47
10 8 2 1 1 14 15 48
11 8 2 1 1 15 16 49
12 8 2 1 1 16 17 50
13 8 2 1 1 17 18 51
14 8 2 1 1 18 19 52
15 8 2 1 1 19 20 53
16 8 2 1 1 20 21 54
17 8 2 1 1 21 22 55
18 8 2 1 1 22 23 56
19 8 2 1 1 23 24 57
20 8 2 1 1 24 25 58
21 8 2 1 1 25 26 59
22 8 2 1 1 26 27 60
23 8 2 1 1 27 28 61
24 8 2 1 1 28 29 62
25 8 2 1 1 29 30 63
26 8 2 1 1 30 31 64
27 8 2 1 1 31 32 65
28 8 2 1 1 32 33 66
29 8 2 1 1 33 34 67
30 8 2 1 1 34 35 68
31 8 2 1 1 35 36 69
32 8 2 1 1 36 37 70
33 8 2 1 1 37 38 71
34 8 2 1 1 38 2 72
35 8 2 3 2 2 73 98
36 8 2 3 2 73 74 99
37 8 2 3 2 74 75 100
38 8 2 3 2 75 76 101
39 8 2 3 2 76 77 102
40 8 2 3 2 77 78 103
41 8 2 3 2 78 79 104
42 8 2 3 2 79 80 105
43 8 2 3 2 80 81 106
44 8 2 3 2 81 82 107
45 8 2 3 2 82 83 108
46 8 2 3 2 83 84 109
47 8 2 3 2 84 85 110
48 8 2 3 2 85 86 111
49 8 2 3 2 86 87 112
50 8 2 3 2 87 88 113
51 8 2 3 2 88 89 114
52 8 2 3 2 89 90 115
53 8 2 3 2 90 91 116
54 8 2 3 2 91 92 117
55 8 2 3 2 92 93 118
56 8 2 3 2 93 94 119
57 8 2 3 2 94 95 120
58 8 2 3 2 95 96 121
59 8 2 3 2 96 97 122
60 8 2 3 2 97 3 123
61 8 2 2 4 4 175 206
62 8 2 2 4 175 176 207
63 8 2 2 4 176 177 208
64 8 2 2 4 177 178 209
65 8 2 2 4 178 179 210
66 8 2 2 4 179 180 211
67 8 2 2 4 180 181 212
68 8 2 2 4 181 182 213
69 8 2 2 4 182 183 214
70 8 2 2 4 183 184 215
71 8 2 2 4 184 185 216
72 8 2 2 4 185 186 217
73 8 2 2 4 186 187 218
74 8 2 2 4 187 188 219
75 8 2 2 4 188 189 220
76 8 2 2 4 189 190 221
77 8 2 2 4 190 191 222
78 8 2 2 4 191 192 223
79 8 2 2 4 192 193 224
80 8 2 2 4 193 194 225
81 8 2 2 4 194 195 226
82 8 2 2 4 195 196 227
83 8 2 2 4 196 197 228
84 8 2 2 4 197 198 229
85 8 2 2 4 198 199 230
86 8 2 2 4 199 200 231
87 8 2 2 4 200 201 232
88 8 2 2 4 201 202 233
89 8 2 2 4 202 203 234
90 8 2 2 4 203 204 235
91 8 2 2 4 204 205 236
92 8 2 2 4 205 5 237
93 9 2 4 1 86 87 727 112 1752 1753
94 9 2 4 1 134 135 728 160 1754 1755
95 9 2 4 1 656 1049 1091 1756 1757 1758
96 9 2 4 1 647 501 930 1759 1760 1761
97 9 2 4 1 479 710 1346 1762 1763 1764
98 9 2 4 1 521 676 1690 1765 1766 1767
99 9 2 4 1 344 696 1008 1768 1769 1770
100 9 2 4 1 762 598 1247 1771 1772 1773
101 9 2 4 1 1049 405 1091 1774 1775 1757
102 9 2 4 1 676 521 1202 1765 1776 1777
103 9 2 4 1 489 671 1030 1778 1779 1780
104 9 2 4 1 671 489 1055 1778 1781 1782
105 9 2 4 1 598 762 1629 1771 1783 1784
106 9 2 4 1 815 575 1085 1785 1786 1787
107 9 2 4 1 813 550 1111 1788 1789 1790
108 9 2 4 1 611 761 1288 1791 1792 1793
109 9 2 4 1 761 354 1288 1794 1795 1792
110 9 2 4 1 813 1111 1446 1790 1796 1797
111 9 2 4 1 1168 950 1454 1798 1799 1800
112 9 2 4 1 717 334 1284 1801 1802 1803
113 9 2 4 1 452 711 1075 1804 1805 1806
114 9 2 4 1 770 485 843 1807 1808 1809
115 9 2 4 1 515 770 843 1810 1809 1811
116 9 2 4 1 439 660 1490 1812 1813 1814
117 9 2 4 1 9 832 1389 1815 1816 1817
118 9 2 4 1 422 684 1331 1818 1819 1820
119 9 2 4 1 482 722 907 1821 1822 1823
120 9 2 4 1 722 381 907 1824 1825 1822
121 9 2 4 1 253 254 794 299 1826 1827
122 9 2 4 1 670 885 1278 1828 1829 1830
123 9 2 4 1 387 985 1231 1831 1832 1833
124 9 2 4 1 1299 686 1308 1834 1835 1836
125 9 2 4 1 571 831 1151 1837 1838 1839
126 9 2 4 1 935 378 1098 1840 1841 1842
127 9 2 4 1 1000 377 1070 1843 1844 1845
128 9 2 4 1 381 751 943 1846 1847 1848
129 9 2 4 1 751 507 943 1849 1850 1847
130 9 2 4 1 1087 888 1125 1851 1852 1853
131 9 2 4 1 840 387 1231 1854 1833 1855
132 9 2 4 1 430 736 1034 1856 1857 1858
133 9 2 4 1 513 709 1056 1859 1860 1861
134 9 2 4 1 578 719 1067 1862 1863 1864
135 9 2 4 1 723 547 1314 1865 1866 1867
136 9 2 4 1 1113 609 1115 1868 1869 1870
137 9 2 4 1 762 1247 1708 1773 1871 1872
138 9 2 4 1 486 730 944 1873 1874 1875
139 9 2 4 1 253 794 1362 1827 1876 1877
140 9 2 4 1 699 779 1602 1878 1879 1880
141 9 2 4 1 885 457 1278 1881 1882 1829
142 9 2 4 1 357 815 1085 1883 1787 1884
143 9 2 4 1 726 481 1697 1885 1886 1887
144 9 2 4 1 988 784 1406 1888 1889 1890
145 9 2 4 1 1151 831 1424 1838 1891 1892
146 9 2 4 1 1236 959 1398 1893 1894 1895
147 9 2 4 1 400 754 1230 1896 1897 1898
148 9 2 4 1 352 1103 1200 1899 1900 1901
149 9 2 4 1 505 982 1152 1902 1903 1904
150 9 2 4 1 29 30 795 63 1905 1906
151 9 2 4 1 696 408 1694 1907 1908 1909
152 9 2 4 1 348 882 1094 1910 1911 1912
153 9 2 4 1 738 461 1492 1913 1914 1915
154 9 2 4 1 1038 505 1152 1916 1904 1917
155 9 2 4 1 329 960 984 1918 1919 1920
156 9 2 4 1 960 602 984 1921 1922 1919
157 9 2 4 1 350 1129 1352 1923 1924 1925
158 9 2 4 1 684 422 1554 1818 1926 1927
159 9 2 4 1 451 718 1099 1928 1929 1930
160 9 2 4 1 687 419 986 1931 1932 1933
161 9 2 4 1 754 563 1230 1934 1935 1897
162 9 2 4 1 815 460 1077 1936 1937 1938
163 9 2 4 1 935 718 1721 1939 1940 1941
164 9 2 4 1 718 451 883 1928 1942 1943
165 9 2 4 1 752 658 1165 1944 1945 1946
166 9 2 4 1 865 478 966 1947 1948 1949
167 9 2 4 1 623 865 966 1950 1949 1951
168 9 2 4 1 864 624 965 1952 1953 1954
169 9 2 4 1 477 864 965 1955 1954 1956
170 9 2 4 1 340 848 850 1957 1958 1959
171 9 2 4 1 848 518 850 1960 1961 1958
172 9 2 4 1 889 355 1386 1962 1963 1964
173 9 2 4 1 419 687 1112 1931 1965 1966
174 9 2 4 1 688 398 1500 1967 1968 1969
175 9 2 4 1 561 1167 1584 1970 1971 1972
176 9 2 4 1 1044 667 1206 1973 1974 1975
177 9 2 4 1 503 696 1045 1976 1977 1978
178 9 2 4 1 696 344 1045 1768 1979 1977
179 9 2 4 1 989 574 1250 1980 1981 1982
180 9 2 4 1 733 336 872 1983 1984 1985
181 9 2 4 1 90 91 811 116 1986 1987
182 9 2 4 1 130 131 812 156 1988 1989
183 9 2 4 1 799 361 1414 1990 1991 1992
184 9 2 4 1 630 982 1593 1993 1994 1995
185 9 2 4 1 380 768 1213 1996 1997 1998
186 9 2 4 1 730 486 1253 1873 1999 2000
187 9 2 4 1 754 400 1515 1896 2001 2002
188 9 2 4 1 465 758 974 2003 2004 2005
189 9 2 4 1 9 10 832 43 2006 1815
190 9 2 4 1 255 256 785 301 2007 2008
191 9 2 4 1 358 694 1025 2009 2010 2011
192 9 2 4 1 265 737 1364 2012 2013 2014
193 9 2 4 1 381 722 894 1824 2015 2016
194 9 2 4 1 420 1064 1265 2017 2018 2019
195 9 2 4 1 29 795 906 1906 2020 2021
196 9 2 4 1 660 984 1490 2022 2023 1813
197 9 2 4 1 540 868 991 2024 2025 2026
198 9 2 4 1 699 483 779 2027 2028 1878
199 9 2 4 1 577 1037 1372 2029 2030 2031
200 9 2 4 1 485 959 1236 2032 1893 2033
201 9 2 4 1 336 733 1427 1983 2034 2035
202 9 2 4 1 382 1298 1711 2036 2037 2038
203 9 2 4 1 920 530 1319 2039 2040 2041
204 9 2 4 1 361 1247 1414 2042 2043 1991
205 9 2 4 1 694 358 1258 2009 2044 2045
206 9 2 4 1 348 989 1250 2046 1982 2047
207 9 2 4 1 723 424 1219 2048 2049 2050
208 9 2 4 1 547 723 1219 1865 2050 2051
209 9 2 4 1 726 457 885 2052 1881 2053
210 9 2 4 1 722 463 894 2054 2055 2015
211 9 2 4 1 334 720 1284 2056 2057 1802
212 9 2 4 1 831 469 987 2058 2059 2060
213 9 2 4 1 340 784 988 2061 1888 2062
214 9 2 4 1 985 517 1021 2063 2064 2065
215 9 2 4 1 627 985 1021 2066 2065 2067
216 9 2 4 1 1370 602 1746 2068 2069 2070
217 9 2 4 1 776 607 1180 2071 2072 2073
218 9 2 4 1 915 604 932 2074 2075 2076
219 9 2 4 1 337 915 932 2077 2076 2078
220 9 2 4 1 536 836 1311 2079 2080 2081
221 9 2 4 1 647 432 1271 2082 2083 2084
222 9 2 4 1 464 750 956 2085 2086 2087
223 9 2 4 1 879 587 1090 2088 2089 2090
224 9 2 4 1 245 716 1196 2091 2092 2093
225 9 2 4 1 710 479 1297 1762 2094 2095
226 9 2 4 1 622 948 994 2096 2097 2098
227 9 2 4 1 481 860 1697 2099 2100 1886
228 9 2 4 1 621 1040 1447 2101 2102 2103
229 9 2 4 1 582 1299 1308 2104 1836 2105
230 9 2 4 1 432 734 1271 2106 2107 2083
231 9 2 4 1 1138 536 1311 2108 2081 2109
232 9 2 4 1 427 763 1235 2110 2111 2112
233 9 2 4 1 331 708 871 2113 2114 2115
234 9 2 4 1 1165 658 1358 1945 2116 2117
235 9 2 4 1 653 380 1405 2118 2119 2120
236 9 2 4 1 453 842 898 2121 2122 2123
237 9 2 4 1 516 988 1406 2124 1890 2125
238 9 2 4 1 523 622 1094 2126 2127 2128
239 9 2 4 1 484 789 1102 2129 2130 2131
240 9 2 4 1 364 702 1195 2132 2133 2134
241 9 2 4 1 913 350 1352 2135 1925 2136
242 9 2 4 1 345 712 821 2137 2138 2139
243 9 2 4 1 696 503 1066 1976 2140 2141
244 9 2 4 1 601 794 1498 2142 2143 2144
245 9 2 4 1 449 719 1103 2145 2146 2147
246 9 2 4 1 398 688 999 1967 2148 2149
247 9 2 4 1 408 696 1066 1907 2141 2150
248 9 2 4 1 734 432 849 2106 2151 2152
249 9 2 4 1 885 670 1335 1828 2153 2154
250 9 2 4 1 702 364 1198 2132 2155 2156
251 9 2 4 1 548 698 1009 2157 2158 2159
252 9 2 4 1 367 1051 1551 2160 2161 2162
253 9 2 4 1 862 741 1670 2163 2164 2165
254 9 2 4 1 1040 621 1501 2101 2166 2167
255 9 2 4 1 832 10 1041 2006 2168 2169
256 9 2 4 1 689 430 1034 2170 1858 2171
257 9 2 4 1 409 702 1063 2172 2173 2174
258 9 2 4 1 365 820 1197 2175 2176 2177
259 9 2 4 1 461 862 1670 2178 2165 2179
260 9 2 4 1 702 409 1342 2172 2180 2181
261 9 2 4 1 748 595 1345 2182 2183 2184
262 9 2 4 1 194 195 757 226 2185 2186
263 9 2 4 1 785 256 998 2007 2187 2188
264 9 2 4 1 811 91 1407 1986 2189 2190
265 9 2 4 1 130 812 1409 1989 2191 2192
266 9 2 4 1 745 447 1114 2193 2194 2195
267 9 2 4 1 735 879 1090 2196 2090 2197
268 9 2 4 1 950 553 1454 2198 2199 1799
269 9 2 4 1 868 388 991 2200 2201 2025
270 9 2 4 1 1401 383 1484 2202 2203 2204
271 9 2 4 1 433 817 1709 2205 2206 2207
272 9 2 4 1 748 1345 1505 2184 2208 2209
273 9 2 4 1 454 661 994 2210 2211 2212
274 9 2 4 1 744 370 1397 2213 2214 2215
275 9 2 4 1 751 381 894 1846 2016 2216
276 9 2 4 1 527 704 1521 2217 2218 2219
277 9 2 4 1 331 871 1089 2115 2220 2221
278 9 2 4 1 1492 461 1670 1914 2179 2222
279 9 2 4 1 722 482 925 1821 2223 2224
280 9 2 4 1 794 944 1498 2225 2226 2143
281 9 2 4 1 1192 861 1418 2227 2228 2229
282 9 2 4 1 1436 480 1574 2230 2231 2232
283 9 2 4 1 740 1436 1574 2233 2232 2234
284 9 2 4 1 513 735 1139 2235 2236 2237
285 9 2 4 1 201 746 1185 2238 2239 2240
286 9 2 4 1 460 884 1077 2241 2242 1937
287 9 2 4 1 754 424 1261 2243 2244 2245
288 9 2 4 1 563 754 1261 1934 2245 2246
289 9 2 4 1 678 565 1295 2247 2248 2249
290 9 2 4 1 1064 674 1265 2250 2251 2018
291 9 2 4 1 704 527 1159 2217 2252 2253
292 9 2 4 1 878 479 1346 2254 1764 2255
293 9 2 4 1 608 532 1419 2256 2257 2258
294 9 2 4 1 516 760 1303 2259 2260 2261
295 9 2 4 1 763 427 929 2110 2262 2263
296 9 2 4 1 1345 437 1505 2264 2265 2208
297 9 2 4 1 329 698 1274 2266 2267 2268
298 9 2 4 1 485 857 959 2269 2270 2032
299 9 2 4 1 857 596 959 2271 2272 2270
300 9 2 4 1 1187 633 1248 2273 2274 2275
301 9 2 4 1 461 738 1013 1913 2276 2277
302 9 2 4 1 921 588 1017 2278 2279 2280
303 9 2 4 1 507 921 1017 2281 2280 2282
304 9 2 4 1 457 726 926 2052 2283 2284
305 9 2 4 1 927 428 1132 2285 2286 2287
306 9 2 4 1 842 1391 1545 2288 2289 2290
307 9 2 4 1 530 830 1319 2291 2292 2040
308 9 2 4 1 503 1044 1206 2293 1975 2294
309 9 2 4 1 667 1044 1683 1973 2295 2296
310 9 2 4 1 397 871 1373 2297 2298 2299
311 9 2 4 1 804 589 1347 2300 2301 2302
312 9 2 4 1 882 488 1193 2303 2304 2305
313 9 2 4 1 1205 664 1293 2306 2307 2308
314 9 2 4 1 1118 732 1514 2309 2310 2311
315 9 2 4 1 893 1290 1435 2312 2313 2314
316 9 2 4 1 355 889 1115 1962 2315 2316
317 9 2 4 1 732 446 1514 2317 2318 2310
318 9 2 4 1 467 783 875 2319 2320 2321
319 9 2 4 1 783 609 875 2322 2323 2320
320 9 2 4 1 743 572 1239 2324 2325 2326
321 9 2 4 1 379 885 1335 2327 2154 2328
322 9 2 4 1 826 491 844 2329 2330 2331
323 9 2 4 1 500 826 844 2332 2331 2333
324 9 2 4 1 1320 561 1584 2334 1972 2335
325 9 2 4 1 934 585 1001 2336 2337 2338
326 9 2 4 1 392 934 1001 2339 2338 2340
327 9 2 4 1 715 1370 1746 2341 2070 2342
328 9 2 4 1 743 465 974 2343 2005 2344
329 9 2 4 1 1037 397 1372 2345 2346 2030
330 9 2 4 1 993 409 1277 2347 2348 2349
331 9 2 4 1 711 500 1523 2350 2351 2352
332 9 2 4 1 1247 361 1708 2042 2353 1871
333 9 2 4 1 709 513 1139 1859 2237 2354
334 9 2 4 1 409 993 1509 2347 2355 2356
335 9 2 4 1 929 521 1092 2357 2358 2359
336 9 2 4 1 645 929 1092 2360 2359 2361
337 9 2 4 1 485 770 1241 1807 2362 2363
338 9 2 4 1 746 201 1234 2238 2364 2365
339 9 2 4 1 718 1098 1099 2366 2367 1929
340 9 2 4 1 768 380 1047 1996 2368 2369
341 9 2 4 1 733 426 1680 2370 2371 2372
342 9 2 4 1 944 730 1412 1874 2373 2374
343 9 2 4 1 532 608 1028 2256 2375 2376
344 9 2 4 1 470 935 1721 2377 1941 2378
345 9 2 4 1 391 893 1435 2379 2314 2380
346 9 2 4 1 698 329 964 2266 2381 2382
347 9 2 4 1 1092 521 1690 2358 1767 2383
348 9 2 4 1 778 333 1448 2384 2385 2386
349 9 2 4 1 587 879 1376 2088 2387 2388
350 9 2 4 1 724 1056 1527 2389 2390 2391
351 9 2 4 1 935 470 1560 2377 2392 2393
352 9 2 4 1 925 365 1197 2394 2177 2395
353 9 2 4 1 529 1113 1115 2396 1870 2397
354 9 2 4 1 602 960 1746 1921 2398 2069
355 9 2 4 1 932 620 1272 2399 2400 2401
356 9 2 4 1 895 510 1058 2402 2403 2404
357 9 2 4 1 518 751 1337 2405 2406 2407
358 9 2 4 1 461 1013 1383 2277 2408 2409
359 9 2 4 1 387 840 920 1854 2410 2411
360 9 2 4 1 744 446 1297 2412 2413 2414
361 9 2 4 1 416 712 901 2415 2416 2417
362 9 2 4 1 830 356 1399 2418 2419 2420
363 9 2 4 1 724 376 996 2421 2422 2423
364 9 2 4 1 840 530 920 2424 2039 2410
365 9 2 4 1 948 454 994 2425 2212 2097
366 9 2 4 1 567 838 839 2426 2427 2428
367 9 2 4 1 765 466 903 2429 2430 2431
368 9 2 4 1 466 765 904 2429 2432 2433
369 9 2 4 1 937 1181 1537 2434 2435 2436
370 9 2 4 1 1186 543 1204 2437 2438 2439
371 9 2 4 1 735 442 879 2440 2441 2196
372 9 2 4 1 926 723 1314 2442 1867 2443
373 9 2 4 1 663 382 1711 2444 2038 2445
374 9 2 4 1 987 469 1113 2059 2446 2447
375 9 2 4 1 250 710 1172 2448 2449 2450
376 9 2 4 1 1043 796 1589 2451 2452 2453
377 9 2 4 1 394 944 1412 2454 2374 2455
378 9 2 4 1 686 854 1308 2456 2457 1835
379 9 2 4 1 5 238 1078 283 2458 2459
380 9 2 4 1 710 250 1346 2448 2460 1763
381 9 2 4 1 549 773 1187 2461 2462 2463
382 9 2 4 1 832 606 1389 2464 2465 1816
383 9 2 4 1 349 1034 1171 2466 2467 2468
384 9 2 4 1 477 827 864 2469 2470 1955
385 9 2 4 1 828 478 865 2471 1947 2472
386 9 2 4 1 205 5 1078 237 2459 2473
387 9 2 4 1 416 901 1284 2417 2474 2475
388 9 2 4 1 258 890 1449 2476 2477 2478
389 9 2 4 1 647 930 1576 1761 2479 2480
390 9 2 4 1 794 601 1362 2142 2481 1876
391 9 2 4 1 578 1067 1519 1864 2482 2483
392 9 2 4 1 842 453 1391 2121 2484 2288
393 9 2 4 1 711 452 1170 1804 2485 2486
394 9 2 4 1 757 565 1459 2487 2488 2489
395 9 2 4 1 660 439 1719 1812 2490 2491
396 9 2 4 1 379 856 1227 2492 2493 2494
397 9 2 4 1 677 1026 1242 2495 2496 2497
398 9 2 4 1 589 978 981 2498 2499 2500
399 9 2 4 1 978 390 981 2501 2502 2499
400 9 2 4 1 1013 715 1383 2503 2504 2408
401 9 2 4 1 736 430 1039 1856 2505 2506
402 9 2 4 1 857 269 1306 2507 2508 2509
403 9 2 4 1 446 732 1531 2317 2510 2511
404 9 2 4 1 572 743 974 2324 2344 2512
405 9 2 4 1 500 711 1322 2350 2513 2514
406 9 2 4 1 658 752 1714 1944 2515 2516
407 9 2 4 1 268 269 857 314 2507 2517
408 9 2 4 1 589 804 978 2300 2518 2498
409 9 2 4 1 871 505 1089 2519 2520 2220
410 9 2 4 1 347 888 1087 2521 1851 2522
411 9 2 4 1 1043 438 1731 2523 2524 2525
412 9 2 4 1 737 265 1029 2012 2526 2527
413 9 2 4 1 528 1118 1514 2528 2311 2529
414 9 2 4 1 264 265 1364 310 2014 2530
415 9 2 4 1 862 372 1561 2531 2532 2533
416 9 2 4 1 741 862 1561 2163 2533 2534
417 9 2 4 1 883 451 884 1942 2535 2536
418 9 2 4 1 716 245 1201 2091 2537 2538
419 9 2 4 1 613 812 910 2539 2540 2541
420 9 2 4 1 811 612 911 2542 2543 2544
421 9 2 4 1 885 379 1227 2327 2494 2545
422 9 2 4 1 1051 367 1489 2160 2546 2547
423 9 2 4 1 480 799 1574 2548 2549 2231
424 9 2 4 1 359 745 1114 2550 2195 2551
425 9 2 4 1 488 804 859 2552 2553 2554
426 9 2 4 1 770 515 1609 1810 2555 2556
427 9 2 4 1 1026 410 1242 2557 2558 2496
428 9 2 4 1 718 935 1098 1939 1842 2366
429 9 2 4 1 751 518 946 2405 2559 2560
430 9 2 4 1 459 1178 1574 2561 2562 2563
431 9 2 4 1 647 1186 1204 2564 2439 2565
432 9 2 4 1 383 833 1484 2566 2567 2203
433 9 2 4 1 1110 186 1208 2568 2569 2570
434 9 2 4 1 445 772 933 2571 2572 2573
435 9 2 4 1 653 897 1047 2574 2575 2576
436 9 2 4 1 795 471 906 2577 2578 2020
437 9 2 4 1 1056 421 1527 2579 2580 2390
438 9 2 4 1 272 774 1281 2581 2582 2583
439 9 2 4 1 675 433 888 2584 2585 2586
440 9 2 4 1 384 846 1083 2587 2588 2589
441 9 2 4 1 622 523 948 2126 2590 2096
442 9 2 4 1 518 848 856 1960 2591 2592
443 9 2 4 1 588 1082 1112 2593 2594 2595
444 9 2 4 1 352 763 1479 2596 2597 2598
445 9 2 4 1 374 760 1042 2599 2600 2601
446 9 2 4 1 760 516 1042 2259 2602 2600
447 9 2 4 1 446 744 1031 2412 2603 2604
448 9 2 4 1 668 523 1094 2605 2128 2606
449 9 2 4 1 426 733 1144 2370 2607 2608
450 9 2 4 1 555 790 1294 2609 2610 2611
451 9 2 4 1 926 366 1532 2612 2613 2614
452 9 2 4 1 424 723 1061 2048 2615 2616
453 9 2 4 1 523 668 1596 2605 2617 2618
454 9 2 4 1 908 520 1023 2619 2620 2621
455 9 2 4 1 803 450 1269 2622 2623 2624
456 9 2 4 1 1103 719 1200 2146 2625 1900
457 9 2 4 1 735 351 1139 2626 2627 2236
458 9 2 4 1 474 781 1160 2628 2629 2630
459 9 2 4 1 817 526 1136 2631 2632 2633
460 9 2 4 1 86 727 1073 1753 2634 2635
461 9 2 4 1 728 135 1074 1754 2636 2637
462 9 2 4 1 634 773 943 2638 2639 2640
463 9 2 4 1 769 395 1438 2641 2642 2643
464 9 2 4 1 621 769 1438 2644 2643 2645
465 9 2 4 1 446 787 1514 2646 2647 2318
466 9 2 4 1 793 525 1095 2648 2649 2650
467 9 2 4 1 463 722 1197 2054 2651 2652
468 9 2 4 1 258 259 890 304 2653 2476
469 9 2 4 1 816 476 1361 2654 2655 2656
470 9 2 4 1 548 1009 1117 2159 2657 2658
471 9 2 4 1 408 1024 1694 2659 2660 1908
472 9 2 4 1 438 1043 1589 2523 2453 2661
473 9 2 4 1 727 87 1123 1752 2662 2663
474 9 2 4 1 134 728 1124 1755 2664 2665
475 9 2 4 1 995 417 1258 2666 2667 2668
476 9 2 4 1 376 724 1225 2421 2669 2670
477 9 2 4 1 898 842 1386 2122 2671 2672
478 9 2 4 1 730 520 1412 2673 2674 2373
479 9 2 4 1 509 785 998 2675 2188 2676
480 9 2 4 1 600 778 1448 2677 2386 2678
481 9 2 4 1 735 513 1164 2235 2679 2680
482 9 2 4 1 937 395 1181 2681 2682 2434
483 9 2 4 1 1361 476 1659 2655 2683 2684
484 9 2 4 1 631 889 1386 2685 1964 2686
485 9 2 4 1 969 707 1365 2687 2688 2689
486 9 2 4 1 377 969 1365 2690 2689 2691
487 9 2 4 1 882 668 1094 2692 2606 1911
488 9 2 4 1 343 813 1054 2693 2694 2695
489 9 2 4 1 969 1521 1707 2696 2697 2698
490 9 2 4 1 857 485 1241 2269 2363 2699
491 9 2 4 1 481 726 1227 1885 2700 2701
492 9 2 4 1 666 1018 1207 2702 2703 2704
493 9 2 4 1 282 1 1140 328 2705 2706
494 9 2 4 1 1032 590 1033 2707 2708 2709
495 9 2 4 1 756 545 1737 2710 2711 2712
496 9 2 4 1 766 477 1267 2713 2714 2715
497 9 2 4 1 187 188 809 219 2716 2717
498 9 2 4 1 353 1205 1293 2718 2308 2719
499 9 2 4 1 1 6 1140 39 2720 2705
500 9 2 4 1 515 737 1029 2721 2527 2722
501 9 2 4 1 431 802 902 2723 2724 2725
502 9 2 4 1 772 495 933 2726 2727 2572
503 9 2 4 1 520 730 1079 2673 2728 2729
504 9 2 4 1 763 929 1479 2263 2730 2597
505 9 2 4 1 10 11 1041 44 2731 2168
506 9 2 4 1 363 759 1206 2732 2733 2734
507 9 2 4 1 535 766 942 2735 2736 2737
508 9 2 4 1 764 619 1473 2738 2739 2740
509 9 2 4 1 363 764 1473 2741 2740 2742
510 9 2 4 1 811 472 1341 2743 2744 2745
511 9 2 4 1 499 913 1158 2746 2747 2748
512 9 2 4 1 913 616 1158 2749 2750 2747
513 9 2 4 1 473 812 1343 2751 2752 2753
514 9 2 4 1 792 330 1363 2754 2755 2756
515 9 2 4 1 750 487 956 2757 2758 2086
516 9 2 4 1 712 416 1591 2415 2759 2760
517 9 2 4 1 848 481 856 2761 2762 2591
518 9 2 4 1 785 509 1632 2675 2763 2764
519 9 2 4 1 784 340 1161 2061 2765 2766
520 9 2 4 1 544 784 1161 2767 2766 2768
521 9 2 4 1 929 645 1479 2360 2769 2730
522 9 2 4 1 723 926 1532 2442 2614 2770
523 9 2 4 1 763 352 1539 2596 2771 2772
524 9 2 4 1 427 1194 1428 2773 2774 2775
525 9 2 4 1 780 339 954 2776 2777 2778
526 9 2 4 1 182 183 873 214 2779 2780
527 9 2 4 1 691 335 1638 2781 2782 2783
528 9 2 4 1 525 793 1657 2648 2784 2785
529 9 2 4 1 498 869 992 2786 2787 2788
530 9 2 4 1 869 613 992 2789 2790 2787
531 9 2 4 1 850 463 1276 2791 2792 2793
532 9 2 4 1 799 480 1255 2548 2794 2795
533 9 2 4 1 750 1000 1070 2796 1845 2797
534 9 2 4 1 24 771 1149 2798 2799 2800
535 9 2 4 1 473 814 1305 2801 2802 2803
536 9 2 4 1 442 701 1192 2804 2805 2806
537 9 2 4 1 961 552 1057 2807 2808 2809
538 9 2 4 1 1031 744 1397 2603 2215 2810
539 9 2 4 1 690 428 927 2811 2285 2812
540 9 2 4 1 1331 684 1618 1819 2813 2814
541 9 2 4 1 370 744 1502 2213 2815 2816
542 9 2 4 1 767 449 1103 2817 2147 2818
543 9 2 4 1 824 338 1199 2819 2820 2821
544 9 2 4 1 961 434 1433 2822 2823 2824
545 9 2 4 1 1235 763 1539 2111 2772 2825
546 9 2 4 1 1000 750 1339 2796 2826 2827
547 9 2 4 1 380 653 1047 2118 2576 2368
548 9 2 4 1 860 643 1305 2828 2829 2830
549 9 2 4 1 366 860 1305 2831 2830 2832
550 9 2 4 1 784 544 1001 2767 2833 2834
551 9 2 4 1 585 784 1001 2835 2834 2337
552 9 2 4 1 449 832 1041 2836 2169 2837
553 9 2 4 1 241 242 829 287 2838 2839
554 9 2 4 1 373 776 1180 2840 2073 2841
555 9 2 4 1 487 954 956 2842 2843 2758
556 9 2 4 1 270 271 953 316 2844 2845
557 9 2 4 1 190 797 1086 2846 2847 2848
558 9 2 4 1 518 856 946 2592 2849 2559
559 9 2 4 1 337 932 1272 2078 2401 2850
560 9 2 4 1 664 791 1293 2851 2852 2307
561 9 2 4 1 1391 639 1545 2853 2854 2289
562 9 2 4 1 747 488 882 2855 2303 2856
563 9 2 4 1 771 24 1536 2798 2857 2858
564 9 2 4 1 346 916 963 2859 2860 2861
565 9 2 4 1 916 540 963 2862 2863 2860
566 9 2 4 1 782 1331 1618 2864 2814 2865
567 9 2 4 1 1064 420 1350 2017 2866 2867
568 9 2 4 1 698 548 1274 2157 2868 2267
569 9 2 4 1 737 515 1109 2721 2869 2870
570 9 2 4 1 501 647 1271 1759 2084 2871
571 9 2 4 1 515 1029 1609 2722 2872 2555
572 9 2 4 1 893 609 1113 2873 1868 2874
573 9 2 4 1 1035 516 1303 2875 2261 2876
574 9 2 4 1 588 921 1082 2278 2877 2593
575 9 2 4 1 448 980 1270 2878 2879 2880
576 9 2 4 1 980 697 1270 2881 2882 2879
577 9 2 4 1 661 454 957 2210 2883 2884
578 9 2 4 1 785 486 1108 2885 2886 2887
579 9 2 4 1 552 961 1119 2807 2888 2889
580 9 2 4 1 486 833 1253 2890 2891 1999
581 9 2 4 1 800 588 1112 2892 2595 2893
582 9 2 4 1 338 824 1222 2819 2894 2895
583 9 2 4 1 609 783 1572 2322 2896 2897
584 9 2 4 1 694 522 1025 2898 2899 2010
585 9 2 4 1 812 473 910 2751 2900 2540
586 9 2 4 1 472 811 911 2743 2544 2901
587 9 2 4 1 871 708 1373 2114 2902 2298
588 9 2 4 1 764 363 983 2741 2903 2904
589 9 2 4 1 668 882 1193 2692 2305 2905
590 9 2 4 1 1063 702 1198 2173 2156 2906
591 9 2 4 1 490 1063 1198 2907 2906 2908
592 9 2 4 1 82 83 864 108 2909 2910
593 9 2 4 1 262 263 891 308 2911 2912
594 9 2 4 1 243 244 922 289 2913 2914
595 9 2 4 1 138 139 865 164 2915 2916
596 9 2 4 1 750 1070 1559 2797 2917 2918
597 9 2 4 1 925 1446 1526 2919 2920 2921
598 9 2 4 1 487 750 1559 2757 2918 2922
599 9 2 4 1 846 541 1083 2923 2924 2588
600 9 2 4 1 335 1154 1638 2925 2926 2782
601 9 2 4 1 425 746 1378 2927 2928 2929
602 9 2 4 1 772 445 1088 2571 2930 2931
603 9 2 4 1 625 919 1254 2932 2933 2934
604 9 2 4 1 982 505 1593 1902 2935 1994
605 9 2 4 1 901 717 1284 2936 1803 2474
606 9 2 4 1 1018 495 1207 2937 2938 2703
607 9 2 4 1 612 811 1407 2542 2190 2939
608 9 2 4 1 812 613 1409 2539 2940 2191
609 9 2 4 1 719 449 1256 2145 2941 2942
610 9 2 4 1 450 962 1269 2943 2944 2623
611 9 2 4 1 493 895 1058 2945 2404 2946
612 9 2 4 1 486 794 1108 2947 2948 2886
613 9 2 4 1 927 1132 1363 2287 2949 2950
614 9 2 4 1 512 908 1023 2951 2621 2952
615 9 2 4 1 1132 776 1430 2953 2954 2955
616 9 2 4 1 595 748 1088 2182 2956 2957
617 9 2 4 1 810 343 945 2958 2959 2960
618 9 2 4 1 472 876 1341 2961 2962 2744
619 9 2 4 1 488 859 1193 2554 2963 2304
620 9 2 4 1 877 473 1343 2964 2753 2965
621 9 2 4 1 900 562 1260 2966 2967 2968
622 9 2 4 1 829 474 1588 2969 2970 2971
623 9 2 4 1 351 804 1347 2972 2302 2973
624 9 2 4 1 471 795 1065 2577 2974 2975
625 9 2 4 1 795 525 1065 2976 2977 2974
626 9 2 4 1 781 574 989 2978 1980 2979
627 9 2 4 1 794 486 944 2947 1875 2225
628 9 2 4 1 750 464 1339 2085 2980 2826
629 9 2 4 1 579 853 1325 2981 2982 2983
630 9 2 4 1 447 745 1224 2193 2984 2985
631 9 2 4 1 783 467 1548 2319 2986 2987
632 9 2 4 1 856 379 946 2492 2988 2849
633 9 2 4 1 745 359 1212 2550 2989 2990
634 9 2 4 1 934 392 1581 2339 2991 2992
635 9 2 4 1 760 374 1137 2599 2993 2994
636 9 2 4 1 507 751 1625 1849 2995 2996
637 9 2 4 1 779 484 1147 2997 2998 2999
638 9 2 4 1 1190 934 1581 3000 2992 3001
639 9 2 4 1 918 396 1084 3002 3003 3004
640 9 2 4 1 549 1187 1248 2463 2275 3005
641 9 2 4 1 969 377 1521 2690 3006 2696
642 9 2 4 1 864 827 1672 2470 3007 3008
643 9 2 4 1 1017 1394 1555 3009 3010 3011
644 9 2 4 1 802 431 1043 2723 3012 3013
645 9 2 4 1 828 865 1673 2472 3014 3015
646 9 2 4 1 418 775 1681 3016 3017 3018
647 9 2 4 1 148 4 1188 174 3019 3020
648 9 2 4 1 2 73 1189 98 3021 3022
649 9 2 4 1 500 916 1252 3023 3024 3025
650 9 2 4 1 1178 459 1578 2561 3026 3027
651 9 2 4 1 1521 704 1707 2218 3028 2697
652 9 2 4 1 1294 790 1420 2610 3029 3030
653 9 2 4 1 925 482 1446 2223 3031 2919
654 9 2 4 1 360 734 849 3032 2152 3033
655 9 2 4 1 980 733 1680 3034 2372 3035
656 9 2 4 1 332 800 1014 3036 3037 3038
657 9 2 4 1 334 717 1186 1801 3039 3040
658 9 2 4 1 452 1075 1308 1806 3041 3042
659 9 2 4 1 890 656 1449 3043 3044 2477
660 9 2 4 1 574 781 1534 2978 3045 3046
661 9 2 4 1 484 901 1147 3047 3048 2998
662 9 2 4 1 1111 635 1446 3049 3050 1796
663 9 2 4 1 128 129 869 154 3051 3052
664 9 2 4 1 92 93 870 118 3053 3054
665 9 2 4 1 430 830 1621 3055 3056 3057
666 9 2 4 1 335 691 972 2781 3058 3059
667 9 2 4 1 772 362 1207 3060 3061 3062
668 9 2 4 1 1178 740 1574 3063 2234 2562
669 9 2 4 1 541 1052 1083 3064 3065 2924
670 9 2 4 1 1052 633 1083 3066 3067 3065
671 9 2 4 1 818 371 997 3068 3069 3070
672 9 2 4 1 125 126 904 151 3071 3072
673 9 2 4 1 95 96 903 121 3073 3074
674 9 2 4 1 759 542 1510 3075 3076 3077
675 9 2 4 1 1161 850 1276 3078 2793 3079
676 9 2 4 1 919 403 1254 3080 3081 2933
677 9 2 4 1 365 790 968 3082 3083 3084
678 9 2 4 1 791 664 1604 2851 3085 3086
679 9 2 4 1 194 757 899 2186 3087 3088
680 9 2 4 1 503 759 1066 3089 3090 2140
681 9 2 4 1 1194 683 1428 3091 3092 2774
682 9 2 4 1 432 647 1204 2082 2565 3093
683 9 2 4 1 4 175 1188 206 3094 3019
684 9 2 4 1 891 263 1599 2911 3095 3096
685 9 2 4 1 977 638 1344 3097 3098 3099
686 9 2 4 1 801 405 1049 3100 1774 3101
687 9 2 4 1 517 801 1049 3102 3101 3103
688 9 2 4 1 38 2 1189 72 3022 3104
689 9 2 4 1 546 792 1363 3105 2756 3106
690 9 2 4 1 333 786 1549 3107 3108 3109
691 9 2 4 1 724 996 1056 2423 3110 2389
692 9 2 4 1 688 494 999 3111 3112 2148
693 9 2 4 1 751 894 1337 2216 3113 2406
694 9 2 4 1 397 1037 1368 2345 3114 3115
695 9 2 4 1 1251 433 1709 3116 2207 3117
696 9 2 4 1 434 961 1057 2822 2809 3118
697 9 2 4 1 972 493 1280 3119 3120 3121
698 9 2 4 1 776 373 1430 2840 3122 2954
699 9 2 4 1 803 1269 1617 2624 3123 3124
700 9 2 4 1 679 1401 1484 3125 2204 3126
701 9 2 4 1 565 757 1148 2487 3127 3128
702 9 2 4 1 614 993 1277 3129 2349 3130
703 9 2 4 1 483 699 939 2027 3131 3132
704 9 2 4 1 413 1165 1358 3133 2117 3134
705 9 2 4 1 367 838 1431 3135 3136 3137
706 9 2 4 1 987 529 1010 3138 3139 3140
707 9 2 4 1 495 810 945 3141 2960 3142
708 9 2 4 1 201 202 1234 233 3143 2364
709 9 2 4 1 853 579 1263 2981 3144 3145
710 9 2 4 1 1055 704 1159 3146 2253 3147
711 9 2 4 1 418 1055 1159 3148 3147 3149
712 9 2 4 1 761 611 1334 1791 3150 3151
713 9 2 4 1 416 879 1591 3152 3153 2759
714 9 2 4 1 525 762 1065 3154 3155 2977
715 9 2 4 1 200 201 1185 232 2240 3156
716 9 2 4 1 1017 332 1394 3157 3158 3009
717 9 2 4 1 497 880 1053 3159 3160 3161
718 9 2 4 1 701 861 1192 3162 2227 2805
719 9 2 4 1 936 628 937 3163 3164 3165
720 9 2 4 1 471 936 937 3166 3165 3167
721 9 2 4 1 844 491 1464 2330 3168 3169
722 9 2 4 1 830 530 1211 2291 3170 3171
723 9 2 4 1 824 577 1372 3172 2031 3173
724 9 2 4 1 554 806 1589 3174 3175 3176
725 9 2 4 1 1429 421 1557 3177 3178 3179
726 9 2 4 1 362 772 1474 3060 3180 3181
727 9 2 4 1 1187 773 1703 2462 3182 3183
728 9 2 4 1 203 204 845 235 3184 3185
729 9 2 4 1 972 1280 1744 3121 3186 3187
730 9 2 4 1 433 675 1400 2584 3188 3189
731 9 2 4 1 762 525 1080 3154 3190 3191
732 9 2 4 1 424 754 1219 2243 3192 2049
733 9 2 4 1 389 805 1370 3193 3194 3195
734 9 2 4 1 351 735 1090 2626 2197 3196
735 9 2 4 1 635 790 1526 3197 3198 3199
736 9 2 4 1 790 365 1526 3082 3200 3198
737 9 2 4 1 614 1110 1208 3201 2570 3202
738 9 2 4 1 34 35 855 68 3203 3204
739 9 2 4 1 382 663 1093 2444 3205 3206
740 9 2 4 1 662 1048 1465 3207 3208 3209
741 9 2 4 1 439 805 1046 3210 3211 3212
742 9 2 4 1 443 1192 1418 3213 2229 3214
743 9 2 4 1 759 363 1259 2732 3215 3216
744 9 2 4 1 542 759 1259 3075 3216 3217
745 9 2 4 1 1464 491 1476 3168 3218 3219
746 9 2 4 1 775 418 1159 3016 3149 3220
747 9 2 4 1 729 961 1433 3221 2824 3222
748 9 2 4 1 596 857 1306 2271 2509 3223
749 9 2 4 1 732 1118 1647 2309 3224 3225
750 9 2 4 1 773 549 1701 2461 3226 3227
751 9 2 4 1 1005 829 1588 3228 2971 3229
752 9 2 4 1 961 729 1199 3221 3230 3231
753 9 2 4 1 641 903 1300 3232 3233 3234
754 9 2 4 1 903 466 1300 2430 3235 3233
755 9 2 4 1 805 602 1370 3236 2068 3194
756 9 2 4 1 440 769 1121 3237 3238 3239
757 9 2 4 1 430 689 1319 2170 3240 3241
758 9 2 4 1 680 1179 1434 3242 3243 3244
759 9 2 4 1 545 756 1483 2710 3245 3246
760 9 2 4 1 442 821 1591 3247 3248 3249
761 9 2 4 1 128 869 975 3052 3250 3251
762 9 2 4 1 870 93 976 3053 3252 3253
763 9 2 4 1 789 484 1496 2129 3254 3255
764 9 2 4 1 703 510 1431 3256 3257 3258
765 9 2 4 1 757 195 1148 2185 3259 3127
766 9 2 4 1 481 848 1130 2761 3260 3261
767 9 2 4 1 1034 736 1171 1857 3262 2467
768 9 2 4 1 482 907 1054 1823 3263 3264
769 9 2 4 1 907 549 1054 3265 3266 3263
770 9 2 4 1 1076 500 1252 3267 3025 3268
771 9 2 4 1 526 817 1400 2631 3269 3270
772 9 2 4 1 182 873 1289 2780 3271 3272
773 9 2 4 1 808 475 1081 3273 3274 3275
774 9 2 4 1 900 1260 1639 2968 3276 3277
775 9 2 4 1 714 532 1028 3278 2376 3279
776 9 2 4 1 1082 921 1335 2877 3280 3281
777 9 2 4 1 873 183 1003 2779 3282 3283
778 9 2 4 1 759 503 1206 3089 2294 2733
779 9 2 4 1 821 442 1192 3247 2806 3284
780 9 2 4 1 545 1126 1737 3285 3286 2711
781 9 2 4 1 790 555 1286 2609 3287 3288
782 9 2 4 1 665 863 1475 3289 3290 3291
783 9 2 4 1 511 947 979 3292 3293 3294
784 9 2 4 1 947 573 979 3295 3296 3293
785 9 2 4 1 789 557 1382 3297 3298 3299
786 9 2 4 1 576 988 1035 3300 3301 3302
787 9 2 4 1 988 516 1035 2124 2875 3301
788 9 2 4 1 720 334 1068 2056 3303 3304
789 9 2 4 1 522 771 1184 3305 3306 3307
790 9 2 4 1 1082 419 1112 3308 1966 2594
791 9 2 4 1 953 271 1281 2844 3309 3310
792 9 2 4 1 1057 692 1399 3311 3312 3313
793 9 2 4 1 354 761 1173 1794 3314 3315
794 9 2 4 1 943 773 1701 2639 3227 3316
795 9 2 4 1 464 956 990 2087 3317 3318
796 9 2 4 1 692 830 1399 3319 2420 3312
797 9 2 4 1 450 803 1158 2622 3320 3321
798 9 2 4 1 18 19 949 52 3322 3323
799 9 2 4 1 803 364 1195 3324 2134 3325
800 9 2 4 1 788 358 1025 3326 2011 3327
801 9 2 4 1 739 995 1258 3328 2668 3329
802 9 2 4 1 473 1305 1565 2803 3330 3331
803 9 2 4 1 486 785 1632 2885 2764 3332
804 9 2 4 1 28 29 906 62 2021 3333
805 9 2 4 1 330 792 1315 2754 3334 3335
806 9 2 4 1 338 1222 1410 2895 3336 3337
807 9 2 4 1 358 788 1493 3326 3338 3339
808 9 2 4 1 565 1148 1295 3128 3340 2248
809 9 2 4 1 838 367 839 3135 3341 2427
810 9 2 4 1 500 844 1523 2333 3342 2351
811 9 2 4 1 934 497 1053 3343 3161 3344
812 9 2 4 1 874 402 1210 3345 3346 3347
813 9 2 4 1 371 818 1191 3068 3348 3349
814 9 2 4 1 805 591 1046 3350 3351 3211
815 9 2 4 1 766 535 1351 2735 3352 3353
816 9 2 4 1 440 788 1184 3354 3355 3356
817 9 2 4 1 522 694 1439 2898 3357 3358
818 9 2 4 1 764 536 1138 3359 2108 3360
819 9 2 4 1 806 554 1015 3174 3361 3362
820 9 2 4 1 814 556 1061 3363 3364 3365
821 9 2 4 1 1207 362 1267 3061 3366 3367
822 9 2 4 1 488 747 1469 2855 3368 3369
823 9 2 4 1 678 1175 1191 3370 3371 3372
824 9 2 4 1 369 967 1075 3373 3374 3375
825 9 2 4 1 967 582 1075 3376 3377 3374
826 9 2 4 1 476 816 1679 2654 3378 3379
827 9 2 4 1 829 242 1292 2838 3380 3381
828 9 2 4 1 788 440 1121 3354 3239 3382
829 9 2 4 1 1255 480 1597 2794 3383 3384
830 9 2 4 1 838 703 1431 3385 3258 3136
831 9 2 4 1 1046 591 1133 3351 3386 3387
832 9 2 4 1 381 943 1701 1848 3316 3388
833 9 2 4 1 189 190 1086 221 2848 3389
834 9 2 4 1 620 932 1445 2399 3390 3391
835 9 2 4 1 271 272 1281 317 2583 3309
836 9 2 4 1 933 495 945 2727 3142 3392
837 9 2 4 1 541 933 945 3393 3392 3394
838 9 2 4 1 838 567 1587 2426 3395 3396
839 9 2 4 1 1297 446 1531 2413 2511 3397
840 9 2 4 1 536 764 1153 3359 3398 3399
841 9 2 4 1 633 1052 1248 3066 3400 2274
842 9 2 4 1 533 1087 1125 3401 1853 3402
843 9 2 4 1 368 789 1382 3403 3299 3404
844 9 2 4 1 491 826 1100 2329 3405 3406
845 9 2 4 1 527 775 1159 3407 3220 2252
846 9 2 4 1 492 1240 1604 3408 3409 3410
847 9 2 4 1 510 824 1381 3411 3412 3413
848 9 2 4 1 773 634 1703 2638 3414 3182
849 9 2 4 1 558 845 1019 3415 3416 3417
850 9 2 4 1 1181 629 1537 3418 3419 2435
851 9 2 4 1 800 491 1014 3420 3421 3037
852 9 2 4 1 795 30 1095 1905 3422 3423
853 9 2 4 1 510 703 1222 3256 3424 3425
854 9 2 4 1 449 1041 1256 2837 3426 2941
855 9 2 4 1 358 739 1258 3427 3329 2044
856 9 2 4 1 395 769 1540 2641 3428 3429
857 9 2 4 1 531 1046 1133 3430 3387 3431
858 9 2 4 1 962 617 1269 3432 3433 2944
859 9 2 4 1 802 1043 1731 3013 2525 3434
860 9 2 4 1 619 764 1674 2738 3435 3436
861 9 2 4 1 441 757 1459 3437 2489 3438
862 9 2 4 1 385 995 1575 3439 3440 3441
863 9 2 4 1 739 358 1477 3427 3442 3443
864 9 2 4 1 904 126 1451 3071 3444 3445
865 9 2 4 1 95 903 1450 3074 3446 3447
866 9 2 4 1 490 873 1003 3448 3283 3449
867 9 2 4 1 545 863 1143 3450 3451 3452
868 9 2 4 1 535 835 1177 3453 3454 3455
869 9 2 4 1 836 536 1176 2079 3456 3457
870 9 2 4 1 839 533 1125 3458 3402 3459
871 9 2 4 1 789 368 1102 3403 3460 2130
872 9 2 4 1 1179 583 1213 3461 3462 3463
873 9 2 4 1 405 801 1516 3100 3464 3465
874 9 2 4 1 964 414 1454 3466 3467 3468
875 9 2 4 1 366 926 1697 2612 3469 3470
876 9 2 4 1 606 832 1157 2464 3471 3472
877 9 2 4 1 863 665 1399 3289 3473 3474
878 9 2 4 1 1033 590 1713 2708 3475 3476
879 9 2 4 1 349 817 1136 3477 2633 3478
880 9 2 4 1 588 800 1573 2892 3479 3480
881 9 2 4 1 864 83 1461 2909 3481 3482
882 9 2 4 1 138 865 1460 2916 3483 3484
883 9 2 4 1 842 631 1386 3485 2686 2671
884 9 2 4 1 364 803 1617 3324 3124 3486
885 9 2 4 1 345 847 1246 3487 3488 3489
886 9 2 4 1 936 361 1255 3490 3491 3492
887 9 2 4 1 628 936 1255 3163 3492 3493
888 9 2 4 1 607 776 1684 2071 3494 3495
889 9 2 4 1 1016 177 1437 3496 3497 3498
890 9 2 4 1 1114 447 1384 2194 3499 3500
891 9 2 4 1 477 766 1351 2713 3353 3501
892 9 2 4 1 792 546 1168 3105 3502 3503
893 9 2 4 1 251 252 878 297 3504 3505
894 9 2 4 1 475 808 1633 3273 3506 3507
895 9 2 4 1 705 1216 1635 3508 3509 3510
896 9 2 4 1 950 373 1020 3511 3512 3513
897 9 2 4 1 1216 807 1635 3514 3515 3509
898 9 2 4 1 769 440 1328 3237 3516 3517
899 9 2 4 1 849 432 1002 2151 3518 3519
900 9 2 4 1 1240 791 1604 3520 3086 3409
901 9 2 4 1 897 496 1047 3521 3522 2575
902 9 2 4 1 244 245 1196 290 2093 3523
903 9 2 4 1 136 1071 1074 3524 3525 3526
904 9 2 4 1 1072 85 1073 3527 3528 3529
905 9 2 4 1 701 442 1164 2804 3530 3531
906 9 2 4 1 618 971 1436 3532 3533 3534
907 9 2 4 1 917 438 1340 3535 3536 3537
908 9 2 4 1 468 834 1152 3538 3539 3540
909 9 2 4 1 665 1057 1399 3541 3313 3473
910 9 2 4 1 769 621 1447 2644 2103 3542
911 9 2 4 1 385 1135 1333 3543 3544 3545
912 9 2 4 1 917 508 1330 3546 3547 3548
913 9 2 4 1 575 815 1077 1785 1938 3549
914 9 2 4 1 771 522 1149 3305 3550 2799
915 9 2 4 1 497 870 976 3551 3253 3552
916 9 2 4 1 869 498 975 2786 3553 3250
917 9 2 4 1 421 867 1557 3554 3555 3178
918 9 2 4 1 379 921 1625 3556 3557 3558
919 9 2 4 1 564 930 997 3559 3560 3561
920 9 2 4 1 679 1091 1385 3562 3563 3564
921 9 2 4 1 807 358 1493 3565 3339 3566
922 9 2 4 1 853 464 1325 3567 3568 2982
923 9 2 4 1 1465 1048 1622 3208 3569 3570
924 9 2 4 1 810 495 1018 3141 2937 3571
925 9 2 4 1 802 359 902 3572 3573 2724
926 9 2 4 1 654 431 1307 3574 3575 3576
927 9 2 4 1 431 654 1043 3574 3577 3012
928 9 2 4 1 637 968 1503 3578 3579 3580
929 9 2 4 1 889 444 1010 3581 3582 3583
930 9 2 4 1 529 889 1010 3584 3583 3139
931 9 2 4 1 372 831 987 3585 2060 3586
932 9 2 4 1 467 881 1548 3587 3588 2986
933 9 2 4 1 7 8 896 41 3589 3590
934 9 2 4 1 255 785 1108 2008 2887 3591
935 9 2 4 1 458 855 1392 3592 3593 3594
936 9 2 4 1 855 632 1392 3595 3596 3593
937 9 2 4 1 144 145 886 170 3597 3598
938 9 2 4 1 76 77 887 102 3599 3600
939 9 2 4 1 794 254 1108 1826 3601 2948
940 9 2 4 1 656 890 1049 3043 3602 1756
941 9 2 4 1 330 806 1015 3603 3362 3604
942 9 2 4 1 651 970 1311 3605 3606 3607
943 9 2 4 1 584 829 1292 3608 3381 3609
944 9 2 4 1 770 267 1241 3610 3611 2362
945 9 2 4 1 655 1044 1045 3612 3613 3614
946 9 2 4 1 1044 503 1045 2293 1978 3613
947 9 2 4 1 495 772 1207 2726 3062 2938
948 9 2 4 1 946 379 1625 2988 3558 3615
949 9 2 4 1 428 690 1033 2811 3616 3617
950 9 2 4 1 335 1032 1096 3618 3619 3620
951 9 2 4 1 593 1236 1398 3621 1895 3622
952 9 2 4 1 712 345 1147 2137 3623 3624
953 9 2 4 1 501 818 997 3625 3070 3626
954 9 2 4 1 896 606 1163 3627 3628 3629
955 9 2 4 1 863 470 1475 3630 3631 3290
956 9 2 4 1 267 770 1609 3610 2556 3632
957 9 2 4 1 1517 519 1518 3633 3634 3635
958 9 2 4 1 914 581 1291 3636 3637 3638
959 9 2 4 1 1330 1262 1740 3639 3640 3641
960 9 2 4 1 968 637 1583 3578 3642 3643
961 9 2 4 1 742 1492 1670 3644 2222 3645
962 9 2 4 1 774 272 1279 2581 3646 3647
963 9 2 4 1 731 1143 1211 3648 3649 3650
964 9 2 4 1 966 400 1230 3651 1898 3652
965 9 2 4 1 623 966 1230 1951 3652 3653
966 9 2 4 1 965 624 1229 1953 3654 3655
967 9 2 4 1 399 965 1229 3656 3655 3657
968 9 2 4 1 923 526 1400 3658 3270 3659
969 9 2 4 1 761 919 1688 3660 3661 3662
970 9 2 4 1 919 458 1688 3663 3664 3661
971 9 2 4 1 781 402 1160 3665 3666 2629
972 9 2 4 1 378 1483 1504 3667 3668 3669
973 9 2 4 1 401 826 1667 3670 3671 3672
974 9 2 4 1 575 918 1084 3673 3004 3674
975 9 2 4 1 525 795 1095 2976 3423 2649
976 9 2 4 1 931 25 1403 3675 3676 3677
977 9 2 4 1 521 1004 1202 3678 3679 1776
978 9 2 4 1 425 1378 1465 2929 3680 3681
979 9 2 4 1 582 967 1024 3376 3682 3683
980 9 2 4 1 449 767 1157 2817 3684 3685
981 9 2 4 1 922 244 1196 2913 3523 3686
982 9 2 4 1 514 967 1301 3687 3688 3689
983 9 2 4 1 872 686 1127 3690 3691 3692
984 9 2 4 1 542 872 1127 3693 3692 3694
985 9 2 4 1 813 482 1054 3695 3264 2694
986 9 2 4 1 778 468 982 3696 3697 3698
987 9 2 4 1 782 1578 1610 3699 3700 3701
988 9 2 4 1 858 480 971 3702 3703 3704
989 9 2 4 1 830 692 1621 3319 3705 3056
990 9 2 4 1 241 829 1005 2839 3228 3706
991 9 2 4 1 402 781 1210 3665 3707 3346
992 9 2 4 1 884 451 1077 2535 3708 2242
993 9 2 4 1 889 529 1115 3584 2397 2315
994 9 2 4 1 36 37 914 70 3709 3710
995 9 2 4 1 357 853 1263 3711 3145 3712
996 9 2 4 1 987 1010 1561 3140 3713 3714
997 9 2 4 1 989 348 1613 2046 3715 3716
998 9 2 4 1 567 839 1251 2428 3717 3718
999 9 2 4 1 1008 696 1694 1769 1909 3719
1000 9 2 4 1 859 804 1569 2553 3720 3721
1001 9 2 4 1 986 514 1301 3722 3689 3723
1002 9 2 4 1 356 863 1399 3724 3474 2419
1003 9 2 4 1 352 866 1539 3725 3726 2771
1004 9 2 4 1 936 471 1065 3166 2975 3727
1005 9 2 4 1 333 778 1312 2384 3728 3729
1006 9 2 4 1 801 517 1558 3102 3730 3731
1007 9 2 4 1 376 787 1146 3732 3733 3734
1008 9 2 4 1 691 1051 1489 3735 2547 3736
1009 9 2 4 1 512 823 1134 3737 3738 3739
1010 9 2 4 1 781 474 1534 2628 3740 3045
1011 9 2 4 1 784 585 1406 2835 3741 1889
1012 9 2 4 1 879 416 1376 3152 3742 2387
1013 9 2 4 1 970 407 1311 3743 3744 3606
1014 9 2 4 1 565 678 1191 2247 3372 3745
1015 9 2 4 1 350 913 1273 2135 3746 3747
1016 9 2 4 1 830 430 1319 3055 3241 2292
1017 9 2 4 1 127 128 975 153 3251 3748
1018 9 2 4 1 902 359 1114 3573 2551 3749
1019 9 2 4 1 93 94 976 119 3750 3252
1020 9 2 4 1 790 635 1420 3197 3751 3029
1021 9 2 4 1 1175 371 1191 3752 3349 3371
1022 9 2 4 1 719 578 1200 1862 3753 2625
1023 9 2 4 1 581 1245 1291 3754 3755 3637
1024 9 2 4 1 869 129 1409 3051 3756 3757
1025 9 2 4 1 92 870 1407 3054 3758 3759
1026 9 2 4 1 945 343 1052 2959 3760 3761
1027 9 2 4 1 81 827 1177 3762 3763 3764
1028 9 2 4 1 828 140 1176 3765 3766 3767
1029 9 2 4 1 526 1401 1750 3768 3769 3770
1030 9 2 4 1 341 883 884 3771 2536 3772
1031 9 2 4 1 1042 585 1053 3773 3774 3775
1032 9 2 4 1 822 333 1549 3776 3109 3777
1033 9 2 4 1 833 486 1632 2890 3332 3778
1034 9 2 4 1 971 618 1508 3532 3779 3780
1035 9 2 4 1 655 1045 1215 3614 3781 3782
1036 9 2 4 1 1045 344 1215 1979 3783 3781
1037 9 2 4 1 543 717 1512 3784 3785 3786
1038 9 2 4 1 374 1042 1053 2601 3775 3787
1039 9 2 4 1 183 184 1003 215 3788 3282
1040 9 2 4 1 1142 1456 1550 3789 3790 3791
1041 9 2 4 1 1492 346 1651 3792 3793 3794
1042 9 2 4 1 630 778 982 3795 3698 1993
1043 9 2 4 1 26 27 1104 60 3796 3797
1044 9 2 4 1 409 851 1342 3798 3799 2180
1045 9 2 4 1 727 1123 1294 2663 3800 3801
1046 9 2 4 1 370 1134 1425 3802 3803 3804
1047 9 2 4 1 787 376 1225 3732 2670 3805
1048 9 2 4 1 662 874 1210 3806 3347 3807
1049 9 2 4 1 28 906 1444 3333 3808 3809
1050 9 2 4 1 931 586 1328 3810 3811 3812
1051 9 2 4 1 25 26 1403 59 3813 3676
1052 9 2 4 1 824 510 1222 3411 3425 2894
1053 9 2 4 1 74 75 951 100 3814 3815
1054 9 2 4 1 418 947 1542 3816 3817 3818
1055 9 2 4 1 700 1064 1350 3819 2867 3820
1056 9 2 4 1 146 147 952 172 3821 3822
1057 9 2 4 1 491 800 1476 3420 3823 3218
1058 9 2 4 1 756 1109 1504 3824 3825 3826
1059 9 2 4 1 805 389 1421 3193 3827 3828
1060 9 2 4 1 1119 338 1410 3829 3337 3830
1061 9 2 4 1 478 828 1153 2471 3831 3832
1062 9 2 4 1 828 536 1153 3833 3399 3831
1063 9 2 4 1 577 824 1199 3172 2821 3834
1064 9 2 4 1 358 807 1477 3565 3835 3442
1065 9 2 4 1 807 599 1477 3836 3837 3835
1066 9 2 4 1 689 1320 1584 3838 2335 3839
1067 9 2 4 1 846 384 1494 2587 3840 3841
1068 9 2 4 1 1142 636 1456 3842 3843 3789
1069 9 2 4 1 930 501 997 1760 3626 3560
1070 9 2 4 1 717 901 1512 2936 3844 3785
1071 9 2 4 1 963 540 991 2863 2026 3845
1072 9 2 4 1 1105 669 1453 3846 3847 3848
1073 9 2 4 1 474 1160 1588 2630 3849 2970
1074 9 2 4 1 787 446 1455 2646 3850 3851
1075 9 2 4 1 363 1206 1735 2734 3852 3853
1076 9 2 4 1 176 177 1016 208 3496 3854
1077 9 2 4 1 479 977 1344 3855 3099 3856
1078 9 2 4 1 592 1235 1539 3857 2825 3858
1079 9 2 4 1 826 401 1100 3670 3859 3405
1080 9 2 4 1 511 1281 1542 3860 3861 3862
1081 9 2 4 1 601 878 1362 3863 3864 2481
1082 9 2 4 1 683 1004 1428 3865 3866 3092
1083 9 2 4 1 926 726 1697 2283 1887 3469
1084 9 2 4 1 538 1097 1237 3867 3868 3869
1085 9 2 4 1 954 339 956 2777 3870 2843
1086 9 2 4 1 1238 571 1530 3871 3872 3873
1087 9 2 4 1 591 805 1421 3350 3828 3874
1088 9 2 4 1 848 340 1130 1957 3875 3260
1089 9 2 4 1 368 1101 1478 3876 3877 3878
1090 9 2 4 1 621 858 1501 3879 3880 2166
1091 9 2 4 1 456 838 1587 3881 3396 3882
1092 9 2 4 1 845 538 1019 3883 3884 3416
1093 9 2 4 1 638 977 1541 3097 3885 3886
1094 9 2 4 1 1060 523 1596 3887 2618 3888
1095 9 2 4 1 840 462 1309 3889 3890 3891
1096 9 2 4 1 1213 768 1590 1997 3892 3893
1097 9 2 4 1 438 806 1340 3894 3895 3536
1098 9 2 4 1 625 793 1249 3896 3897 3898
1099 9 2 4 1 995 739 1575 3328 3899 3440
1100 9 2 4 1 1267 477 1700 2714 3900 3901
1101 9 2 4 1 954 578 1519 3902 2483 3903
1102 9 2 4 1 23 24 1149 57 2800 3904
1103 9 2 4 1 462 841 1309 3905 3906 3890
1104 9 2 4 1 541 945 1052 3394 3761 3064
1105 9 2 4 1 561 801 1167 3907 3908 1970
1106 9 2 4 1 339 780 1349 2776 3909 3910
1107 9 2 4 1 801 561 1516 3907 3911 3464
1108 9 2 4 1 793 625 1254 3896 2934 3912
1109 9 2 4 1 338 961 1199 3913 3231 2820
1110 9 2 4 1 504 798 1093 3914 3915 3916
1111 9 2 4 1 733 872 1144 1985 3917 2607
1112 9 2 4 1 826 500 1076 2332 3267 3918
1113 9 2 4 1 374 852 1137 3919 3920 2993
1114 9 2 4 1 453 898 1203 2123 3921 3922
1115 9 2 4 1 898 568 1203 3923 3924 3921
1116 9 2 4 1 386 1221 1367 3925 3926 3927
1117 9 2 4 1 1336 418 1542 3928 3818 3929
1118 9 2 4 1 263 264 1599 309 3930 3095
1119 9 2 4 1 494 688 1069 3111 3931 3932
1120 9 2 4 1 800 332 1573 3036 3933 3479
1121 9 2 4 1 909 489 1030 3934 1780 3935
1122 9 2 4 1 524 991 1166 3936 3937 3938
1123 9 2 4 1 715 1013 1370 2503 3939 2341
1124 9 2 4 1 1013 389 1370 3940 3195 3939
1125 9 2 4 1 520 908 1412 2619 3941 2674
1126 9 2 4 1 834 468 1482 3538 3942 3943
1127 9 2 4 1 793 1095 1727 2650 3944 3945
1128 9 2 4 1 343 1054 1248 2695 3946 3947
1129 9 2 4 1 1048 348 1094 3948 1912 3949
1130 9 2 4 1 839 1125 1251 3459 3950 3717
1131 9 2 4 1 892 561 1726 3951 3952 3953
1132 9 2 4 1 949 19 1239 3322 3954 3955
1133 9 2 4 1 666 1207 1267 2704 3367 3956
1134 9 2 4 1 821 712 1591 2138 2760 3248
1135 9 2 4 1 708 331 1607 2113 3957 3958
1136 9 2 4 1 803 499 1158 3959 2748 3320
1137 9 2 4 1 855 35 1462 3203 3960 3961
1138 9 2 4 1 820 365 1583 2175 3962 3963
1139 9 2 4 1 746 425 1741 2927 3964 3965
1140 9 2 4 1 805 439 1490 3210 1814 3966
1141 9 2 4 1 602 805 1490 3236 3966 3967
1142 9 2 4 1 1109 515 1504 2869 3968 3825
1143 9 2 4 1 997 371 1106 3069 3969 3970
1144 9 2 4 1 1091 679 1484 3562 3126 3971
1145 9 2 4 1 466 852 1300 3972 3973 3235
1146 9 2 4 1 264 1364 1599 2530 3974 3930
1147 9 2 4 1 375 1038 1152 3975 1917 3976
1148 9 2 4 1 361 799 1255 1990 2795 3491
1149 9 2 4 1 788 1121 1493 3382 3977 3338
1150 9 2 4 1 1121 506 1493 3978 3979 3977
1151 9 2 4 1 549 907 1701 3265 3980 3226
1152 9 2 4 1 409 1063 1277 2174 3981 2348
1153 9 2 4 1 843 378 1504 3982 3669 3983
1154 9 2 4 1 508 1262 1330 3984 3639 3547
1155 9 2 4 1 624 864 1461 1952 3482 3985
1156 9 2 4 1 677 1016 1437 3986 3498 3987
1157 9 2 4 1 817 349 1709 3477 3988 2206
1158 9 2 4 1 865 623 1460 1950 3989 3483
1159 9 2 4 1 613 910 1582 2541 3990 3991
1160 9 2 4 1 911 612 1581 2543 3992 3993
1161 9 2 4 1 834 375 1152 3994 3976 3539
1162 9 2 4 1 442 735 1164 2440 2680 3530
1163 9 2 4 1 718 883 1721 1943 3995 1940
1164 9 2 4 1 550 810 1226 3996 3997 3998
1165 9 2 4 1 193 194 899 225 3088 3999
1166 9 2 4 1 734 360 1616 3032 4000 4001
1167 9 2 4 1 698 964 1454 2382 3468 4002
1168 9 2 4 1 356 830 1211 2418 3171 4003
1169 9 2 4 1 675 923 1400 4004 3659 3188
1170 9 2 4 1 522 825 1149 4005 4006 3550
1171 9 2 4 1 502 1196 1557 4007 4008 4009
1172 9 2 4 1 499 803 1195 3959 3325 4010
1173 9 2 4 1 502 922 1196 4011 3686 4007
1174 9 2 4 1 642 904 1451 4012 3445 4013
1175 9 2 4 1 903 641 1450 3232 4014 3446
1176 9 2 4 1 465 743 1116 2343 4015 4016
1177 9 2 4 1 705 1238 1530 4017 3873 4018
1178 9 2 4 1 1281 774 1542 2582 4019 3861
1179 9 2 4 1 981 390 1408 2502 4020 4021
1180 9 2 4 1 717 543 1186 3784 2437 3039
1181 9 2 4 1 615 824 1372 4022 3173 4023
1182 9 2 4 1 1132 428 1713 2286 4024 4025
1183 9 2 4 1 716 1429 1557 4026 3179 4027
1184 9 2 4 1 707 969 1287 2687 4028 4029
1185 9 2 4 1 878 601 1546 3863 4030 4031
1186 9 2 4 1 863 356 1143 3724 4032 3451
1187 9 2 4 1 1091 405 1385 1775 4033 3563
1188 9 2 4 1 553 1009 1454 4034 4035 2199
1189 9 2 4 1 861 376 1146 4036 3734 4037
1190 9 2 4 1 427 1235 1605 2112 4038 4039
1191 9 2 4 1 809 188 1209 2716 4040 4041
1192 9 2 4 1 1068 415 1371 4042 4043 4044
1193 9 2 4 1 1165 569 1317 4045 4046 4047
1194 9 2 4 1 752 1165 1317 1946 4047 4048
1195 9 2 4 1 786 333 1312 3107 3729 4049
1196 9 2 4 1 1483 756 1504 3245 3826 3668
1197 9 2 4 1 456 736 1706 4050 4051 4052
1198 9 2 4 1 524 1166 1646 3938 4053 4054
1199 9 2 4 1 961 338 1119 3913 3829 2888
1200 9 2 4 1 980 448 1467 2878 4055 4056
1201 9 2 4 1 979 573 1084 3296 4057 4058
1202 9 2 4 1 396 979 1084 4059 4058 3003
1203 9 2 4 1 872 336 1720 1984 4060 4061
1204 9 2 4 1 900 399 1229 4062 3657 4063
1205 9 2 4 1 562 900 1229 2966 4063 4064
1206 9 2 4 1 775 527 1220 3407 4065 4066
1207 9 2 4 1 1240 685 1353 4067 4068 4069
1208 9 2 4 1 136 137 1071 162 4070 3524
1209 9 2 4 1 84 85 1072 110 3527 4071
1210 9 2 4 1 599 807 1216 3836 3514 4072
1211 9 2 4 1 1334 611 1357 3150 4073 4074
1212 9 2 4 1 378 843 1751 3982 4075 4076
1213 9 2 4 1 1321 684 1345 4077 4078 4079
1214 9 2 4 1 962 450 1529 2943 4080 4081
1215 9 2 4 1 792 508 1315 4082 4083 3334
1216 9 2 4 1 940 619 1228 4084 4085 4086
1217 9 2 4 1 426 940 1228 4087 4086 4088
1218 9 2 4 1 482 813 1446 3695 1797 3031
1219 9 2 4 1 873 569 1289 4089 4090 3271
1220 9 2 4 1 187 809 1208 2717 4091 4092
1221 9 2 4 1 564 997 1106 3561 3970 4093
1222 9 2 4 1 673 1611 1654 4094 4095 4096
1223 9 2 4 1 825 465 1116 4097 4016 4098
1224 9 2 4 1 863 545 1560 3450 4099 4100
1225 9 2 4 1 519 960 1518 4101 4102 3634
1226 9 2 4 1 868 452 1329 4103 4104 4105
1227 9 2 4 1 707 1287 1605 4029 4106 4107
1228 9 2 4 1 837 389 1156 4108 4109 4110
1229 9 2 4 1 1009 385 1117 4111 4112 2657
1230 9 2 4 1 566 861 1146 4113 4037 4114
1231 9 2 4 1 526 923 1401 3658 4115 3768
1232 9 2 4 1 632 855 1462 3595 3961 4116
1233 9 2 4 1 906 629 1444 4117 4118 3808
1234 9 2 4 1 551 753 1101 4119 4120 4121
1235 9 2 4 1 1032 557 1096 4122 4123 3619
1236 9 2 4 1 1123 555 1294 4124 2611 3800
1237 9 2 4 1 941 603 1224 4125 4126 4127
1238 9 2 4 1 1004 521 1428 3678 4128 3866
1239 9 2 4 1 1047 496 1544 3522 4129 4130
1240 9 2 4 1 463 850 1337 2791 4131 4132
1241 9 2 4 1 1578 459 1610 3026 4133 3700
1242 9 2 4 1 880 374 1053 4134 3787 3160
1243 9 2 4 1 901 712 1147 2416 3624 3048
1244 9 2 4 1 928 688 1500 4135 1969 4136
1245 9 2 4 1 556 814 1440 3363 4137 4138
1246 9 2 4 1 820 463 1197 4139 2652 2176
1247 9 2 4 1 939 699 1012 3131 4140 4141
1248 9 2 4 1 1273 913 1652 3746 4142 4143
1249 9 2 4 1 517 890 1571 4144 4145 4146
1250 9 2 4 1 276 277 1006 322 4147 4148
1251 9 2 4 1 394 908 1541 4149 4150 4151
1252 9 2 4 1 654 796 1043 4152 2451 3577
1253 9 2 4 1 425 1465 1622 3681 3570 4153
1254 9 2 4 1 613 869 1409 2789 3757 2940
1255 9 2 4 1 870 612 1407 4154 2939 3758
1256 9 2 4 1 376 861 1522 4036 4155 4156
1257 9 2 4 1 1097 626 1237 4157 4158 3868
1258 9 2 4 1 862 519 1266 4159 4160 4161
1259 9 2 4 1 1011 439 1046 4162 3212 4163
1260 9 2 4 1 1135 532 1333 4164 4165 3544
1261 9 2 4 1 1396 767 1404 4166 4167 4168
1262 9 2 4 1 1040 506 1447 4169 4170 2102
1263 9 2 4 1 1063 652 1277 4171 4172 3981
1264 9 2 4 1 890 517 1049 4144 3103 3602
1265 9 2 4 1 815 357 1263 1883 3712 4173
1266 9 2 4 1 462 891 1472 4174 4175 4176
1267 9 2 4 1 891 640 1472 4177 4178 4175
1268 9 2 4 1 341 884 1120 3772 4179 4180
1269 9 2 4 1 90 811 1341 1987 2745 4181
1270 9 2 4 1 812 131 1343 1988 4182 2752
1271 9 2 4 1 650 835 1653 4183 4184 4185
1272 9 2 4 1 810 550 1338 3996 4186 4187
1273 9 2 4 1 343 810 1338 2958 4187 4188
1274 9 2 4 1 524 963 991 4189 3845 3936
1275 9 2 4 1 813 343 1338 2693 4188 4190
1276 9 2 4 1 550 813 1338 1788 4190 4186
1277 9 2 4 1 660 964 984 4191 4192 2022
1278 9 2 4 1 964 329 984 2381 1920 4192
1279 9 2 4 1 457 905 1278 4193 4194 1882
1280 9 2 4 1 610 1244 1738 4195 4196 4197
1281 9 2 4 1 1129 559 1352 4198 4199 1924
1282 9 2 4 1 931 1328 1717 3812 4200 4201
1283 9 2 4 1 814 473 1440 2801 4202 4137
1284 9 2 4 1 1071 563 1074 4203 4204 3525
1285 9 2 4 1 562 1072 1073 4205 3529 4206
1286 9 2 4 1 829 584 1217 3608 4207 4208
1287 9 2 4 1 474 829 1217 2969 4208 4209
1288 9 2 4 1 12 13 928 46 4210 4211
1289 9 2 4 1 1059 708 1607 4212 3958 4213
1290 9 2 4 1 824 615 1381 4022 4214 3412
1291 9 2 4 1 736 1039 1706 2506 4215 4051
1292 9 2 4 1 519 862 1383 4159 4216 4217
1293 9 2 4 1 438 917 1731 3535 4218 2524
1294 9 2 4 1 21 22 1116 55 4219 4220
1295 9 2 4 1 1014 491 1100 3421 3406 4221
1296 9 2 4 1 797 190 1579 2846 4222 4223
1297 9 2 4 1 603 941 1273 4125 4224 4225
1298 9 2 4 1 941 350 1273 4226 3747 4224
1299 9 2 4 1 838 456 1410 3881 4227 4228
1300 9 2 4 1 1002 551 1015 4229 4230 4231
1301 9 2 4 1 611 1122 1357 4232 4233 4073
1302 9 2 4 1 826 1076 1667 3918 4234 3671
1303 9 2 4 1 582 1024 1299 3683 4235 2104
1304 9 2 4 1 709 1139 1347 2354 4236 4237
1305 9 2 4 1 265 266 1029 311 4238 2526
1306 9 2 4 1 345 1246 1602 3489 4239 4240
1307 9 2 4 1 346 963 1651 2861 4241 3793
1308 9 2 4 1 858 971 1501 3704 4242 3880
1309 9 2 4 1 1318 981 1408 4243 4021 4244
1310 9 2 4 1 968 790 1286 3083 3288 4245
1311 9 2 4 1 806 438 1589 3894 2661 3175
1312 9 2 4 1 510 895 1431 2402 4246 3257
1313 9 2 4 1 414 1168 1454 4247 1800 3467
1314 9 2 4 1 792 1168 1262 3503 4248 4249
1315 9 2 4 1 947 418 1681 3816 3018 4250
1316 9 2 4 1 1293 657 1656 4251 4252 4253
1317 9 2 4 1 878 252 1362 3504 4254 3864
1318 9 2 4 1 532 714 1333 3278 4255 4165
1319 9 2 4 1 12 928 1470 4211 4256 4257
1320 9 2 4 1 1179 435 1434 4258 4259 3243
1321 9 2 4 1 437 1105 1453 4260 3848 4261
1322 9 2 4 1 36 914 1462 3710 4262 4263
1323 9 2 4 1 995 385 1333 3439 3545 4264
1324 9 2 4 1 1067 398 1519 4265 4266 2482
1325 9 2 4 1 1116 22 1733 4219 4267 4268
1326 9 2 4 1 776 1132 1713 2953 4025 4269
1327 9 2 4 1 178 179 973 210 4270 4271
1328 9 2 4 1 240 241 1005 286 3706 4272
1329 9 2 4 1 832 449 1157 2836 3685 3471
1330 9 2 4 1 753 551 1722 4119 4273 4274
1331 9 2 4 1 332 1014 1390 3038 4275 4276
1332 9 2 4 1 1163 606 1396 3628 4277 4278
1333 9 2 4 1 463 820 1276 4139 4279 2792
1334 9 2 4 1 680 1162 1179 4280 4281 3242
1335 9 2 4 1 527 853 1220 4282 4283 4065
1336 9 2 4 1 990 653 1325 4284 4285 4286
1337 9 2 4 1 871 397 1593 2297 4287 4288
1338 9 2 4 1 469 938 1290 4289 4290 4291
1339 9 2 4 1 1145 534 1413 4292 4293 4294
1340 9 2 4 1 980 1467 1665 4056 4295 4296
1341 9 2 4 1 929 427 1428 2262 2775 4297
1342 9 2 4 1 908 394 1412 4149 2455 3941
1343 9 2 4 1 1261 424 1411 2244 4298 4299
1344 9 2 4 1 140 828 1673 3765 3015 4300
1345 9 2 4 1 827 81 1672 3762 4301 3007
1346 9 2 4 1 481 1130 1369 3261 4302 4303
1347 9 2 4 1 749 1517 1518 4304 3635 4305
1348 9 2 4 1 26 1104 1403 3797 4306 3813
1349 9 2 4 1 951 75 1457 3814 4307 4308
1350 9 2 4 1 484 779 1496 2997 4309 3254
1351 9 2 4 1 681 917 1330 4310 3548 4311
1352 9 2 4 1 146 952 1458 3822 4312 4313
1353 9 2 4 1 894 463 1337 2055 4132 3113
1354 9 2 4 1 675 888 1027 2586 4314 4315
1355 9 2 4 1 777 436 1442 4316 4317 4318
1356 9 2 4 1 1007 534 1332 4319 4320 4321
1357 9 2 4 1 1080 403 1629 4322 4323 4324
1358 9 2 4 1 758 465 1174 2003 4325 4326
1359 9 2 4 1 693 1145 1413 4327 4294 4328
1360 9 2 4 1 190 191 1579 222 4329 4222
1361 9 2 4 1 1010 444 1577 3582 4330 4331
1362 9 2 4 1 741 1010 1577 4332 4331 4333
1363 9 2 4 1 603 993 1224 4334 4335 4126
1364 9 2 4 1 993 447 1224 4336 2985 4335
1365 9 2 4 1 881 384 1268 4337 4338 4339
1366 9 2 4 1 568 881 1268 4340 4339 4341
1367 9 2 4 1 452 868 1170 4103 4342 2485
1368 9 2 4 1 868 540 1170 2024 4343 4342
1369 9 2 4 1 436 1012 1246 4344 4345 4346
1370 9 2 4 1 778 600 1524 2677 4347 4348
1371 9 2 4 1 660 1330 1740 4349 3641 4350
1372 9 2 4 1 375 974 1623 4351 4352 4353
1373 9 2 4 1 887 649 1457 4354 4355 4356
1374 9 2 4 1 648 886 1458 4357 4358 4359
1375 9 2 4 1 403 1357 1629 4360 4361 4323
1376 9 2 4 1 957 199 1641 4362 4363 4364
1377 9 2 4 1 1290 938 1508 4290 4365 4366
1378 9 2 4 1 536 828 1176 3833 3767 3456
1379 9 2 4 1 827 535 1177 4367 3455 3763
1380 9 2 4 1 469 831 1567 2058 4368 4369
1381 9 2 4 1 585 934 1053 2336 3344 3774
1382 9 2 4 1 919 761 1334 3660 3151 4370
1383 9 2 4 1 782 1272 1578 4371 4372 3699
1384 9 2 4 1 341 1120 1162 4180 4373 4374
1385 9 2 4 1 1101 753 1478 4120 4375 3877
1386 9 2 4 1 34 855 1131 3204 4376 4377
1387 9 2 4 1 852 374 1725 3919 4378 4379
1388 9 2 4 1 932 467 1445 4380 4381 3390
1389 9 2 4 1 1193 859 1585 2963 4382 4383
1390 9 2 4 1 1156 524 1646 4384 4054 4385
1391 9 2 4 1 837 1156 1646 4110 4385 4386
1392 9 2 4 1 892 526 1750 4387 3770 4388
1393 9 2 4 1 768 1047 1544 2369 4130 4389
1394 9 2 4 1 529 987 1113 3138 2447 2396
1395 9 2 4 1 15 16 1169 49 4390 4391
1396 9 2 4 1 835 535 1232 3453 4392 4393
1397 9 2 4 1 822 1179 1213 4394 3463 4395
1398 9 2 4 1 198 199 957 230 4362 4396
1399 9 2 4 1 896 8 1389 3589 4397 4398
1400 9 2 4 1 909 275 1313 4399 4400 4401
1401 9 2 4 1 185 186 1110 217 2568 4402
1402 9 2 4 1 1060 415 1068 4403 4042 4404
1403 9 2 4 1 505 1038 1089 1916 4405 2520
1404 9 2 4 1 604 846 1494 4406 3841 4407
1405 9 2 4 1 951 649 1245 4408 4409 4410
1406 9 2 4 1 897 653 1608 2574 4411 4412
1407 9 2 4 1 561 892 1516 3951 4413 3911
1408 9 2 4 1 854 686 1720 2456 4414 4415
1409 9 2 4 1 336 854 1720 4416 4415 4060
1410 9 2 4 1 1216 705 1530 3508 4018 4417
1411 9 2 4 1 710 1297 1531 2095 3397 4418
1412 9 2 4 1 818 565 1191 4419 3745 3348
1413 9 2 4 1 928 594 1470 4420 4421 4256
1414 9 2 4 1 606 896 1389 3627 4398 2465
1415 9 2 4 1 1198 364 1714 2155 4422 4423
1416 9 2 4 1 919 625 1488 2932 4424 4425
1417 9 2 4 1 967 514 1024 3687 4426 3682
1418 9 2 4 1 952 580 1275 4427 4428 4429
1419 9 2 4 1 1250 574 1285 1981 4430 4431
1420 9 2 4 1 340 850 1161 1959 3078 2765
1421 9 2 4 1 804 488 1469 2552 3369 4432
1422 9 2 4 1 914 632 1462 4433 4116 4262
1423 9 2 4 1 689 920 1319 4434 2041 3240
1424 9 2 4 1 1143 356 1211 4032 4003 3649
1425 9 2 4 1 256 257 998 302 4435 2187
1426 9 2 4 1 659 1151 1424 4436 1892 4437
1427 9 2 4 1 936 1065 1708 3727 4438 4439
1428 9 2 4 1 469 893 1113 4440 2874 2446
1429 9 2 4 1 671 1055 1336 1782 4441 4442
1430 9 2 4 1 1055 418 1336 3148 3928 4441
1431 9 2 4 1 1124 728 1411 2664 4443 4444
1432 9 2 4 1 262 891 1128 2912 4445 4446
1433 9 2 4 1 827 477 1351 2469 3501 4447
1434 9 2 4 1 852 642 1570 4448 4449 4450
1435 9 2 4 1 181 958 1660 4451 4452 4453
1436 9 2 4 1 833 383 1253 2566 4454 2891
1437 9 2 4 1 340 988 1130 2062 4455 3875
1438 9 2 4 1 868 1329 1452 4105 4456 4457
1439 9 2 4 1 751 946 1625 2560 3615 2995
1440 9 2 4 1 649 887 1658 4354 4458 4459
1441 9 2 4 1 886 648 1659 4357 4460 4461
1442 9 2 4 1 1000 527 1521 4462 2219 4463
1443 9 2 4 1 728 1261 1411 4464 4299 4443
1444 9 2 4 1 420 1187 1703 4465 3183 4466
1445 9 2 4 1 462 840 1231 3889 1855 4467
1446 9 2 4 1 566 924 1418 4468 4469 4470
1447 9 2 4 1 957 454 1612 2883 4471 4472
1448 9 2 4 1 1552 597 1623 4473 4474 4475
1449 9 2 4 1 736 456 1587 4050 3882 4476
1450 9 2 4 1 554 849 1002 4477 3519 4478
1451 9 2 4 1 729 577 1199 4479 3834 3230
1452 9 2 4 1 915 337 1321 2077 4480 4481
1453 9 2 4 1 595 915 1321 4482 4481 4483
1454 9 2 4 1 872 542 1144 3693 4484 3917
1455 9 2 4 1 514 986 1355 3722 4485 4486
1456 9 2 4 1 916 500 1322 3023 2514 4487
1457 9 2 4 1 663 1022 1093 4488 4489 3205
1458 9 2 4 1 278 279 1004 324 4490 4491
1459 9 2 4 1 823 512 1745 3737 4492 4493
1460 9 2 4 1 1064 700 1391 3819 4494 4495
1461 9 2 4 1 453 1064 1391 4496 4495 2484
1462 9 2 4 1 526 892 1136 4387 4497 2632
1463 9 2 4 1 831 372 1424 3585 4498 1891
1464 9 2 4 1 534 899 1332 4499 4500 4320
1465 9 2 4 1 1177 835 1736 3454 4501 4502
1466 9 2 4 1 836 1176 1739 3457 4503 4504
1467 9 2 4 1 557 789 1748 3297 4505 4506
1468 9 2 4 1 1134 823 1425 3738 4507 3803
1469 9 2 4 1 80 81 1177 106 3764 4508
1470 9 2 4 1 661 957 1641 2884 4364 4509
1471 9 2 4 1 140 141 1176 166 4510 3766
1472 9 2 4 1 511 953 1281 4511 3310 3860
1473 9 2 4 1 806 330 1315 3603 3335 4512
1474 9 2 4 1 831 571 1567 1837 4513 4368
1475 9 2 4 1 862 461 1383 2178 2409 4216
1476 9 2 4 1 886 145 1458 3597 4514 4358
1477 9 2 4 1 76 887 1457 3600 4356 4515
1478 9 2 4 1 837 559 1686 4516 4517 4518
1479 9 2 4 1 1104 629 1181 4519 3418 4520
1480 9 2 4 1 586 1104 1181 4521 4520 4522
1481 9 2 4 1 388 955 1316 4523 4524 4525
1482 9 2 4 1 955 616 1316 4526 4527 4524
1483 9 2 4 1 974 758 1623 2004 4528 4352
1484 9 2 4 1 380 1213 1466 1998 4529 4530
1485 9 2 4 1 413 1240 1353 4531 4069 4532
1486 9 2 4 1 843 485 1236 1808 2033 4533
1487 9 2 4 1 541 846 1696 2923 4534 4535
1488 9 2 4 1 1021 517 1571 2064 4146 4536
1489 9 2 4 1 624 1072 1229 4537 4538 3654
1490 9 2 4 1 1072 562 1229 4205 4064 4538
1491 9 2 4 1 382 1093 1468 3206 4539 4540
1492 9 2 4 1 1071 623 1230 4541 3653 4542
1493 9 2 4 1 563 1071 1230 4203 4542 1935
1494 9 2 4 1 906 471 1537 2578 4543 4544
1495 9 2 4 1 765 903 1648 2431 4545 4546
1496 9 2 4 1 904 765 1649 2432 4547 4548
1497 9 2 4 1 774 1279 1336 3647 4549 4550
1498 9 2 4 1 1279 671 1336 4551 4442 4549
1499 9 2 4 1 1235 707 1605 4552 4107 4038
1500 9 2 4 1 860 366 1697 2831 3470 2100
1501 9 2 4 1 870 497 1190 3551 4553 4554
1502 9 2 4 1 612 870 1190 4154 4554 4555
1503 9 2 4 1 631 842 1710 3485 4556 4557
1504 9 2 4 1 1037 786 1368 4558 4559 3114
1505 9 2 4 1 535 827 1351 4367 4447 3352
1506 9 2 4 1 14 15 1069 48 4560 4561
1507 9 2 4 1 431 797 1307 4562 4563 3575
1508 9 2 4 1 593 918 1099 4564 4565 4566
1509 9 2 4 1 342 938 1238 4567 4568 4569
1510 9 2 4 1 938 571 1238 4570 3871 4568
1511 9 2 4 1 1221 607 1367 4571 4572 3926
1512 9 2 4 1 941 531 1133 4573 3431 4574
1513 9 2 4 1 646 942 1366 4575 4576 4577
1514 9 2 4 1 342 1040 1501 4578 2167 4579
1515 9 2 4 1 1008 514 1355 4580 4486 4581
1516 9 2 4 1 747 882 1250 2856 4582 4583
1517 9 2 4 1 197 198 1062 229 4584 4585
1518 9 2 4 1 853 527 1339 4282 4586 4587
1519 9 2 4 1 644 1379 1506 4588 4589 4590
1520 9 2 4 1 399 900 1226 4062 4591 4592
1521 9 2 4 1 900 550 1226 4593 3998 4591
1522 9 2 4 1 592 1539 1559 3858 4594 4595
1523 9 2 4 1 538 845 1377 3883 4596 4597
1524 9 2 4 1 417 1174 1258 4598 4599 2667
1525 9 2 4 1 846 604 1507 4406 4600 4601
1526 9 2 4 1 804 351 1569 2972 4602 3720
1527 9 2 4 1 509 1091 1484 4603 3971 4604
1528 9 2 4 1 918 593 1398 4564 3622 4605
1529 9 2 4 1 396 918 1398 3002 4605 4606
1530 9 2 4 1 550 900 1639 4593 3277 4607
1531 9 2 4 1 180 181 1660 212 4453 4608
1532 9 2 4 1 856 481 1227 2762 2701 2493
1533 9 2 4 1 884 460 1120 2241 4609 4179
1534 9 2 4 1 971 480 1436 3703 2230 3533
1535 9 2 4 1 905 547 1215 4610 4611 4612
1536 9 2 4 1 344 905 1215 4613 4612 3783
1537 9 2 4 1 402 874 1645 3345 4614 4615
1538 9 2 4 1 866 352 1200 3725 1901 4616
1539 9 2 4 1 726 885 1227 2053 2545 2700
1540 9 2 4 1 855 458 1488 3592 4617 4618
1541 9 2 4 1 788 1025 1184 3327 4619 3355
1542 9 2 4 1 642 852 1630 4448 4620 4621
1543 9 2 4 1 852 466 1630 3972 4622 4620
1544 9 2 4 1 539 780 1520 4623 4624 4625
1545 9 2 4 1 1222 703 1410 3424 4626 3336
1546 9 2 4 1 530 840 1309 2424 3891 4627
1547 9 2 4 1 559 837 1646 4516 4386 4628
1548 9 2 4 1 1179 822 1549 4394 3777 4629
1549 9 2 4 1 867 421 1685 3554 4630 4631
1550 9 2 4 1 796 654 1663 4152 4632 4633
1551 9 2 4 1 389 837 1421 4108 4634 3827
1552 9 2 4 1 435 1179 1549 4258 4629 4635
1553 9 2 4 1 1244 725 1738 4636 4637 4196
1554 9 2 4 1 345 821 1676 2139 4638 4639
1555 9 2 4 1 873 490 1317 3448 4640 4641
1556 9 2 4 1 569 873 1317 4089 4641 4046
1557 9 2 4 1 17 18 1562 51 4642 4643
1558 9 2 4 1 30 31 1095 64 4644 3422
1559 9 2 4 1 942 646 1506 4575 4645 4646
1560 9 2 4 1 1278 905 1718 4194 4647 4648
1561 9 2 4 1 1023 520 1027 2620 4649 4650
1562 9 2 4 1 1385 892 1750 4651 4388 4652
1563 9 2 4 1 889 631 1550 2685 4653 4654
1564 9 2 4 1 444 889 1550 3581 4654 4655
1565 9 2 4 1 1127 686 1299 3691 1834 4656
1566 9 2 4 1 408 1127 1299 4657 4656 4658
1567 9 2 4 1 901 484 1512 3047 4659 3844
1568 9 2 4 1 996 513 1056 4660 1861 3110
1569 9 2 4 1 188 189 1209 220 4661 4040
1570 9 2 4 1 1611 847 1654 4662 4663 4095
1571 9 2 4 1 836 651 1311 4664 3607 2080
1572 9 2 4 1 865 139 1673 2915 4665 3014
1573 9 2 4 1 82 864 1672 2910 3008 4666
1574 9 2 4 1 1037 435 1549 4667 4635 4668
1575 9 2 4 1 203 845 1359 3185 4669 4670
1576 9 2 4 1 649 951 1457 4408 4308 4355
1577 9 2 4 1 924 566 1397 4468 4671 4672
1578 9 2 4 1 268 857 1241 2517 2699 4673
1579 9 2 4 1 952 648 1458 4674 4359 4312
1580 9 2 4 1 720 1068 1371 3304 4044 4675
1581 9 2 4 1 587 859 1090 4676 4677 2089
1582 9 2 4 1 728 1074 1261 2637 4678 4464
1583 9 2 4 1 1374 386 1381 4679 4680 4681
1584 9 2 4 1 1073 727 1260 2634 4682 4683
1585 9 2 4 1 954 487 1323 2842 4684 4685
1586 9 2 4 1 985 627 1231 2066 4686 1832
1587 9 2 4 1 1260 727 1294 4682 3801 4687
1588 9 2 4 1 423 1260 1294 4688 4687 4689
1589 9 2 4 1 876 472 1286 2961 4690 4691
1590 9 2 4 1 555 876 1286 4692 4691 3287
1591 9 2 4 1 560 896 1163 4693 3629 4694
1592 9 2 4 1 531 1011 1046 4695 4163 3430
1593 9 2 4 1 738 1492 1651 1915 3794 4696
1594 9 2 4 1 1105 684 1554 4697 1927 4698
1595 9 2 4 1 841 462 1472 3905 4176 4699
1596 9 2 4 1 515 843 1504 1811 3983 3968
1597 9 2 4 1 1196 716 1557 2092 4027 4008
1598 9 2 4 1 489 909 1287 3934 4700 4701
1599 9 2 4 1 909 570 1287 4702 4703 4700
1600 9 2 4 1 557 1032 1033 4122 2709 4704
1601 9 2 4 1 1184 771 1717 3306 4705 4706
1602 9 2 4 1 1028 331 1480 4707 4708 4709
1603 9 2 4 1 835 650 1327 4183 4710 4711
1604 9 2 4 1 651 836 1326 4664 4712 4713
1605 9 2 4 1 686 872 1720 3690 4061 4414
1606 9 2 4 1 89 876 1669 4714 4715 4716
1607 9 2 4 1 877 132 1668 4717 4718 4719
1608 9 2 4 1 780 539 1349 4623 4720 3909
1609 9 2 4 1 385 1009 1135 4111 4721 3543
1610 9 2 4 1 942 766 1366 2736 4722 4576
1611 9 2 4 1 851 603 1273 4723 4225 4724
1612 9 2 4 1 1004 683 1615 3865 4725 4726
1613 9 2 4 1 412 1396 1404 4727 4168 4728
1614 9 2 4 1 458 919 1488 3663 4425 4617
1615 9 2 4 1 888 347 1027 2521 4729 4314
1616 9 2 4 1 778 630 1312 3795 4730 3728
1617 9 2 4 1 853 357 1220 3711 4731 4283
1618 9 2 4 1 1325 653 1405 4285 2120 4732
1619 9 2 4 1 1446 635 1526 3050 3199 2920
1620 9 2 4 1 441 1007 1332 4733 4321 4734
1621 9 2 4 1 554 1002 1015 4478 4231 3361
1622 9 2 4 1 557 1033 1382 4704 4735 3298
1623 9 2 4 1 825 1116 1733 4098 4268 4736
1624 9 2 4 1 845 204 1377 3184 4737 4596
1625 9 2 4 1 542 1127 1510 3694 4738 3076
1626 9 2 4 1 1290 618 1435 4739 4740 2313
1627 9 2 4 1 766 1267 1366 2715 4741 4722
1628 9 2 4 1 1267 362 1366 3366 4742 4741
1629 9 2 4 1 845 558 1359 3415 4743 4669
1630 9 2 4 1 882 348 1250 1910 2047 4582
1631 9 2 4 1 1083 633 1387 3067 4744 4745
1632 9 2 4 1 490 1003 1695 3449 4746 4747
1633 9 2 4 1 494 1069 1169 3932 4748 4749
1634 9 2 4 1 970 476 1679 4750 3379 4751
1635 9 2 4 1 725 970 1679 4752 4751 4753
1636 9 2 4 1 1014 639 1390 4754 4755 4275
1637 9 2 4 1 923 383 1401 4756 2202 4115
1638 9 2 4 1 629 906 1537 4117 4544 3419
1639 9 2 4 1 747 1250 1285 4583 4431 4757
1640 9 2 4 1 375 834 1598 3994 4758 4759
1641 9 2 4 1 144 886 1182 3598 4760 4761
1642 9 2 4 1 876 89 1341 4714 4762 2962
1643 9 2 4 1 132 877 1343 4717 2965 4763
1644 9 2 4 1 887 77 1183 3599 4764 4765
1645 9 2 4 1 499 1342 1652 4766 4767 4768
1646 9 2 4 1 374 880 1725 4134 4769 4378
1647 9 2 4 1 706 1441 1678 4770 4771 4772
1648 9 2 4 1 596 953 1304 4773 4774 4775
1649 9 2 4 1 953 511 1304 4511 4776 4774
1650 9 2 4 1 33 1131 1249 4777 4778 4779
1651 9 2 4 1 372 862 1266 2531 4161 4780
1652 9 2 4 1 1136 892 1726 4497 3953 4781
1653 9 2 4 1 443 1654 1676 4782 4783 4784
1654 9 2 4 1 850 518 1337 1961 2407 4131
1655 9 2 4 1 347 1566 1614 4785 4786 4787
1656 9 2 4 1 851 409 1509 3798 2356 4788
1657 9 2 4 1 603 851 1509 4723 4788 4789
1658 9 2 4 1 577 729 1535 4479 4790 4791
1659 9 2 4 1 888 433 1125 2585 4792 1852
1660 9 2 4 1 580 1242 1275 4793 4794 4428
1661 9 2 4 1 572 949 1239 4795 3955 2325
1662 9 2 4 1 1022 17 1562 4796 4643 4797
1663 9 2 4 1 780 954 1519 2778 3903 4798
1664 9 2 4 1 542 940 1144 4799 4800 4484
1665 9 2 4 1 940 426 1144 4087 2608 4800
1666 9 2 4 1 480 858 1597 3702 4801 3383
1667 9 2 4 1 779 483 1496 2028 4802 4309
1668 9 2 4 1 1342 851 1652 3799 4803 4767
1669 9 2 4 1 876 555 1669 4692 4804 4715
1670 9 2 4 1 556 877 1668 4805 4719 4806
1671 9 2 4 1 615 1374 1381 4807 4681 4214
1672 9 2 4 1 553 950 1020 2198 3513 4808
1673 9 2 4 1 390 912 1408 4809 4810 4020
1674 9 2 4 1 854 452 1308 4811 3042 2457
1675 9 2 4 1 825 522 1439 4005 3358 4812
1676 9 2 4 1 1013 738 1156 2276 4813 4814
1677 9 2 4 1 186 187 1208 218 4092 2569
1678 9 2 4 1 406 942 1506 4815 4646 4816
1679 9 2 4 1 633 1265 1387 4817 4818 4744
1680 9 2 4 1 939 455 1154 4819 4820 4821
1681 9 2 4 1 350 941 1133 4226 4574 4822
1682 9 2 4 1 982 468 1152 3697 3540 1903
1683 9 2 4 1 995 714 1415 4823 4824 4825
1684 9 2 4 1 452 854 1329 4811 4826 4104
1685 9 2 4 1 930 564 1650 3559 4827 4828
1686 9 2 4 1 595 1321 1345 4483 4079 2183
1687 9 2 4 1 546 950 1168 4829 1798 3502
1688 9 2 4 1 622 1048 1094 4830 3949 2127
1689 9 2 4 1 532 1020 1419 4831 4832 2257
1690 9 2 4 1 941 1224 1689 4127 4833 4834
1691 9 2 4 1 423 1294 1420 4689 3030 4835
1692 9 2 4 1 502 867 1637 4836 4837 4838
1693 9 2 4 1 275 276 1313 321 4839 4400
1694 9 2 4 1 1007 441 1616 4733 4840 4841
1695 9 2 4 1 568 898 1324 3923 4842 4843
1696 9 2 4 1 898 355 1324 4844 4845 4842
1697 9 2 4 1 861 701 1522 3162 4846 4155
1698 9 2 4 1 403 1080 1254 4322 4847 3081
1699 9 2 4 1 1173 819 1643 4848 4849 4850
1700 9 2 4 1 672 1173 1643 4851 4850 4852
1701 9 2 4 1 1009 698 1454 2158 4002 4035
1702 9 2 4 1 687 1464 1476 4853 3219 4854
1703 9 2 4 1 584 922 1318 4855 4856 4857
1704 9 2 4 1 922 502 1318 4011 4858 4856
1705 9 2 4 1 445 933 1696 2573 4859 4860
1706 9 2 4 1 465 825 1439 4097 4812 4861
1707 9 2 4 1 250 251 1346 296 4862 2460
1708 9 2 4 1 1240 492 1661 3408 4863 4864
1709 9 2 4 1 370 924 1397 4865 4672 2214
1710 9 2 4 1 854 336 1422 4416 4866 4867
1711 9 2 4 1 517 985 1558 2063 4868 3730
1712 9 2 4 1 1057 665 1595 3541 4869 4870
1713 9 2 4 1 33 34 1131 67 4377 4777
1714 9 2 4 1 554 1589 1603 3176 4871 4872
1715 9 2 4 1 198 957 1062 4396 4873 4584
1716 9 2 4 1 643 860 1538 2828 4874 4875
1717 9 2 4 1 1034 349 1320 2466 4876 4877
1718 9 2 4 1 1022 504 1093 4878 3916 4489
1719 9 2 4 1 1084 573 1085 4057 4879 4880
1720 9 2 4 1 254 255 1108 300 3591 3601
1721 9 2 4 1 860 481 1369 2099 4303 4881
1722 9 2 4 1 843 1236 1751 4533 4882 4075
1723 9 2 4 1 387 920 1584 2411 4883 4884
1724 9 2 4 1 903 96 1648 3073 4885 4545
1725 9 2 4 1 125 904 1649 3072 4548 4886
1726 9 2 4 1 1186 647 1576 2564 2480 4887
1727 9 2 4 1 249 250 1172 295 2450 4888
1728 9 2 4 1 685 958 1353 4889 4890 4068
1729 9 2 4 1 858 621 1438 3879 2645 4891
1730 9 2 4 1 1223 644 1506 4892 4590 4893
1731 9 2 4 1 1225 528 1514 4894 2529 4895
1732 9 2 4 1 787 1225 1514 3805 4895 2647
1733 9 2 4 1 85 86 1073 111 2635 3528
1734 9 2 4 1 135 136 1074 161 3526 2636
1735 9 2 4 1 867 502 1557 4836 4009 3555
1736 9 2 4 1 935 545 1483 4896 3246 4897
1737 9 2 4 1 979 396 1691 4059 4898 4899
1738 9 2 4 1 514 1008 1694 4580 3719 4900
1739 9 2 4 1 279 280 1202 325 4901 4902
1740 9 2 4 1 1139 351 1347 2627 2973 4236
1741 9 2 4 1 384 881 1494 4337 4903 3840
1742 9 2 4 1 143 144 1182 169 4761 4904
1743 9 2 4 1 77 78 1183 103 4905 4764
1744 9 2 4 1 468 778 1524 3696 4348 4906
1745 9 2 4 1 798 504 1482 3914 4907 4908
1746 9 2 4 1 202 203 1359 234 4670 4909
1747 9 2 4 1 597 1038 1623 4910 4911 4474
1748 9 2 4 1 1185 746 1741 2239 3965 4912
1749 9 2 4 1 690 927 1564 2812 4913 4914
1750 9 2 4 1 880 497 1642 3159 4915 4916
1751 9 2 4 1 349 1171 1709 2468 4917 3988
1752 9 2 4 1 797 431 1233 4562 4918 4919
1753 9 2 4 1 431 902 1233 2725 4920 4918
1754 9 2 4 1 383 923 1511 4756 4921 4922
1755 9 2 4 1 912 390 1285 4809 4923 4924
1756 9 2 4 1 447 1380 1384 4925 4926 3499
1757 9 2 4 1 1380 809 1384 4927 4928 4926
1758 9 2 4 1 983 478 1153 4929 3832 4930
1759 9 2 4 1 764 983 1153 2904 4930 3398
1760 9 2 4 1 968 472 1503 4931 4932 3579
1761 9 2 4 1 932 604 1393 2075 4933 4934
1762 9 2 4 1 467 932 1393 4380 4934 4935
1763 9 2 4 1 193 899 1145 3999 4936 4937
1764 9 2 4 1 512 1134 1282 3739 4938 4939
1765 9 2 4 1 280 281 1743 326 4940 4941
1766 9 2 4 1 1062 957 1612 4873 4472 4942
1767 9 2 4 1 508 917 1340 3546 3537 4943
1768 9 2 4 1 388 868 1452 2200 4457 4944
1769 9 2 4 1 143 1182 1326 4904 4945 4946
1770 9 2 4 1 1183 78 1327 4905 4947 4948
1771 9 2 4 1 556 1124 1411 4949 4444 4950
1772 9 2 4 1 684 1105 1345 4697 4951 4078
1773 9 2 4 1 398 999 1520 2149 4952 4953
1774 9 2 4 1 369 1075 1523 3375 4954 4955
1775 9 2 4 1 1075 711 1523 1805 2352 4954
1776 9 2 4 1 1002 432 1722 3518 4956 4957
1777 9 2 4 1 912 474 1217 4958 4209 4959
1778 9 2 4 1 1315 508 1340 4083 4943 4960
1779 9 2 4 1 178 973 1437 4271 4961 4962
1780 9 2 4 1 772 1088 1474 2931 4963 3180
1781 9 2 4 1 578 954 1323 3902 4685 4964
1782 9 2 4 1 389 1013 1156 3940 4814 4109
1783 9 2 4 1 817 433 1400 2205 3189 3269
1784 9 2 4 1 641 1300 1642 3234 4965 4966
1785 9 2 4 1 1300 880 1642 4967 4916 4965
1786 9 2 4 1 1081 475 1600 3274 4968 4969
1787 9 2 4 1 664 1205 1628 2306 4970 4971
1788 9 2 4 1 1205 816 1628 4972 4973 4970
1789 9 2 4 1 538 1078 1644 4974 4975 4976
1790 9 2 4 1 1394 634 1555 4977 4978 3010
1791 9 2 4 1 847 345 1676 3487 4639 4979
1792 9 2 4 1 1379 644 1402 4588 4980 4981
1793 9 2 4 1 722 925 1197 2224 2395 2651
1794 9 2 4 1 535 942 1232 2737 4982 4392
1795 9 2 4 1 243 922 1292 2914 4983 4984
1796 9 2 4 1 204 205 1377 236 4985 4737
1797 9 2 4 1 958 569 1353 4986 4987 4890
1798 9 2 4 1 657 1270 1656 4988 4989 4252
1799 9 2 4 1 1075 582 1308 3377 2105 3041
1800 9 2 4 1 706 1087 1441 4990 4991 4770
1801 9 2 4 1 893 469 1290 4440 4291 2312
1802 9 2 4 1 245 246 1201 291 4992 2537
1803 9 2 4 1 523 1060 1106 3887 4993 4994
1804 9 2 4 1 1654 847 1676 4663 4979 4783
1805 9 2 4 1 808 1379 1402 4995 4981 4996
1806 9 2 4 1 905 457 1314 4193 4997 4998
1807 9 2 4 1 1178 391 1435 4999 2380 5000
1808 9 2 4 1 740 1178 1435 3063 5000 5001
1809 9 2 4 1 1097 538 1644 3867 4976 5002
1810 9 2 4 1 908 512 1282 2951 4939 5003
1811 9 2 4 1 975 498 1570 3553 5004 5005
1812 9 2 4 1 1156 738 1651 4813 4696 5006
1813 9 2 4 1 1059 386 1374 5007 4679 5008
1814 9 2 4 1 189 1086 1209 3389 5009 4661
1815 9 2 4 1 768 1448 1590 5010 5011 3892
1816 9 2 4 1 450 1158 1594 3321 5012 5013
1817 9 2 4 1 497 934 1190 3343 3000 4553
1818 9 2 4 1 639 1014 1100 4754 4221 5014
1819 9 2 4 1 886 476 1601 5015 5016 5017
1820 9 2 4 1 1131 625 1249 5018 3898 4778
1821 9 2 4 1 977 394 1541 5019 4151 3885
1822 9 2 4 1 998 257 1449 4435 5020 5021
1823 9 2 4 1 858 1568 1597 5022 5023 4801
1824 9 2 4 1 475 887 1600 5024 5025 4968
1825 9 2 4 1 474 912 1534 4958 5026 3740
1826 9 2 4 1 922 584 1292 4855 3609 4983
1827 9 2 4 1 859 587 1585 4676 5027 4382
1828 9 2 4 1 251 878 1346 3505 2255 4862
1829 9 2 4 1 988 576 1130 3300 5028 4455
1830 9 2 4 1 373 950 1430 3511 5029 3122
1831 9 2 4 1 875 609 1547 2323 5030 5031
1832 9 2 4 1 436 777 1636 4316 5032 5033
1833 9 2 4 1 1155 501 1271 5034 2871 5035
1834 9 2 4 1 1633 808 1687 3506 5036 5037
1835 9 2 4 1 905 344 1718 4613 5038 4647
1836 9 2 4 1 505 871 1593 2519 4288 2935
1837 9 2 4 1 1018 666 1699 2702 5039 5040
1838 9 2 4 1 6 7 1388 40 5041 5042
1839 9 2 4 1 1539 866 1559 3726 5043 4594
1840 9 2 4 1 467 875 1445 2321 5044 4381
1841 9 2 4 1 841 1693 1704 5045 5046 5047
1842 9 2 4 1 195 196 1148 227 5048 3259
1843 9 2 4 1 440 1184 1717 3356 4706 5049
1844 9 2 4 1 823 673 1425 5050 5051 4507
1845 9 2 4 1 540 916 1322 2862 4487 5052
1846 9 2 4 1 192 193 1145 224 4937 5053
1847 9 2 4 1 1068 334 1650 3303 5054 5055
1848 9 2 4 1 1568 628 1597 5056 5057 5023
1849 9 2 4 1 881 467 1393 3587 4935 5058
1850 9 2 4 1 899 534 1145 4499 4292 4936
1851 9 2 4 1 261 262 1128 307 4446 5059
1852 9 2 4 1 1213 583 1466 3462 5060 4529
1853 9 2 4 1 1302 341 1525 5061 5062 5063
1854 9 2 4 1 881 568 1548 4340 5064 3588
1855 9 2 4 1 891 462 1528 4174 5065 5066
1856 9 2 4 1 365 968 1583 3084 3643 3962
1857 9 2 4 1 574 912 1285 5067 4924 4430
1858 9 2 4 1 1009 553 1135 4034 5068 4721
1859 9 2 4 1 861 566 1418 4113 4470 2228
1860 9 2 4 1 1169 16 1586 4390 5069 5070
1861 9 2 4 1 473 877 1440 2964 5071 4202
1862 9 2 4 1 342 971 1508 5072 3780 5073
1863 9 2 4 1 1036 539 1533 5074 5075 5076
1864 9 2 4 1 1566 777 1614 5077 5078 4786
1865 9 2 4 1 958 181 1289 4451 5079 5080
1866 9 2 4 1 1204 543 1478 2438 5081 5082
1867 9 2 4 1 933 541 1696 3393 4535 4859
1868 9 2 4 1 757 441 1332 3437 4734 5083
1869 9 2 4 1 1129 350 1133 1923 4822 5084
1870 9 2 4 1 591 1129 1133 5085 5084 3386
1871 9 2 4 1 378 935 1483 1840 4897 3667
1872 9 2 4 1 547 905 1314 4610 4998 1866
1873 9 2 4 1 916 346 1252 2859 5086 3024
1874 9 2 4 1 537 902 1114 5087 3749 5088
1875 9 2 4 1 247 248 1118 293 5089 5090
1876 9 2 4 1 1320 349 1726 4876 5091 5092
1877 9 2 4 1 688 928 1715 4135 5093 5094
1878 9 2 4 1 630 786 1312 5095 4049 4730
1879 9 2 4 1 839 367 1551 3341 2162 5096
1880 9 2 4 1 890 259 1571 2653 5097 4145
1881 9 2 4 1 1074 563 1261 4204 2246 4678
1882 9 2 4 1 562 1073 1260 4206 4683 2967
1883 9 2 4 1 896 560 1388 4693 5098 5099
1884 9 2 4 1 558 1019 1645 3417 5100 5101
1885 9 2 4 1 1019 538 1237 3884 3869 5102
1886 9 2 4 1 998 1449 1640 5021 5103 5104
1887 9 2 4 1 970 651 1601 3605 5105 5106
1888 9 2 4 1 1101 368 1382 3876 3404 5107
1889 9 2 4 1 640 891 1599 4177 3096 5108
1890 9 2 4 1 879 442 1591 2441 3249 3153
1891 9 2 4 1 907 381 1701 1825 3388 3980
1892 9 2 4 1 1204 753 1722 5109 4274 5110
1893 9 2 4 1 1175 678 1612 3370 5111 5112
1894 9 2 4 1 1157 767 1396 3684 4166 5113
1895 9 2 4 1 479 878 1546 2254 4031 5114
1896 9 2 4 1 7 896 1388 3590 5099 5041
1897 9 2 4 1 893 391 1547 2379 5115 5116
1898 9 2 4 1 609 893 1547 2873 5116 5030
1899 9 2 4 1 956 339 990 3870 5117 3317
1900 9 2 4 1 533 839 1551 3458 5096 5118
1901 9 2 4 1 179 180 1417 211 5119 5120
1902 9 2 4 1 278 1004 1615 4491 4726 5121
1903 9 2 4 1 276 1006 1313 4148 5122 4839
1904 9 2 4 1 877 556 1440 4805 4138 5071
1905 9 2 4 1 904 642 1630 4012 4621 5123
1906 9 2 4 1 466 904 1630 2433 5123 4622
1907 9 2 4 1 657 1293 1664 4251 5124 5125
1908 9 2 4 1 411 1050 1643 5126 5127 5128
1909 9 2 4 1 814 1061 1532 3365 5129 5130
1910 9 2 4 1 962 336 1427 5131 2035 5132
1911 9 2 4 1 617 962 1427 3432 5132 5133
1912 9 2 4 1 1269 755 1617 5134 5135 3123
1913 9 2 4 1 1090 859 1569 4677 3721 5136
1914 9 2 4 1 205 1078 1377 2473 5137 4985
1915 9 2 4 1 355 898 1386 4844 2672 1963
1916 9 2 4 1 334 930 1650 5138 4828 5054
1917 9 2 4 1 87 88 1123 113 5139 2662
1918 9 2 4 1 133 134 1124 159 2665 5140
1919 9 2 4 1 835 1232 1653 4393 5141 4184
1920 9 2 4 1 1235 592 1365 3857 5142 5143
1921 9 2 4 1 846 1507 1696 4601 5144 4534
1922 9 2 4 1 597 1415 1480 5145 5146 5147
1923 9 2 4 1 752 1198 1714 5148 4423 2515
1924 9 2 4 1 1067 719 1256 1863 2942 5149
1925 9 2 4 1 1245 649 1749 4409 5150 5151
1926 9 2 4 1 594 928 1500 4420 4136 5152
1927 9 2 4 1 777 1442 1745 4318 5153 5154
1928 9 2 4 1 1016 677 1242 3986 2497 5155
1929 9 2 4 1 942 406 1232 4815 5156 4982
1930 9 2 4 1 1234 202 1359 3143 4909 5157
1931 9 2 4 1 1198 752 1317 5148 4048 5158
1932 9 2 4 1 490 1198 1317 2908 5158 4640
1933 9 2 4 1 275 909 1698 4399 5159 5160
1934 9 2 4 1 1067 594 1500 5161 5152 5162
1935 9 2 4 1 565 818 1459 4419 5163 2488
1936 9 2 4 1 1174 694 1258 5164 2045 4599
1937 9 2 4 1 404 1216 1530 5165 4417 5166
1938 9 2 4 1 781 989 1210 2979 5167 3707
1939 9 2 4 1 447 993 1380 4336 5168 4925
1940 9 2 4 1 993 614 1380 3129 5169 5168
1941 9 2 4 1 281 1150 1743 5170 5171 4940
1942 9 2 4 1 1024 408 1299 2659 4658 4235
1943 9 2 4 1 1031 566 1455 5172 5173 5174
1944 9 2 4 1 674 1203 1268 5175 5176 5177
1945 9 2 4 1 1203 568 1268 3924 4341 5176
1946 9 2 4 1 457 926 1314 2284 2443 4997
1947 9 2 4 1 570 909 1313 4702 4401 5178
1948 9 2 4 1 798 468 1524 5179 4906 5180
1949 9 2 4 1 470 863 1560 3630 4100 2392
1950 9 2 4 1 632 914 1291 4433 3638 5181
1951 9 2 4 1 1001 544 1257 2833 5182 5183
1952 9 2 4 1 1145 693 1747 4327 5184 5185
1953 9 2 4 1 986 419 1355 1932 5186 4485
1954 9 2 4 1 705 1040 1238 5187 5188 4017
1955 9 2 4 1 991 388 1166 2201 5189 3937
1956 9 2 4 1 921 379 1335 3556 2328 3280
1957 9 2 4 1 1041 594 1256 5190 5191 3426
1958 9 2 4 1 333 822 1590 3776 5192 5193
1959 9 2 4 1 476 886 1659 5015 4461 2683
1960 9 2 4 1 441 1155 1616 5194 5195 4840
1961 9 2 4 1 887 475 1658 5024 5196 4458
1962 9 2 4 1 786 630 1368 5095 5197 4559
1963 9 2 4 1 239 240 1563 285 5198 5199
1964 9 2 4 1 1300 852 1725 3973 4379 5200
1965 9 2 4 1 940 542 1259 4799 3217 5201
1966 9 2 4 1 1149 825 1733 4006 4736 5202
1967 9 2 4 1 849 554 1603 4477 4872 5203
1968 9 2 4 1 468 798 1482 5179 4908 3942
1969 9 2 4 1 1098 593 1099 5204 4566 2367
1970 9 2 4 1 618 1290 1508 4739 4366 3779
1971 9 2 4 1 508 792 1262 4082 4249 3984
1972 9 2 4 1 335 972 1744 3059 3187 5205
1973 9 2 4 1 743 1239 1742 2326 5206 5207
1974 9 2 4 1 703 838 1410 3385 4228 4626
1975 9 2 4 1 950 546 1430 4829 5208 5029
1976 9 2 4 1 1012 699 1246 4140 5209 4345
1977 9 2 4 1 455 939 1678 4819 5210 5211
1978 9 2 4 1 1247 721 1414 5212 5213 2043
1979 9 2 4 1 1093 798 1468 3915 5214 4539
1980 9 2 4 1 1006 683 1194 5215 3091 5216
1981 9 2 4 1 366 1305 1532 2832 5217 2613
1982 9 2 4 1 1305 814 1532 2802 5130 5217
1983 9 2 4 1 347 1023 1027 5218 4650 4729
1984 9 2 4 1 407 1138 1311 5219 2109 3744
1985 9 2 4 1 1205 725 1679 5220 4753 5221
1986 9 2 4 1 1154 335 1627 2925 5222 5223
1987 9 2 4 1 1032 335 1744 3618 5205 5224
1988 9 2 4 1 634 943 1555 2640 5225 4978
1989 9 2 4 1 943 507 1555 1850 5226 5225
1990 9 2 4 1 260 261 1513 306 5227 5228
1991 9 2 4 1 616 913 1352 2749 2136 5229
1992 9 2 4 1 654 1307 1413 3576 5230 5231
1993 9 2 4 1 403 919 1334 3080 4370 5232
1994 9 2 4 1 810 1018 1226 3571 5233 3997
1995 9 2 4 1 1064 453 1203 4496 3922 5234
1996 9 2 4 1 674 1064 1203 2250 5234 5175
1997 9 2 4 1 689 1034 1320 2171 4877 3838
1998 9 2 4 1 1293 791 1664 2852 5235 5124
1999 9 2 4 1 1355 419 1481 5186 5236 5237
2000 9 2 4 1 970 725 1244 4752 4636 5238
2001 9 2 4 1 497 976 1642 3552 5239 4915
2002 9 2 4 1 708 1059 1374 4212 5008 5240
2003 9 2 4 1 687 986 1301 1933 3723 5241
2004 9 2 4 1 1174 465 1439 4325 4861 5242
2005 9 2 4 1 1168 414 1262 4247 5243 4248
2006 9 2 4 1 1020 373 1419 3512 5244 4832
2007 9 2 4 1 775 1220 1375 4066 5245 5246
2008 9 2 4 1 390 978 1712 2501 5247 5248
2009 9 2 4 1 1021 260 1513 5249 5228 5250
2010 9 2 4 1 992 393 1303 5251 5252 5253
2011 9 2 4 1 18 949 1562 3323 5254 4642
2012 9 2 4 1 581 951 1245 5255 4410 3754
2013 9 2 4 1 892 1385 1516 4651 5256 4413
2014 9 2 4 1 1385 405 1516 4033 3465 5256
2015 9 2 4 1 714 995 1333 4823 4264 4255
2016 9 2 4 1 37 38 1426 71 5257 5258
2017 9 2 4 1 1693 731 1704 5259 5260 5046
2018 9 2 4 1 962 605 1422 5261 5262 5263
2019 9 2 4 1 336 962 1422 5131 5263 4866
2020 9 2 4 1 949 504 1562 5264 5265 5254
2021 9 2 4 1 1507 445 1696 5266 4860 5144
2022 9 2 4 1 432 1204 1722 3093 5110 4956
2023 9 2 4 1 1056 709 1685 1860 5267 5268
2024 9 2 4 1 1111 550 1639 1789 4607 5269
2025 9 2 4 1 247 1118 1443 5090 5270 5271
2026 9 2 4 1 139 140 1673 165 4300 4665
2027 9 2 4 1 81 82 1672 107 4666 4301
2028 9 2 4 1 1140 6 1388 2720 5042 5272
2029 9 2 4 1 359 802 1432 3572 5273 5274
2030 9 2 4 1 1266 519 1517 4160 3633 5275
2031 9 2 4 1 1683 966 1702 5276 5277 5278
2032 9 2 4 1 395 937 1568 2681 5279 5280
2033 9 2 4 1 937 628 1568 3164 5056 5279
2034 9 2 4 1 707 1235 1365 4552 5143 2688
2035 9 2 4 1 914 37 1426 3709 5258 5281
2036 9 2 4 1 472 911 1503 2901 5282 4932
2037 9 2 4 1 476 970 1601 4750 5106 5016
2038 9 2 4 1 910 473 1565 2900 3331 5283
2039 9 2 4 1 883 341 1302 3771 5061 5284
2040 9 2 4 1 1011 531 1212 4695 5285 5286
2041 9 2 4 1 1050 411 1749 5126 5287 5288
2042 9 2 4 1 88 89 1669 114 4716 5289
2043 9 2 4 1 132 133 1668 158 5290 4718
2044 9 2 4 1 1324 355 1572 4845 5291 5292
2045 9 2 4 1 581 914 1426 3636 5281 5293
2046 9 2 4 1 181 182 1289 213 3272 5079
2047 9 2 4 1 559 1166 1316 5294 5295 5296
2048 9 2 4 1 1287 570 1605 4703 5297 4106
2049 9 2 4 1 19 20 1239 53 5298 3954
2050 9 2 4 1 533 1051 1441 5299 5300 5301
2051 9 2 4 1 407 970 1244 3743 5238 5302
2052 9 2 4 1 972 691 1634 3058 5303 5304
2053 9 2 4 1 575 1084 1085 3674 4880 1786
2054 9 2 4 1 1329 605 1452 5305 5306 4456
2055 9 2 4 1 1304 979 1691 5307 4899 5308
2056 9 2 4 1 605 955 1452 5309 5310 5306
2057 9 2 4 1 955 388 1452 4523 4944 5310
2058 9 2 4 1 1418 924 1654 4469 5311 5312
2059 9 2 4 1 913 499 1652 2746 4768 4142
2060 9 2 4 1 519 1383 1746 4217 5313 5314
2061 9 2 4 1 197 1062 1295 4585 5315 5316
2062 9 2 4 1 818 501 1723 3625 5317 5318
2063 9 2 4 1 339 1349 1608 3910 5319 5320
2064 9 2 4 1 570 1006 1194 5321 5216 5322
2065 9 2 4 1 1589 796 1603 2452 5323 4871
2066 9 2 4 1 915 595 1666 4482 5324 5325
2067 9 2 4 1 576 1035 1243 3302 5326 5327
2068 9 2 4 1 1035 393 1243 5328 5329 5326
2069 9 2 4 1 524 1156 1651 4384 5006 5330
2070 9 2 4 1 1141 404 1592 5331 5332 5333
2071 9 2 4 1 460 815 1619 1936 5334 5335
2072 9 2 4 1 1118 248 1647 5089 5336 3224
2073 9 2 4 1 454 948 1175 2425 5337 5338
2074 9 2 4 1 1307 693 1413 5339 4328 5230
2075 9 2 4 1 496 1036 1214 5340 5341 5342
2076 9 2 4 1 1065 762 1708 3155 1872 4438
2077 9 2 4 1 1151 659 1310 4436 5343 5344
2078 9 2 4 1 404 1151 1310 5345 5344 5346
2079 9 2 4 1 564 1060 1068 5347 4404 5348
2080 9 2 4 1 1025 522 1184 2899 3307 4619
2081 9 2 4 1 335 1096 1627 3620 5349 5222
2082 9 2 4 1 999 539 1520 5350 4625 4952
2083 9 2 4 1 642 975 1570 5351 5005 4449
2084 9 2 4 1 713 1278 1718 5352 4648 5353
2085 9 2 4 1 1148 196 1295 5048 5354 3340
2086 9 2 4 1 1004 279 1202 4490 4902 3679
2087 9 2 4 1 648 952 1275 4674 4429 5355
2088 9 2 4 1 147 148 1486 173 5356 5357
2089 9 2 4 1 1020 532 1135 4831 4164 5358
2090 9 2 4 1 73 74 1487 99 5359 5360
2091 9 2 4 1 1008 713 1718 5361 5353 5362
2092 9 2 4 1 344 1008 1718 1770 5362 5038
2093 9 2 4 1 1141 599 1216 5363 4072 5364
2094 9 2 4 1 404 1141 1216 5331 5364 5165
2095 9 2 4 1 924 370 1425 4865 3804 5365
2096 9 2 4 1 695 1302 1525 5366 5063 5367
2097 9 2 4 1 1234 558 1378 5368 5369 5370
2098 9 2 4 1 386 1058 1381 5371 5372 4680
2099 9 2 4 1 976 94 1450 3750 5373 5374
2100 9 2 4 1 127 975 1451 3748 5375 5376
2101 9 2 4 1 912 574 1534 5067 3046 5026
2102 9 2 4 1 928 13 1715 4210 5377 5093
2103 9 2 4 1 270 953 1306 2845 5378 5379
2104 9 2 4 1 1097 239 1563 5380 5199 5381
2105 9 2 4 1 1349 539 1543 4720 5382 5383
2106 9 2 4 1 604 915 1507 2074 5384 4600
2107 9 2 4 1 400 966 1683 3651 5276 5385
2108 9 2 4 1 600 1468 1524 5386 5387 4347
2109 9 2 4 1 267 268 1241 313 4673 3611
2110 9 2 4 1 1058 386 1367 5371 3927 5388
2111 9 2 4 1 874 662 1465 3806 3209 5389
2112 9 2 4 1 920 689 1584 4434 3839 4883
2113 9 2 4 1 652 1110 1277 5390 5391 4172
2114 9 2 4 1 1110 614 1277 3201 3130 5391
2115 9 2 4 1 1182 651 1326 5392 4713 4945
2116 9 2 4 1 569 958 1289 4986 5080 4090
2117 9 2 4 1 650 1183 1327 5393 4948 4710
2118 9 2 4 1 1147 345 1602 3623 4240 5394
2119 9 2 4 1 1132 546 1363 5395 3106 2949
2120 9 2 4 1 372 987 1561 3586 3714 2532
2121 9 2 4 1 1006 277 1615 4147 5396 5397
2122 9 2 4 1 921 507 1625 2281 2996 3557
2123 9 2 4 1 1378 558 1645 5369 5101 5398
2124 9 2 4 1 559 1316 1352 5296 5399 4199
2125 9 2 4 1 1069 15 1169 4560 4391 4748
2126 9 2 4 1 1297 479 1344 2094 3856 5400
2127 9 2 4 1 744 1297 1344 2414 5400 5401
2128 9 2 4 1 402 1019 1237 5402 5102 5403
2129 9 2 4 1 874 1378 1645 5404 5398 4614
2130 9 2 4 1 16 17 1586 50 5405 5069
2131 9 2 4 1 1120 583 1162 5406 5407 4373
2132 9 2 4 1 714 1028 1480 3279 4709 5408
2133 9 2 4 1 417 995 1415 2666 4825 5409
2134 9 2 4 1 1171 736 1587 3262 4476 5410
2135 9 2 4 1 566 1146 1455 4114 5411 5173
2136 9 2 4 1 1040 705 1635 5187 3510 5412
2137 9 2 4 1 506 1040 1635 4169 5412 5413
2138 9 2 4 1 377 1000 1521 1843 4463 3006
2139 9 2 4 1 902 537 1233 5087 5414 4920
2140 9 2 4 1 783 1324 1572 5415 5292 2896
2141 9 2 4 1 397 1368 1593 3115 5416 4287
2142 9 2 4 1 571 938 1567 4570 5417 4513
2143 9 2 4 1 953 596 1306 4773 3223 5378
2144 9 2 4 1 1245 411 1291 5418 5419 3755
2145 9 2 4 1 683 1006 1615 5215 5397 4725
2146 9 2 4 1 439 1011 1719 4162 5420 2490
2147 9 2 4 1 1011 681 1719 5421 5422 5420
2148 9 2 4 1 1448 333 1590 2385 5193 5011
2149 9 2 4 1 428 1033 1713 3617 3476 4024
2150 9 2 4 1 521 929 1428 2357 4297 4128
2151 9 2 4 1 266 267 1609 312 3632 5423
2152 9 2 4 1 586 931 1403 3810 3677 5424
2153 9 2 4 1 89 90 1341 115 4181 4762
2154 9 2 4 1 131 132 1343 157 4763 4182
2155 9 2 4 1 758 1552 1623 5425 4475 4528
2156 9 2 4 1 472 968 1286 4931 4245 4690
2157 9 2 4 1 1254 1080 1657 4847 5426 5427
2158 9 2 4 1 566 1031 1397 5172 2810 4671
2159 9 2 4 1 1121 769 1447 3238 3542 5428
2160 9 2 4 1 273 274 1626 319 5429 5430
2161 9 2 4 1 786 1037 1549 4558 4668 3108
2162 9 2 4 1 1018 399 1226 5431 4592 5233
2163 9 2 4 1 365 925 1526 2394 2921 3200
2164 9 2 4 1 866 487 1559 5432 2922 5043
2165 9 2 4 1 969 489 1287 5433 4701 4028
2166 9 2 4 1 272 273 1279 318 5434 3646
2167 9 2 4 1 641 976 1450 5435 5374 4014
2168 9 2 4 1 975 642 1451 5351 4013 5375
2169 9 2 4 1 989 662 1210 5436 3807 5167
2170 9 2 4 1 755 1269 1467 5134 5437 5438
2171 9 2 4 1 1269 617 1467 3433 5439 5437
2172 9 2 4 1 386 1059 1221 5007 5440 3925
2173 9 2 4 1 1117 599 1141 5441 5363 5442
2174 9 2 4 1 548 1117 1141 2658 5442 5443
2175 9 2 4 1 672 1633 1687 5444 5037 5445
2176 9 2 4 1 749 1274 1592 5446 5447 5448
2177 9 2 4 1 572 834 1730 5449 5450 5451
2178 9 2 4 1 1437 973 1631 4961 5452 5453
2179 9 2 4 1 967 369 1301 3373 5454 3688
2180 9 2 4 1 551 1002 1722 4229 4957 4273
2181 9 2 4 1 1468 798 1524 5214 5180 5387
2182 9 2 4 1 1499 754 1515 5455 2002 5456
2183 9 2 4 1 619 940 1473 4084 5457 2739
2184 9 2 4 1 1137 852 1570 3920 4450 5458
2185 9 2 4 1 1033 690 1382 3616 5459 4735
2186 9 2 4 1 196 197 1295 228 5316 5354
2187 9 2 4 1 809 1209 1384 4041 5460 4928
2188 9 2 4 1 673 823 1442 5050 5461 5462
2189 9 2 4 1 816 1205 1679 4972 5221 3378
2190 9 2 4 1 1038 597 1089 4910 5463 4405
2191 9 2 4 1 25 931 1536 3675 5464 5465
2192 9 2 4 1 274 1030 1626 5466 5467 5429
2193 9 2 4 1 240 1005 1563 4272 5468 5198
2194 9 2 4 1 361 936 1708 3490 4439 2353
2195 9 2 4 1 899 757 1332 3087 5083 4500
2196 9 2 4 1 981 502 1637 5469 4838 5470
2197 9 2 4 1 572 974 1598 2512 5471 5472
2198 9 2 4 1 917 681 1432 4310 5473 5474
2199 9 2 4 1 1464 369 1523 5475 4955 5476
2200 9 2 4 1 844 1464 1523 3169 5476 3342
2201 9 2 4 1 974 375 1598 4351 4759 5471
2202 9 2 4 1 392 1001 1257 2340 5183 5477
2203 9 2 4 1 1134 638 1282 5478 5479 4938
2204 9 2 4 1 425 994 1741 5480 5481 3964
2205 9 2 4 1 419 1082 1481 3308 5482 5236
2206 9 2 4 1 1082 670 1481 5483 5484 5482
2207 9 2 4 1 97 3 1580 123 5485 5486
2208 9 2 4 1 3 124 1580 149 5487 5485
2209 9 2 4 1 1012 436 1636 4344 5033 5488
2210 9 2 4 1 494 1169 1711 4749 5489 5490
2211 9 2 4 1 580 1016 1242 5491 5155 4793
2212 9 2 4 1 1023 347 1614 5218 4787 5492
2213 9 2 4 1 434 1057 1595 3118 4870 5493
2214 9 2 4 1 938 342 1508 4567 5073 4365
2215 9 2 4 1 511 979 1304 3294 5307 4776
2216 9 2 4 1 464 853 1339 3567 4587 2980
2217 9 2 4 1 1163 412 1491 5494 5495 5496
2218 9 2 4 1 1054 549 1248 3266 3005 3946
2219 9 2 4 1 531 941 1689 4573 4834 5497
2220 9 2 4 1 471 937 1537 3167 2436 4543
2221 9 2 4 1 32 33 1249 66 4779 5498
2222 9 2 4 1 404 1310 1592 5346 5499 5332
2223 9 2 4 1 259 260 1571 305 5500 5097
2224 9 2 4 1 875 1547 1620 5031 5501 5502
2225 9 2 4 1 1040 342 1238 4578 4569 5188
2226 9 2 4 1 592 1070 1365 5503 5504 5142
2227 9 2 4 1 948 523 1728 2590 5505 5506
2228 9 2 4 1 569 1165 1353 4045 5507 4987
2229 9 2 4 1 938 469 1567 4289 4369 5417
2230 9 2 4 1 14 1069 1715 4561 5508 5509
2231 9 2 4 1 897 1349 1543 5510 5383 5511
2232 9 2 4 1 1048 662 1613 3207 5512 5513
2233 9 2 4 1 1079 730 1253 2728 2000 5514
2234 9 2 4 1 383 1079 1253 5515 5514 4454
2235 9 2 4 1 594 1067 1256 5161 5149 5191
2236 9 2 4 1 11 12 1470 45 4257 5516
2237 9 2 4 1 260 1021 1571 5249 4536 5500
2238 9 2 4 1 1192 443 1676 3213 4784 5517
2239 9 2 4 1 1109 756 1737 3824 2712 5518
2240 9 2 4 1 955 605 1529 5309 5519 5520
2241 9 2 4 1 539 1036 1543 5074 5521 5382
2242 9 2 4 1 351 1090 1569 3196 5136 4602
2243 9 2 4 1 985 387 1558 1831 5522 4868
2244 9 2 4 1 504 949 1730 5264 5523 5524
2245 9 2 4 1 1069 688 1715 3931 5094 5508
2246 9 2 4 1 1036 382 1214 5525 5526 5341
2247 9 2 4 1 636 1076 1252 5527 3268 5528
2248 9 2 4 1 1061 723 1532 2615 2770 5129
2249 9 2 4 1 1102 543 1512 5529 3786 5530
2250 9 2 4 1 731 1126 1143 5531 5532 3648
2251 9 2 4 1 959 396 1398 5533 4606 1894
2252 9 2 4 1 1137 498 1705 5534 5535 5536
2253 9 2 4 1 760 1137 1705 2994 5536 5537
2254 9 2 4 1 1327 79 1736 5538 5539 5540
2255 9 2 4 1 1547 391 1620 5115 5541 5501
2256 9 2 4 1 502 981 1318 5469 4243 4858
2257 9 2 4 1 400 1044 1515 5542 5543 2001
2258 9 2 4 1 1044 655 1515 3612 5544 5543
2259 9 2 4 1 142 1326 1739 5545 5546 5547
2260 9 2 4 1 380 1107 1405 5548 5549 2119
2261 9 2 4 1 693 1307 1579 5339 5550 5551
2262 9 2 4 1 78 79 1327 104 5538 4947
2263 9 2 4 1 142 143 1326 168 4946 5545
2264 9 2 4 1 1006 570 1313 5321 5178 5122
2265 9 2 4 1 460 1107 1466 5552 5553 5554
2266 9 2 4 1 944 394 1498 2454 5555 2226
2267 9 2 4 1 353 1293 1656 2719 4253 5556
2268 9 2 4 1 912 1217 1408 4959 5557 4810
2269 9 2 4 1 1052 343 1248 3760 3947 3400
2270 9 2 4 1 1003 184 1495 3788 5558 5559
2271 9 2 4 1 422 1331 1463 1820 5560 5561
2272 9 2 4 1 1187 420 1265 4465 2019 5562
2273 9 2 4 1 633 1187 1265 2273 5562 4817
2274 9 2 4 1 464 990 1325 3318 4286 3568
2275 9 2 4 1 1225 724 1497 2669 5563 5564
2276 9 2 4 1 528 1225 1497 4894 5564 5565
2277 9 2 4 1 1274 548 1592 2868 5566 5447
2278 9 2 4 1 74 951 1487 3815 5567 5359
2279 9 2 4 1 952 147 1486 3821 5357 5568
2280 9 2 4 1 1140 560 1677 5569 5570 5571
2281 9 2 4 1 1415 714 1480 4824 5408 5146
2282 9 2 4 1 652 1003 1495 5572 5559 5573
2283 9 2 4 1 1059 608 1221 5574 5575 5440
2284 9 2 4 1 753 1204 1478 5109 5082 4375
2285 9 2 4 1 667 1683 1702 2296 5278 5576
2286 9 2 4 1 412 1163 1396 5494 4278 4727
2287 9 2 4 1 1360 645 1404 5577 5578 5579
2288 9 2 4 1 951 581 1487 5255 5580 5567
2289 9 2 4 1 580 952 1486 4427 5568 5581
2290 9 2 4 1 1378 874 1465 5404 5389 3680
2291 9 2 4 1 573 947 1681 3295 4250 5582
2292 9 2 4 1 947 511 1542 3292 3862 3817
2293 9 2 4 1 1026 677 1631 2495 5583 5584
2294 9 2 4 1 492 1026 1631 5585 5584 5586
2295 9 2 4 1 555 1123 1669 4124 5587 4804
2296 9 2 4 1 20 21 1742 54 5588 5589
2297 9 2 4 1 1124 556 1668 4949 4806 5590
2298 9 2 4 1 560 1150 1677 5591 5592 5570
2299 9 2 4 1 537 1114 1384 5088 3500 5593
2300 9 2 4 1 414 964 1740 3466 5594 5595
2301 9 2 4 1 923 675 1511 4004 5596 4921
2302 9 2 4 1 1536 931 1717 5464 4201 5597
2303 9 2 4 1 1209 537 1384 5598 5593 5460
2304 9 2 4 1 191 192 1747 223 5599 5600
2305 9 2 4 1 767 1360 1404 5601 5579 4167
2306 9 2 4 1 1050 672 1643 5602 4852 5127
2307 9 2 4 1 908 1282 1541 5003 5603 4150
2308 9 2 4 1 930 334 1576 5138 5604 2479
2309 9 2 4 1 199 200 1641 231 5605 4363
2310 9 2 4 1 527 1000 1339 4462 2827 4586
2311 9 2 4 1 1058 510 1381 2403 3413 5372
2312 9 2 4 1 1120 460 1466 4609 5554 5606
2313 9 2 4 1 959 596 1691 2272 5607 5608
2314 9 2 4 1 13 14 1715 47 5509 5377
2315 9 2 4 1 767 1103 1360 2818 5609 5601
2316 9 2 4 1 771 1536 1717 2858 5597 4705
2317 9 2 4 1 424 1061 1411 2616 5610 4298
2318 9 2 4 1 638 1134 1502 5478 5611 5612
2319 9 2 4 1 994 425 1622 5480 4153 5613
2320 9 2 4 1 435 1037 1535 4667 5614 5615
2321 9 2 4 1 960 519 1746 4101 5314 2398
2322 9 2 4 1 1247 598 1463 1772 5616 5617
2323 9 2 4 1 721 1247 1463 5212 5617 5618
2324 9 2 4 1 415 1060 1596 4403 3888 5619
2325 9 2 4 1 1354 640 1364 5620 5621 5622
2326 9 2 4 1 737 1354 1364 5623 5622 2013
2327 9 2 4 1 758 1174 1552 4326 5624 5425
2328 9 2 4 1 616 955 1594 4526 5625 5626
2329 9 2 4 1 960 329 1518 1918 5627 4102
2330 9 2 4 1 939 1012 1678 4141 5628 5210
2331 9 2 4 1 1095 31 1727 4644 5629 3944
2332 9 2 4 1 269 270 1306 315 5379 2508
2333 9 2 4 1 1051 533 1551 5299 5118 2161
2334 9 2 4 1 38 1189 1426 3104 5630 5257
2335 9 2 4 1 1162 583 1179 5407 3461 4281
2336 9 2 4 1 393 1582 1692 5631 5632 5633
2337 9 2 4 1 242 243 1292 288 4984 3380
2338 9 2 4 1 1070 377 1365 1844 2691 5504
2339 9 2 4 1 396 959 1691 5533 5608 4898
2340 9 2 4 1 664 1026 1604 5634 5635 3085
2341 9 2 4 1 1026 492 1604 5585 3410 5635
2342 9 2 4 1 1280 590 1744 5636 5637 3186
2343 9 2 4 1 175 176 1556 207 5638 5639
2344 9 2 4 1 1220 357 1375 4731 5640 5245
2345 9 2 4 1 608 1180 1221 5641 5642 5575
2346 9 2 4 1 973 179 1417 4270 5120 5643
2347 9 2 4 1 713 1355 1481 5644 5237 5645
2348 9 2 4 1 605 962 1529 5261 4081 5519
2349 9 2 4 1 446 1031 1455 2604 5174 3850
2350 9 2 4 1 1055 489 1707 1781 5646 5647
2351 9 2 4 1 1131 855 1488 4376 4618 5648
2352 9 2 4 1 663 1169 1586 5649 5070 5650
2353 9 2 4 1 958 685 1660 4889 5651 4452
2354 9 2 4 1 347 1087 1566 2522 5652 4785
2355 9 2 4 1 1116 743 1742 4015 5207 5653
2356 9 2 4 1 1582 910 1692 3990 5654 5632
2357 9 2 4 1 545 935 1560 4896 2393 4099
2358 9 2 4 1 1028 608 1607 2375 5655 5656
2359 9 2 4 1 1078 538 1377 4974 4597 5137
2360 9 2 4 1 1126 545 1143 3285 3452 5532
2361 9 2 4 1 21 1116 1742 4220 5653 5588
2362 9 2 4 1 1194 427 1605 2773 4039 5657
2363 9 2 4 1 1581 392 1671 2991 5658 5659
2364 9 2 4 1 330 1015 1624 3604 5660 5661
2365 9 2 4 1 360 1007 1616 5662 4841 4000
2366 9 2 4 1 764 1138 1674 3360 5663 3435
2367 9 2 4 1 977 601 1498 5664 2144 5665
2368 9 2 4 1 394 977 1498 5019 5665 5555
2369 9 2 4 1 1062 678 1295 5666 2249 5315
2370 9 2 4 1 587 1371 1585 5667 5668 5027
2371 9 2 4 1 963 524 1651 4189 5330 4241
2372 9 2 4 1 976 641 1642 5435 4966 5239
2373 9 2 4 1 1060 564 1106 5347 4093 4993
2374 9 2 4 1 835 1327 1736 4711 5540 4501
2375 9 2 4 1 918 575 1471 3673 5669 5670
2376 9 2 4 1 1326 836 1739 4712 4504 5546
2377 9 2 4 1 1122 611 1296 4232 5671 5672
2378 9 2 4 1 422 1122 1296 5673 5672 5674
2379 9 2 4 1 393 1035 1303 5328 2876 5252
2380 9 2 4 1 1180 607 1221 2072 4571 5642
2381 9 2 4 1 1443 1118 1716 5270 5675 5676
2382 9 2 4 1 996 376 1522 2422 4156 5677
2383 9 2 4 1 1249 793 1727 3897 3945 5678
2384 9 2 4 1 553 1020 1135 4808 5358 5068
2385 9 2 4 1 487 866 1323 5432 5679 4684
2386 9 2 4 1 911 1581 1671 3993 5659 5680
2387 9 2 4 1 895 493 1634 2945 5681 5682
2388 9 2 4 1 192 1145 1747 5053 5185 5599
2389 9 2 4 1 331 1028 1607 4707 5656 3957
2390 9 2 4 1 1260 423 1639 4688 5683 3276
2391 9 2 4 1 1019 402 1645 5402 4615 5100
2392 9 2 4 1 687 1301 1464 5241 5684 4853
2393 9 2 4 1 971 342 1501 5072 4579 4242
2394 9 2 4 1 650 1081 1600 5685 4969 5686
2395 9 2 4 1 337 1272 1618 2850 5687 5688
2396 9 2 4 1 1272 782 1618 4371 2865 5687
2397 9 2 4 1 690 1101 1382 5689 5107 5459
2398 9 2 4 1 1125 433 1251 4792 3116 3950
2399 9 2 4 1 1007 360 1218 5662 5690 5691
2400 9 2 4 1 978 1469 1712 5692 5693 5247
2401 9 2 4 1 1086 797 1233 2847 4919 5694
2402 9 2 4 1 571 1151 1530 1839 5695 3872
2403 9 2 4 1 148 1188 1486 3020 5696 5356
2404 9 2 4 1 713 1008 1355 5361 4581 5644
2405 9 2 4 1 1160 402 1237 3666 5403 5697
2406 9 2 4 1 1189 73 1487 3021 5360 5698
2407 9 2 4 1 610 1228 1264 5699 5700 5701
2408 9 2 4 1 559 1129 1686 4198 5702 4517
2409 9 2 4 1 1417 180 1660 5119 4608 5703
2410 9 2 4 1 815 1263 1619 4173 5704 5334
2411 9 2 4 1 1331 721 1463 5705 5618 5560
2412 9 2 4 1 1107 380 1466 5548 4530 5553
2413 9 2 4 1 1103 352 1360 1899 5706 5609
2414 9 2 4 1 1039 430 1621 2505 3057 5707
2415 9 2 4 1 1051 455 1441 5708 5709 5300
2416 9 2 4 1 421 1056 1685 2579 5268 4630
2417 9 2 4 1 544 1161 1276 2768 3079 5710
2418 9 2 4 1 965 399 1699 3656 5711 5712
2419 9 2 4 1 477 965 1700 1956 5713 3900
2420 9 2 4 1 966 478 1702 1948 5714 5277
2421 9 2 4 1 478 983 1702 4929 5715 5714
2422 9 2 4 1 983 667 1702 5716 5576 5715
2423 9 2 4 1 977 479 1546 3855 5114 5717
2424 9 2 4 1 955 1529 1594 5520 5718 5625
2425 9 2 4 1 1134 370 1502 3802 2816 5611
2426 9 2 4 1 403 1334 1357 5232 4074 4360
2427 9 2 4 1 484 1102 1512 2131 5530 4659
2428 9 2 4 1 32 1249 1727 5498 5678 5719
2429 9 2 4 1 1242 410 1275 2558 5720 4794
2430 9 2 4 1 1005 626 1563 5721 5722 5468
2431 9 2 4 1 601 977 1546 5664 5717 4030
2432 9 2 4 1 1088 748 1474 2956 5723 4963
2433 9 2 4 1 410 1026 1628 2557 5724 5725
2434 9 2 4 1 1026 664 1628 5634 4971 5724
2435 9 2 4 1 367 1431 1489 3137 5726 2546
2436 9 2 4 1 725 1205 1738 5220 5727 4637
2437 9 2 4 1 1100 401 1545 3859 5728 5729
2438 9 2 4 1 489 969 1707 5433 2698 5646
2439 9 2 4 1 1349 897 1608 5510 4412 5319
2440 9 2 4 1 252 253 1362 298 1877 4254
2441 9 2 4 1 984 602 1490 1922 3967 2023
2442 9 2 4 1 734 1155 1271 5730 5035 2107
2443 9 2 4 1 706 1012 1636 5731 5488 5732
2444 9 2 4 1 492 973 1661 5733 5734 4863
2445 9 2 4 1 737 1109 1354 2870 5735 5623
2446 9 2 4 1 1109 429 1354 5736 5737 5735
2447 9 2 4 1 1361 410 1628 5738 5725 5739
2448 9 2 4 1 816 1361 1628 2656 5739 4973
2449 9 2 4 1 694 1174 1439 5164 5242 3357
2450 9 2 4 1 534 1007 1218 4319 5691 5740
2451 9 2 4 1 1239 20 1742 5298 5589 5206
2452 9 2 4 1 978 804 1469 2518 4432 5692
2453 9 2 4 1 513 996 1682 4660 5741 5742
2454 9 2 4 1 1022 663 1586 4488 5650 5743
2455 9 2 4 1 669 1283 1453 5744 5745 3847
2456 9 2 4 1 1449 656 1640 3044 5746 5103
2457 9 2 4 1 399 1018 1699 5431 5040 5711
2458 9 2 4 1 973 492 1631 5733 5586 5452
2459 9 2 4 1 1050 475 1633 5747 3507 5748
2460 9 2 4 1 672 1050 1633 5602 5748 5444
2461 9 2 4 1 585 1042 1406 3773 5749 3741
2462 9 2 4 1 1228 619 1264 4085 5750 5700
2463 9 2 4 1 655 1499 1515 5751 5456 5544
2464 9 2 4 1 22 23 1733 56 5752 4267
2465 9 2 4 1 635 1111 1420 3049 5753 3751
2466 9 2 4 1 1111 423 1420 5754 4835 5753
2467 9 2 4 1 626 1160 1237 5755 5697 4158
2468 9 2 4 1 8 9 1389 42 1817 4397
2469 9 2 4 1 354 1283 1288 5756 5757 1795
2470 9 2 4 1 1283 669 1288 5744 5758 5757
2471 9 2 4 1 993 603 1509 4334 4789 2355
2472 9 2 4 1 746 1234 1378 2365 5370 2928
2473 9 2 4 1 1036 496 1543 5340 5759 5521
2474 9 2 4 1 1086 537 1209 5760 5598 5009
2475 9 2 4 1 1016 580 1556 5491 5761 5762
2476 9 2 4 1 523 1106 1728 4994 5763 5505
2477 9 2 4 1 1170 540 1322 4343 5052 5764
2478 9 2 4 1 992 613 1582 2790 3991 5765
2479 9 2 4 1 393 992 1582 5251 5765 5631
2480 9 2 4 1 332 1017 1573 3157 5766 3933
2481 9 2 4 1 983 363 1735 2903 3853 5767
2482 9 2 4 1 1456 444 1550 5768 4655 3790
2483 9 2 4 1 589 981 1637 2500 5470 5769
2484 9 2 4 1 667 983 1735 5716 5767 5770
2485 9 2 4 1 1224 745 1689 2984 5771 4833
2486 9 2 4 1 733 980 1665 3034 4296 5772
2487 9 2 4 1 697 980 1680 2881 3035 5773
2488 9 2 4 1 1441 455 1678 5709 5211 4771
2489 9 2 4 1 1201 246 1443 4992 5774 5775
2490 9 2 4 1 1071 137 1460 4070 5776 5777
2491 9 2 4 1 84 1072 1461 4071 5778 5779
2492 9 2 4 1 1529 450 1594 4080 5013 5718
2493 9 2 4 1 1477 599 1575 3837 5780 5781
2494 9 2 4 1 808 1081 1379 3275 5782 4995
2495 9 2 4 1 1081 406 1379 5783 5784 5782
2496 9 2 4 1 499 1195 1342 4010 5785 4766
2497 9 2 4 1 348 1048 1613 3948 5513 3715
2498 9 2 4 1 1491 412 1690 5495 5786 5787
2499 9 2 4 1 1096 557 1748 4123 4506 5788
2500 9 2 4 1 1015 551 1624 4230 5789 5660
2501 9 2 4 1 1246 699 1602 5209 1880 4239
2502 9 2 4 1 704 1055 1707 3146 5647 3028
2503 9 2 4 1 1155 441 1723 5194 5790 5791
2504 9 2 4 1 185 1110 1495 4402 5792 5793
2505 9 2 4 1 682 1201 1443 5794 5775 5795
2506 9 2 4 1 177 178 1437 209 4962 3497
2507 9 2 4 1 27 28 1444 61 3809 5796
2508 9 2 4 1 441 1459 1723 3438 5797 5790
2509 9 2 4 1 357 1085 1375 1884 5798 5640
2510 9 2 4 1 1110 652 1495 5390 5573 5792
2511 9 2 4 1 927 330 1624 5799 5661 5800
2512 9 2 4 1 91 92 1407 117 3759 2189
2513 9 2 4 1 129 130 1409 155 2192 3756
2514 9 2 4 1 1182 886 1601 4760 5017 5801
2515 9 2 4 1 246 247 1443 292 5271 5774
2516 9 2 4 1 887 1183 1600 4765 5802 5025
2517 9 2 4 1 1307 797 1579 4563 4223 5550
2518 9 2 4 1 670 1082 1335 5483 3281 2153
2519 9 2 4 1 35 36 1462 69 4263 3960
2520 9 2 4 1 691 1489 1634 3736 5803 5303
2521 9 2 4 1 257 258 1449 303 2478 5020
2522 9 2 4 1 249 1172 1647 4888 5804 5805
2523 9 2 4 1 579 1325 1405 2983 4732 5806
2524 9 2 4 1 834 572 1598 5449 5472 4758
2525 9 2 4 1 1173 761 1688 3314 3662 5807
2526 9 2 4 1 498 992 1705 2788 5808 5535
2527 9 2 4 1 575 1077 1471 3549 5809 5669
2528 9 2 4 1 1042 516 1406 2602 2125 5749
2529 9 2 4 1 808 1402 1687 4996 5810 5036
2530 9 2 4 1 1027 520 1553 4649 5811 5812
2531 9 2 4 1 1092 412 1404 5813 4728 5814
2532 9 2 4 1 645 1092 1404 2361 5814 5578
2533 9 2 4 1 416 1284 1376 2475 5815 3742
2534 9 2 4 1 1469 747 1712 3368 5816 5693
2535 9 2 4 1 623 1071 1460 4541 5777 3989
2536 9 2 4 1 1072 624 1461 4537 3985 5778
2537 9 2 4 1 1309 841 1704 3906 5047 5817
2538 9 2 4 1 330 927 1363 5799 2950 2755
2539 9 2 4 1 504 1022 1562 4878 4797 5265
2540 9 2 4 1 1099 918 1471 4565 5670 5818
2541 9 2 4 1 1172 732 1647 5819 3225 5804
2542 9 2 4 1 94 95 1450 120 3447 5373
2543 9 2 4 1 126 127 1451 152 5376 3444
2544 9 2 4 1 17 1022 1586 4796 5743 5405
2545 9 2 4 1 483 1627 1748 5820 5821 5822
2546 9 2 4 1 1202 280 1743 4901 4941 5823
2547 9 2 4 1 800 1112 1476 2893 5824 3823
2548 9 2 4 1 1112 687 1476 1965 4854 5824
2549 9 2 4 1 1310 659 1517 5343 5825 5826
2550 9 2 4 1 749 1310 1517 5827 5826 4304
2551 9 2 4 1 964 660 1740 4191 4350 5594
2552 9 2 4 1 676 1150 1491 5828 5829 5830
2553 9 2 4 1 1150 560 1491 5591 5831 5829
2554 9 2 4 1 75 76 1457 101 4515 4307
2555 9 2 4 1 145 146 1458 171 4313 4514
2556 9 2 4 1 137 138 1460 163 3484 5776
2557 9 2 4 1 83 84 1461 109 5779 3481
2558 9 2 4 1 537 1086 1233 5760 5694 5414
2559 9 2 4 1 1089 597 1480 5463 5147 5832
2560 9 2 4 1 184 185 1495 216 5793 5558
2561 9 2 4 1 593 1098 1751 5204 5833 5834
2562 9 2 4 1 362 1474 1675 3181 5835 5836
2563 9 2 4 1 1305 643 1565 2829 5837 3330
2564 9 2 4 1 360 849 1603 3033 5203 5838
2565 9 2 4 1 1219 754 1499 3192 5455 5839
2566 9 2 4 1 1244 610 1264 4195 5701 5840
2567 9 2 4 1 1107 579 1405 5841 5806 5549
2568 9 2 4 1 1278 713 1481 5352 5645 5842
2569 9 2 4 1 670 1278 1481 1830 5842 5484
2570 9 2 4 1 1442 823 1745 5461 4493 5153
2571 9 2 4 1 1061 556 1411 3364 4950 5610
2572 9 2 4 1 681 1011 1655 5421 5843 5844
2573 9 2 4 1 819 1173 1688 4848 5807 5845
2574 9 2 4 1 1010 741 1561 4332 2534 3713
2575 9 2 4 1 1130 576 1369 5028 5846 4302
2576 9 2 4 1 1379 406 1506 5784 4816 4589
2577 9 2 4 1 821 1192 1676 3284 5517 4638
2578 9 2 4 1 509 998 1640 2676 5104 5847
2579 9 2 4 1 1105 437 1345 4260 2264 4951
2580 9 2 4 1 24 25 1536 58 5465 2857
2581 9 2 4 1 1356 610 1738 5848 4197 5849
2582 9 2 4 1 1525 680 1734 5850 5851 5852
2583 9 2 4 1 626 1005 1588 5721 3229 5853
2584 9 2 4 1 994 661 1741 2211 5854 5481
2585 9 2 4 1 493 1058 1367 2946 5388 5855
2586 9 2 4 1 539 999 1533 5350 5856 5075
2587 9 2 4 1 799 1414 1574 1992 5857 2549
2588 9 2 4 1 1414 459 1574 5858 2563 5857
2589 9 2 4 1 507 1017 1555 2282 3011 5226
2590 9 2 4 1 176 1016 1556 3854 5762 5638
2591 9 2 4 1 1057 552 1724 2808 5859 5860
2592 9 2 4 1 949 572 1730 4795 5451 5523
2593 9 2 4 1 627 1021 1513 2067 5250 5861
2594 9 2 4 1 1085 573 1375 4879 5862 5798
2595 9 2 4 1 387 1167 1558 5863 5864 5522
2596 9 2 4 1 1174 417 1552 4598 5865 5624
2597 9 2 4 1 779 1147 1602 2999 5394 1879
2598 9 2 4 1 654 1218 1663 5866 5867 4632
2599 9 2 4 1 579 1107 1619 5841 5868 5869
2600 9 2 4 1 1003 652 1695 5572 5870 4746
2601 9 2 4 1 1218 654 1413 5866 5231 5871
2602 9 2 4 1 1128 891 1528 4445 5066 5872
2603 9 2 4 1 1301 369 1464 5454 5475 5684
2604 9 2 4 1 384 1083 1387 2589 4745 5873
2605 9 2 4 1 1079 383 1511 5515 4922 5874
2606 9 2 4 1 1039 1621 1724 5707 5875 5876
2607 9 2 4 1 606 1157 1396 3472 5113 4277
2608 9 2 4 1 558 1234 1359 5368 5157 4743
2609 9 2 4 1 1017 588 1573 2279 3480 5766
2610 9 2 4 1 238 239 1644 284 5877 5878
2611 9 2 4 1 1066 759 1510 3090 3077 5879
2612 9 2 4 1 408 1066 1510 2150 5879 5880
2613 9 2 4 1 1104 586 1403 4521 5424 4306
2614 9 2 4 1 281 282 1677 327 5881 5882
2615 9 2 4 1 552 1039 1724 5883 5876 5859
2616 9 2 4 1 639 1100 1545 5014 5729 2854
2617 9 2 4 1 1122 598 1357 5884 5885 4233
2618 9 2 4 1 456 1119 1410 5886 3830 4227
2619 9 2 4 1 552 1119 1706 2889 5887 5888
2620 9 2 4 1 1122 422 1463 5673 5561 5889
2621 9 2 4 1 1212 531 1689 5285 5497 5890
2622 9 2 4 1 745 1212 1689 2990 5890 5771
2623 9 2 4 1 1485 820 1583 5891 3963 5892
2624 9 2 4 1 637 1485 1583 5893 5892 3642
2625 9 2 4 1 407 1244 1264 5302 5840 5894
2626 9 2 4 1 512 1023 1614 2952 5492 5895
2627 9 2 4 1 1257 544 1485 5182 5896 5897
2628 9 2 4 1 685 1240 1661 4067 4864 5898
2629 9 2 4 1 509 1484 1632 4604 5899 2763
2630 9 2 4 1 1484 833 1632 2567 3778 5899
2631 9 2 4 1 277 278 1615 323 5121 5396
2632 9 2 4 1 496 897 1543 3521 5511 5759
2633 9 2 4 1 739 1477 1575 3443 5781 3899
2634 9 2 4 1 595 1088 1666 2957 5900 5324
2635 9 2 4 1 1328 440 1717 3516 5049 4200
2636 9 2 4 1 1029 266 1609 4238 5423 2872
2637 9 2 4 1 1037 577 1535 2029 4791 5614
2638 9 2 4 1 673 924 1425 5901 5365 5051
2639 9 2 4 1 248 249 1647 294 5805 5336
2640 9 2 4 1 1160 626 1588 5755 5853 3849
2641 9 2 4 1 1166 388 1316 5189 4525 5295
2642 9 2 4 1 1166 559 1646 5294 4628 4053
2643 9 2 4 1 622 994 1622 2098 5613 5902
2644 9 2 4 1 31 32 1727 65 5719 5629
2645 9 2 4 1 1101 690 1564 5689 4914 5903
2646 9 2 4 1 1298 1036 1533 5904 5076 5905
2647 9 2 4 1 1205 353 1738 2718 5906 5727
2648 9 2 4 1 1371 587 1376 5667 2388 5907
2649 9 2 4 1 1188 175 1556 3094 5639 5908
2650 9 2 4 1 1284 720 1376 2057 5909 5815
2651 9 2 4 1 1107 460 1619 5552 5335 5868
2652 9 2 4 1 1030 671 1626 1779 5910 5467
2653 9 2 4 1 475 1050 1658 5747 5911 5196
2654 9 2 4 1 1050 649 1658 5912 4459 5911
2655 9 2 4 1 429 1109 1737 5736 5518 5913
2656 9 2 4 1 274 275 1698 320 5160 5914
2657 9 2 4 1 674 1268 1387 5177 5915 5916
2658 9 2 4 1 1268 384 1387 4338 5873 5915
2659 9 2 4 1 711 1170 1322 2486 5764 2513
2660 9 2 4 1 1098 378 1751 1841 4076 5833
2661 9 2 4 1 1024 514 1694 4426 4900 2660
2662 9 2 4 1 659 1266 1517 5917 5275 5825
2663 9 2 4 1 448 1270 1348 2880 5918 5919
2664 9 2 4 1 1270 657 1348 4988 5920 5918
2665 9 2 4 1 560 1140 1388 5569 5272 5098
2666 9 2 4 1 732 1172 1531 5819 5921 2510
2667 9 2 4 1 443 1418 1654 3214 5312 4782
2668 9 2 4 1 612 1190 1581 4555 3001 3992
2669 9 2 4 1 96 97 1648 122 5922 4885
2670 9 2 4 1 124 125 1649 150 4886 5923
2671 9 2 4 1 1330 660 1719 4349 2491 5924
2672 9 2 4 1 1030 274 1698 5466 5914 5925
2673 9 2 4 1 1104 27 1444 3796 5796 5926
2674 9 2 4 1 695 1525 1734 5367 5852 5927
2675 9 2 4 1 331 1089 1480 2221 5832 4708
2676 9 2 4 1 1201 682 1429 5794 5928 5929
2677 9 2 4 1 716 1201 1429 2538 5929 4026
2678 9 2 4 1 470 1302 1475 5930 5931 3631
2679 9 2 4 1 629 1104 1444 4519 5926 4118
2680 9 2 4 1 692 1057 1724 3311 5860 5932
2681 9 2 4 1 1138 407 1674 5219 5933 5663
2682 9 2 4 1 1070 592 1559 5503 4595 2917
2683 9 2 4 1 483 939 1627 3132 5934 5820
2684 9 2 4 1 909 1030 1698 3935 5925 5159
2685 9 2 4 1 382 1036 1298 5525 5904 2036
2686 9 2 4 1 79 80 1736 105 5935 5539
2687 9 2 4 1 141 142 1739 167 5547 5936
2688 9 2 4 1 1165 413 1353 3133 4532 5507
2689 9 2 4 1 1392 819 1688 5937 5845 5938
2690 9 2 4 1 458 1392 1688 3594 5938 3664
2691 9 2 4 1 608 1059 1607 5574 4213 5655
2692 9 2 4 1 426 1228 1423 4088 5939 5940
2693 9 2 4 1 675 1027 1553 4315 5812 5941
2694 9 2 4 1 636 1252 1395 5528 5942 5943
2695 9 2 4 1 1044 400 1683 5542 5385 2295
2696 9 2 4 1 1265 674 1387 2251 5916 4818
2697 9 2 4 1 1195 702 1342 2133 2181 5785
2698 9 2 4 1 1316 616 1352 4527 5229 5399
2699 9 2 4 1 744 1344 1502 5401 5944 2815
2700 9 2 4 1 1077 451 1471 3708 5945 5809
2701 9 2 4 1 1275 410 1361 5720 5738 5946
2702 9 2 4 1 648 1275 1361 5355 5946 5947
2703 9 2 4 1 355 1115 1572 2316 5948 5291
2704 9 2 4 1 656 1091 1640 1758 5949 5746
2705 9 2 4 1 1091 509 1640 4603 5847 5949
2706 9 2 4 1 1181 395 1540 2682 3429 5950
2707 9 2 4 1 1041 11 1470 2731 5516 5951
2708 9 2 4 1 620 1178 1578 5952 3027 5953
2709 9 2 4 1 791 1240 1664 3520 5954 5235
2710 9 2 4 1 1240 413 1664 4531 5955 5954
2711 9 2 4 1 662 989 1613 5436 3716 5512
2712 9 2 4 1 700 1350 1394 3820 5956 5957
2713 9 2 4 1 1350 634 1394 5958 4977 5956
2714 9 2 4 1 551 1101 1564 4121 5903 5959
2715 9 2 4 1 649 1050 1749 5912 5288 5150
2716 9 2 4 1 506 1121 1447 3978 5428 4170
2717 9 2 4 1 1288 669 1296 5758 5960 5961
2718 9 2 4 1 1126 731 1693 5531 5259 5962
2719 9 2 4 1 429 1126 1693 5963 5962 5964
2720 9 2 4 1 755 1467 1606 5438 5965 5966
2721 9 2 4 1 543 1102 1478 5529 5967 5081
2722 9 2 4 1 501 1155 1723 5034 5791 5317
2723 9 2 4 1 1087 706 1566 4990 5968 5652
2724 9 2 4 1 598 1122 1463 5884 5889 5616
2725 9 2 4 1 1076 636 1667 5527 5969 4234
2726 9 2 4 1 599 1117 1575 5441 5970 5780
2727 9 2 4 1 1643 819 1732 4849 5971 5972
2728 9 2 4 1 611 1288 1296 1793 5961 5671
2729 9 2 4 1 1395 346 1492 5973 3792 5974
2730 9 2 4 1 742 1395 1492 5975 5974 3644
2731 9 2 4 1 627 1128 1528 5976 5872 5977
2732 9 2 4 1 1038 375 1623 3975 4353 4911
2733 9 2 4 1 1208 809 1380 4091 4927 5978
2734 9 2 4 1 614 1208 1380 3202 5978 5169
2735 9 2 4 1 652 1063 1695 4171 5979 5870
2736 9 2 4 1 1081 650 1653 5685 4185 5980
2737 9 2 4 1 406 1081 1653 5783 5980 5981
2738 9 2 4 1 1119 456 1706 5886 4052 5887
2739 9 2 4 1 1063 490 1695 2907 4747 5979
2740 9 2 4 1 1039 552 1706 5883 5888 4215
2741 9 2 4 1 1276 820 1485 4279 5891 5982
2742 9 2 4 1 544 1276 1485 5710 5982 5896
2743 9 2 4 1 373 1180 1419 2841 5983 5244
2744 9 2 4 1 341 1162 1525 4374 5984 5062
2745 9 2 4 1 866 1200 1323 4616 5985 5679
2746 9 2 4 1 455 1051 1638 5708 5986 5987
2747 9 2 4 1 1146 787 1455 3733 3851 5411
2748 9 2 4 1 881 1393 1494 5058 5988 4903
2749 9 2 4 1 586 1181 1540 4522 5950 5989
2750 9 2 4 1 1564 927 1624 4913 5800 5990
2751 9 2 4 1 1164 513 1682 2679 5742 5991
2752 9 2 4 1 1435 618 1436 4740 3534 5992
2753 9 2 4 1 740 1435 1436 5001 5992 2233
2754 9 2 4 1 653 990 1608 4284 5993 4411
2755 9 2 4 1 584 1318 1408 4857 4244 5994
2756 9 2 4 1 1176 141 1739 4510 5936 4503
2757 9 2 4 1 625 1131 1488 5018 5648 4424
2758 9 2 4 1 80 1177 1736 4508 4502 5935
2759 9 2 4 1 669 1105 1554 3846 4698 5995
2760 9 2 4 1 334 1186 1576 3040 4887 5604
2761 9 2 4 1 1087 533 1441 3401 5301 4991
2762 9 2 4 1 762 1080 1629 3191 4324 1783
2763 9 2 4 1 626 1097 1563 4157 5381 5722
2764 9 2 4 1 239 1097 1644 5380 5002 5877
2765 9 2 4 1 580 1188 1556 5996 5908 5761
2766 9 2 4 1 1456 742 1577 5997 5998 5999
2767 9 2 4 1 1102 368 1478 3460 3878 5967
2768 9 2 4 1 261 1128 1513 5059 6000 5227
2769 9 2 4 1 1252 346 1395 5086 5973 5942
2770 9 2 4 1 1078 238 1644 2458 5878 4975
2771 9 2 4 1 924 673 1654 5901 4096 5311
2772 9 2 4 1 493 972 1634 3119 5304 5681
2773 9 2 4 1 1431 895 1489 4246 6001 5726
2774 9 2 4 1 1080 525 1657 3190 2785 5426
2775 9 2 4 1 1180 608 1419 5641 2258 5983
2776 9 2 4 1 677 1437 1631 3987 5453 5583
2777 9 2 4 1 1127 408 1510 4657 5880 4738
2778 9 2 4 1 1432 681 1655 5473 5844 6002
2779 9 2 4 1 1175 948 1728 5337 5506 6003
2780 9 2 4 1 1118 528 1716 2528 6004 5675
2781 9 2 4 1 1106 371 1728 3969 6005 5763
2782 9 2 4 1 806 1315 1340 4512 4960 3895
2783 9 2 4 1 1474 748 1675 5723 6006 5835
2784 9 2 4 1 567 1251 1709 3718 3117 6007
2785 9 2 4 1 1128 627 1513 5976 5861 6000
2786 9 2 4 1 1364 640 1599 5621 5108 3974
2787 9 2 4 1 999 494 1533 3112 6008 5856
2788 9 2 4 1 1627 1096 1748 5349 5788 5821
2789 9 2 4 1 1012 706 1678 5731 4772 5628
2790 9 2 4 1 655 1215 1499 3782 6009 5751
2791 9 2 4 1 1215 547 1499 4611 6010 6009
2792 9 2 4 1 1115 609 1572 1869 2897 5948
2793 9 2 4 1 1088 445 1666 2930 6011 5900
2794 9 2 4 1 1467 617 1665 5439 6012 4295
2795 9 2 4 1 1117 385 1575 4112 3441 5970
2796 9 2 4 1 1217 584 1408 4207 5994 5557
2797 9 2 4 1 1266 659 1424 5917 4437 6013
2798 9 2 4 1 372 1266 1424 4780 6013 4498
2799 9 2 4 1 1167 387 1584 5863 4884 1971
2800 9 2 4 1 1246 847 1611 3488 4662 6014
2801 9 2 4 1 1223 437 1453 6015 4261 6016
2802 9 2 4 1 644 1223 1453 4892 6016 6017
2803 9 2 4 1 581 1189 1487 6018 5698 5580
2804 9 2 4 1 1188 580 1486 5996 5581 5696
2805 9 2 4 1 407 1264 1674 5894 6019 5933
2806 9 2 4 1 412 1092 1690 5813 2383 5786
2807 9 2 4 1 332 1390 1394 4276 6020 3158
2808 9 2 4 1 1390 700 1394 6021 5957 6020
2809 9 2 4 1 1280 493 1367 3120 5855 6022
2810 9 2 4 1 1189 581 1426 6018 5293 5630
2811 9 2 4 1 1214 600 1544 6023 6024 6025
2812 9 2 4 1 1467 448 1606 4055 6026 5965
2813 9 2 4 1 992 1303 1705 5253 6027 5808
2814 9 2 4 1 1434 435 1535 4259 5615 6028
2815 9 2 4 1 1214 382 1468 5526 4540 6029
2816 9 2 4 1 23 1149 1733 3904 5202 5752
2817 9 2 4 1 560 1163 1491 4694 5496 5831
2818 9 2 4 1 1178 620 1620 5952 6030 6031
2819 9 2 4 1 648 1361 1659 5947 2684 4460
2820 9 2 4 1 939 1154 1627 4821 5223 5934
2821 9 2 4 1 631 1142 1550 6032 3791 4653
2822 9 2 4 1 1228 610 1423 5699 6033 5939
2823 9 2 4 1 1545 401 1710 5728 6034 6035
2824 9 2 4 1 842 1545 1710 2290 6035 4556
2825 9 2 4 1 1360 352 1479 5706 2598 6036
2826 9 2 4 1 423 1111 1639 5754 5269 5683
2827 9 2 4 1 628 1255 1597 3493 3384 5057
2828 9 2 4 1 858 1438 1568 4891 6037 5022
2829 9 2 4 1 498 1137 1570 5534 5458 5004
2830 9 2 4 1 1151 404 1530 5345 5166 5695
2831 9 2 4 1 1383 715 1746 2504 2342 5313
2832 9 2 4 1 1302 470 1721 5930 2378 6038
2833 9 2 4 1 1200 578 1323 3753 4964 5985
2834 9 2 4 1 666 1267 1700 3956 3901 6039
2835 9 2 4 1 731 1211 1704 3650 6040 5260
2836 9 2 4 1 1142 631 1710 6032 4557 6041
2837 9 2 4 1 658 1348 1358 6042 6043 2116
2838 9 2 4 1 1348 657 1358 5920 6044 6043
2839 9 2 4 1 644 1283 1402 6045 6046 4980
2840 9 2 4 1 940 1259 1473 5201 6047 5457
2841 9 2 4 1 1011 1212 1655 5286 6048 5843
2842 9 2 4 1 436 1246 1611 4346 6014 6049
2843 9 2 4 1 1211 530 1704 3170 6050 6040
2844 9 2 4 1 1231 627 1528 4686 5977 6051
2845 9 2 4 1 1390 639 1391 4755 2853 6052
2846 9 2 4 1 700 1390 1391 6021 6052 4494
2847 9 2 4 1 636 1142 1667 3842 6053 5969
2848 9 2 4 1 1154 455 1638 4820 5987 2926
2849 9 2 4 1 548 1141 1592 5443 5333 5566
2850 9 2 4 1 1126 429 1737 5963 5913 3286
2851 9 2 4 1 282 1140 1677 2706 5571 5881
2852 9 2 4 1 1236 593 1751 3621 5834 4882
2853 9 2 4 1 1167 801 1558 3908 3731 5864
2854 9 2 4 1 634 1350 1703 5958 6054 3414
2855 9 2 4 1 1356 697 1423 6055 6056 6057
2856 9 2 4 1 610 1356 1423 5848 6057 6033
2857 9 2 4 1 637 1257 1485 6058 5897 5893
2858 9 2 4 1 520 1079 1553 2729 6059 5811
2859 9 2 4 1 996 1522 1682 5677 6060 5741
2860 9 2 4 1 444 1456 1577 5768 5999 4330
2861 9 2 4 1 451 1099 1471 1930 5818 5945
2862 9 2 4 1 1158 616 1594 2750 5626 5012
2863 9 2 4 1 411 1643 1732 5128 5972 6061
2864 9 2 4 1 437 1223 1505 6015 6062 2265
2865 9 2 4 1 1223 646 1505 6063 6064 6062
2866 9 2 4 1 709 1662 1685 6065 6066 5267
2867 9 2 4 1 1172 710 1531 2449 4418 5921
2868 9 2 4 1 547 1219 1499 2051 5839 6010
2869 9 2 4 1 1283 354 1402 5756 6067 6046
2870 9 2 4 1 605 1329 1422 5305 6068 5262
2871 9 2 4 1 1329 854 1422 4826 4867 6068
2872 9 2 4 1 1662 867 1685 6069 4631 6066
2873 9 2 4 1 1282 638 1541 5479 3886 5603
2874 9 2 4 1 701 1164 1682 3531 5991 6070
2875 9 2 4 1 775 1375 1681 5246 6071 3017
2876 9 2 4 1 1375 573 1681 5862 5582 6071
2877 9 2 4 1 1328 586 1540 3811 5989 6072
2878 9 2 4 1 615 1373 1374 6073 6074 4807
2879 9 2 4 1 646 1223 1506 6063 4893 4645
2880 9 2 4 1 534 1218 1413 5740 5871 4293
2881 9 2 4 1 1048 622 1622 4830 5902 3569
2882 9 2 4 1 398 1067 1500 4265 5162 1968
2883 9 2 4 1 1129 591 1686 5085 6075 5702
2884 9 2 4 1 1123 88 1669 5139 5289 5587
2885 9 2 4 1 133 1124 1668 5140 5590 5290
2886 9 2 4 1 496 1214 1544 5342 6025 4129
2887 9 2 4 1 1395 742 1456 5975 5997 6076
2888 9 2 4 1 632 1291 1732 5181 6077 6078
2889 9 2 4 1 883 1302 1721 5284 6038 3995
2890 9 2 4 1 600 1448 1544 2678 6079 6024
2891 9 2 4 1 1259 363 1473 3215 2742 6047
2892 9 2 4 1 1366 362 1675 4742 5836 6080
2893 9 2 4 1 1142 401 1667 6081 3672 6053
2894 9 2 4 1 576 1243 1538 5327 6082 6083
2895 9 2 4 1 640 1354 1729 5620 6084 6085
2896 9 2 4 1 721 1331 1610 5705 6086 6087
2897 9 2 4 1 1331 782 1610 2864 3701 6086
2898 9 2 4 1 1283 644 1453 6045 6017 5745
2899 9 2 4 1 990 339 1608 5117 5320 5993
2900 9 2 4 1 851 1273 1652 4724 4143 4803
2901 9 2 4 1 401 1142 1710 6081 6041 6034
2902 9 2 4 1 462 1231 1528 4467 6051 5065
2903 9 2 4 1 880 1300 1725 4967 5200 4769
2904 9 2 4 1 645 1360 1479 5577 6036 2769
2905 9 2 4 1 1416 364 1617 6088 3486 6089
2906 9 2 4 1 755 1416 1617 6090 6089 5135
2907 9 2 4 1 1373 708 1374 2902 5240 6074
2908 9 2 4 1 1482 504 1730 4907 5524 6091
2909 9 2 4 1 1150 281 1677 5170 5882 5592
2910 9 2 4 1 590 1032 1744 2707 5224 5637
2911 9 2 4 1 1243 643 1538 6092 4875 6082
2912 9 2 4 1 1274 749 1518 5446 4305 6093
2913 9 2 4 1 329 1274 1518 2268 6093 5627
2914 9 2 4 1 570 1194 1605 5322 5657 5297
2915 9 2 4 1 391 1178 1620 4999 6031 5541
2916 9 2 4 1 349 1136 1726 3478 4781 5091
2917 9 2 4 1 651 1182 1601 5392 5801 5105
2918 9 2 4 1 1183 650 1600 5393 5686 5802
2919 9 2 4 1 1310 749 1592 5827 5448 5499
2920 9 2 4 1 1348 658 1606 6042 6094 6095
2921 9 2 4 1 1357 598 1629 5885 1784 4361
2922 9 2 4 1 454 1175 1612 5338 5112 4471
2923 9 2 4 1 594 1041 1470 5190 5951 4421
2924 9 2 4 1 673 1442 1611 5462 6096 4094
2925 9 2 4 1 1415 597 1552 5145 4473 6097
2926 9 2 4 1 774 1336 1542 4550 3929 4019
2927 9 2 4 1 607 1280 1367 6098 6022 4572
2928 9 2 4 1 1162 680 1525 4280 5850 5984
2929 9 2 4 1 1416 658 1714 6099 2516 6100
2930 9 2 4 1 1285 390 1712 4923 5248 6101
2931 9 2 4 1 777 1566 1636 5077 6102 5032
2932 9 2 4 1 1150 676 1743 5828 6103 5171
2933 9 2 4 1 676 1202 1743 1777 5823 6103
2934 9 2 4 1 1472 640 1729 4178 6085 6104
2935 9 2 4 1 546 1132 1430 5395 2955 5208
2936 9 2 4 1 1392 632 1732 3596 6078 6105
2937 9 2 4 1 596 1304 1691 4775 5308 5607
2938 9 2 4 1 354 1173 1687 3315 6106 6107
2939 9 2 4 1 1173 672 1687 4851 5445 6106
2940 9 2 4 1 720 1371 1376 4675 5907 5909
2941 9 2 4 1 1344 638 1502 3098 5612 5944
2942 9 2 4 1 583 1120 1466 5406 5606 5060
2943 9 2 4 1 1243 393 1692 5329 5633 6108
2944 9 2 4 1 680 1433 1734 6109 6110 5851
2945 9 2 4 1 1358 657 1664 6044 5125 6111
2946 9 2 4 1 668 1193 1596 2905 6112 2617
2947 9 2 4 1 1302 695 1475 5366 6113 5931
2948 9 2 4 1 658 1416 1606 6099 6114 6094
2949 9 2 4 1 1257 637 1671 6058 6115 6116
2950 9 2 4 1 1212 359 1655 2989 6117 6048
2951 9 2 4 1 1296 669 1554 5960 5995 6118
2952 9 2 4 1 643 1243 1692 6092 6108 6119
2953 9 2 4 1 1051 691 1638 3735 2783 5986
2954 9 2 4 1 615 1372 1373 4023 6120 6073
2955 9 2 4 1 568 1324 1548 4843 6121 5064
2956 9 2 4 1 1324 783 1548 5415 2987 6121
2957 9 2 4 1 392 1257 1671 5477 6116 5658
2958 9 2 4 1 636 1395 1456 5943 6076 3843
2959 9 2 4 1 564 1068 1650 5348 5055 4827
2960 9 2 4 1 1433 680 1434 6109 3244 6122
2961 9 2 4 1 422 1296 1554 5674 6118 1926
2962 9 2 4 1 1272 620 1578 2400 5953 4372
2963 9 2 4 1 678 1062 1612 5666 4942 5111
2964 9 2 4 1 1693 841 1729 5045 6123 6124
2965 9 2 4 1 494 1298 1533 6125 5905 6008
2966 9 2 4 1 1232 406 1653 5156 5981 5141
2967 9 2 4 1 1369 576 1538 5846 6083 6126
2968 9 2 4 1 1155 734 1616 5730 4001 5195
2969 9 2 4 1 567 1171 1587 6127 5410 3395
2970 9 2 4 1 769 1328 1540 3517 6072 3428
2971 9 2 4 1 1206 667 1735 1974 5770 3852
2972 9 2 4 1 793 1254 1657 3912 5427 2784
2973 9 2 4 1 620 1445 1620 3391 6128 6030
2974 9 2 4 1 200 1185 1641 3156 6129 5605
2975 9 2 4 1 1393 604 1494 4933 4407 5988
2976 9 2 4 1 1416 755 1606 6090 5966 6114
2977 9 2 4 1 685 1417 1660 6130 5703 5651
2978 9 2 4 1 819 1392 1732 5937 6105 5971
2979 9 2 4 1 426 1423 1680 5940 6131 2371
2980 9 2 4 1 671 1279 1626 4551 6132 5910
2981 9 2 4 1 429 1693 1729 5964 6124 6133
2982 9 2 4 1 1414 721 1610 5213 6087 6134
2983 9 2 4 1 459 1414 1610 5858 6134 4133
2984 9 2 4 1 1371 415 1585 4043 6135 5668
2985 9 2 4 1 1372 397 1373 2346 2299 6120
2986 9 2 4 1 1459 818 1723 5163 5318 5797
2987 9 2 4 1 860 1369 1538 4881 6126 4874
2988 9 2 4 1 1279 273 1626 5434 5430 6132
2989 9 2 4 1 709 1347 1662 4237 6136 6065
2990 9 2 4 1 411 1245 1749 5418 5151 5287
2991 9 2 4 1 1298 494 1711 6125 5490 2037
2992 9 2 4 1 1429 682 1527 5928 6137 6138
2993 9 2 4 1 807 1493 1635 3566 6139 3515
2994 9 2 4 1 1493 506 1635 3979 5413 6139
2995 9 2 4 1 1347 589 1662 2301 6140 6136
2996 9 2 4 1 1303 760 1705 2260 5537 6027
2997 9 2 4 1 421 1429 1527 3177 6138 2580
2998 9 2 4 1 371 1175 1728 3752 6003 6005
2999 9 2 4 1 1270 697 1656 2882 6141 4989
3000 9 2 4 1 561 1320 1726 2334 5092 3952
3001 9 2 4 1 1264 619 1674 5750 3436 6019
3002 9 2 4 1 1401 679 1750 3125 6142 3769
3003 9 2 4 1 1448 768 1544 5010 4389 6079
3004 9 2 4 1 1280 607 1684 6098 3495 6143
3005 9 2 4 1 1445 875 1620 5044 5502 6128
3006 9 2 4 1 684 1321 1618 4077 6144 2813
3007 9 2 4 1 600 1214 1468 6023 6029 5386
3008 9 2 4 1 1321 337 1618 4480 5688 6144
3009 9 2 4 1 1507 915 1666 5384 5325 6145
3010 9 2 4 1 445 1507 1666 5266 6145 6011
3011 9 2 4 1 682 1497 1527 6146 6147 6137
3012 9 2 4 1 590 1280 1684 5636 6143 6148
3013 9 2 4 1 1699 666 1700 5039 6039 6149
3014 9 2 4 1 965 1699 1700 5712 6149 5713
3015 9 2 4 1 448 1348 1606 5919 6095 6026
3016 9 2 4 1 1432 802 1731 5273 3434 6150
3017 9 2 4 1 834 1482 1730 3943 6091 5450
3018 9 2 4 1 528 1497 1716 5565 6151 6004
3019 9 2 4 1 917 1432 1731 5474 6150 4218
3020 9 2 4 1 415 1193 1585 6152 4383 6135
3021 9 2 4 1 1218 360 1663 5690 6153 5867
3022 9 2 4 1 1427 733 1665 2034 5772 6154
3023 9 2 4 1 617 1427 1665 5133 6154 6012
3024 9 2 4 1 1497 724 1527 5563 2391 6147
3025 9 2 4 1 729 1434 1535 6155 6028 4790
3026 9 2 4 1 973 1417 1661 5643 6156 5734
3027 9 2 4 1 1438 395 1568 2642 5280 6037
3028 9 2 4 1 1171 567 1709 6127 6007 4917
3029 9 2 4 1 822 1213 1590 4395 3893 5192
3030 9 2 4 1 1368 630 1593 5197 1995 5416
3031 9 2 4 1 359 1432 1655 5274 6002 6117
3032 9 2 4 1 530 1309 1704 4627 5817 6050
3033 9 2 4 1 1291 411 1732 5419 6061 6077
3034 9 2 4 1 697 1356 1656 6055 6157 6141
3035 9 2 4 1 1356 353 1656 6158 5556 6157
3036 9 2 4 1 1193 415 1596 6152 5619 6112
3037 9 2 4 1 741 1577 1670 4333 6159 2164
3038 9 2 4 1 413 1358 1664 3134 6111 5955
3039 9 2 4 1 637 1503 1671 3580 6160 6115
3040 9 2 4 1 747 1285 1712 4757 6101 5816
3041 9 2 4 1 1519 398 1520 4266 4953 6161
3042 9 2 4 1 1442 436 1611 4317 6049 6096
3043 9 2 4 1 729 1433 1434 3222 6122 6155
3044 9 2 4 1 1496 483 1748 4802 5822 6162
3045 9 2 4 1 1263 579 1619 3144 5869 5704
3046 9 2 4 1 646 1366 1675 4577 6080 6163
3047 9 2 4 1 97 1580 1648 5486 6164 5922
3048 9 2 4 1 1580 124 1649 5487 5923 6165
3049 9 2 4 1 1350 420 1703 2866 4466 6054
3050 9 2 4 1 1505 646 1675 6064 6163 6166
3051 9 2 4 1 748 1505 1675 2209 6166 6006
3052 9 2 4 1 1079 1511 1553 5874 6167 6059
3053 9 2 4 1 780 1519 1520 4798 6161 4624
3054 9 2 4 1 679 1385 1750 3564 4652 6142
3055 9 2 4 1 1433 434 1734 2823 6168 6110
3056 9 2 4 1 1566 706 1636 5968 5732 6102
3057 9 2 4 1 1354 429 1729 5737 6133 6084
3058 9 2 4 1 676 1491 1690 5830 5787 1766
3059 9 2 4 1 551 1564 1624 5959 5990 5789
3060 9 2 4 1 1421 837 1686 4634 4518 6169
3061 9 2 4 1 591 1421 1686 3874 6169 6075
3062 9 2 4 1 353 1356 1738 6158 5849 5906
3063 9 2 4 1 661 1185 1741 6170 4912 5854
3064 9 2 4 1 1580 765 1648 6171 4546 6164
3065 9 2 4 1 765 1580 1649 6171 6165 4547
3066 9 2 4 1 1417 685 1661 6130 5898 6156
3067 9 2 4 1 1423 697 1680 6056 5773 6131
3068 9 2 4 1 665 1475 1595 3291 6172 4869
3069 9 2 4 1 417 1415 1552 5409 6097 5865
3070 9 2 4 1 589 1637 1662 5769 6173 6140
3071 9 2 4 1 1637 867 1662 4837 6069 6173
3072 9 2 4 1 1402 354 1687 6067 6107 5810
3073 9 2 4 1 360 1603 1663 5838 6174 6153
3074 9 2 4 1 1565 643 1692 5837 6119 6175
3075 9 2 4 1 682 1443 1716 5795 5676 6176
3076 9 2 4 1 364 1416 1714 6088 6100 4422
3077 9 2 4 1 841 1472 1729 4699 6104 6123
3078 9 2 4 1 1185 661 1641 6170 4509 6129
3079 9 2 4 1 681 1330 1719 4311 5924 5422
3080 9 2 4 1 1262 414 1740 5243 5595 3640
3081 9 2 4 1 590 1684 1713 6148 6177 3475
3082 9 2 4 1 1503 911 1671 5282 5680 6160
3083 9 2 4 1 1169 663 1711 5649 2445 5489
3084 9 2 4 1 1497 682 1716 6146 6176 6151
3085 9 2 4 1 1489 895 1634 6001 5682 5803
3086 9 2 4 1 1577 742 1670 5998 3645 6159
3087 9 2 4 1 910 1565 1692 5283 6175 5654
3088 9 2 4 1 1579 191 1747 4329 5600 6178
3089 9 2 4 1 1475 695 1595 6113 6179 6172
3090 9 2 4 1 693 1579 1747 5551 6178 5184
3091 9 2 4 1 789 1496 1748 3255 6162 4505
3092 9 2 4 1 1511 675 1553 5596 5941 6167
3093 9 2 4 1 1614 777 1745 5078 5154 6180
3094 9 2 4 1 1522 701 1682 4846 6070 6060
3095 9 2 4 1 512 1614 1745 5895 6180 4492
3096 9 2 4 1 1621 692 1724 3705 5932 5875
3097 9 2 4 1 1603 796 1663 5323 4633 6174
3098 9 2 4 1 1595 695 1734 6179 5927 6181
3099 9 2 4 1 1684 776 1713 3494 4269 6177
3100 9 2 4 1 434 1595 1734 5493 6181 6168
$EndElements
